reporter_name,person_involved,incident_date,incident_time,department,incident_description,location,label,was_injured,injury_description
Avery Robinson,Frankie Smith,12 March 2025,12:33,Health & Safety,Exposure to high-voltage wiring led to concussion.,Paint Shop,Accident,Yes,Dislocated shoulder during equipment maintenance
Avery Lewis,Peyton Parker,23 November 2024,23:41,Dockyard Operations,Exposure to toxic fumes led to burns.,Electrical Bay,Accident,Yes,Hearing damage from loud machinery
Skyler Parker,Sydney Bailey,22 June 2024,04:05,Environmental Services,Exposure to asbestos led to burns.,Fleet Garage,Accident,Yes,Minor cuts and bruises
Jordan Pearson,Finley Lewis,04 May 2025,21:10,Legal,"grinder malfunction caused a steel beam to drop, injuring a contractor.",Main Gate Security,Accident,Yes,Fractured wrist from fall on wet surface
Kai Clark,Sawyer Ward,30 June 2025,06:45,Communications,Exposure to toxic fumes led to burns.,Main Gate Security,Accident,Yes,Hearing damage from loud machinery
Kai Smith,Blake Brown,11 July 2025,02:44,Finance,"crane malfunction caused a steel beam to drop, injuring a contractor.",Tool Crib,Accident,Yes,Puncture wound from misplaced tool
Drew Reed,Riley Hughes,09 September 2024,11:08,Communications,Exposure to toxic fumes led to burns.,Tool Crib,Accident,Yes,Compressed air injury during maintenance
Avery Clark,Dakota Smith,31 July 2025,10:01,IT,"Worker fell from ladder while welding, resulting in burns.",Fleet Garage,Accident,Yes,Electric shock from faulty wiring
Quinn Mitchell,Kai Morgan,01 April 2025,05:26,Quality Assurance,"grinder malfunction caused electrical fire, injuring a contractor.",Shipyard Pier,Accident,Yes,Fractured wrist from fall on wet surface
Peyton Clark,Charlie Fisher,13 May 2025,03:02,Dockyard Operations,"forklift malfunction caused electrical fire, injuring a contractor.",Electrical Bay,Accident,Yes,Fractured wrist from fall on wet surface
Kai Brown,Jordan Walker,08 March 2024,17:49,Fleet Management,"grinder malfunction caused electrical fire, injuring two workers.",Warehouse B,Accident,Yes,Chemical burn from solvent exposure
Harper Robinson,Rowan Johnson,28 February 2024,19:06,Engineering,"grinder malfunction caused electrical fire, injuring a contractor.",Office - Admin Block,Accident,Yes,Dislocated shoulder during equipment maintenance
Rowan Bennett,Avery Holmes,01 December 2024,11:31,Warehouse,Exposure to high-voltage wiring led to burns.,Maintenance Shed,Accident,Yes,Trip hazard fall resulting in bruising
Harper Lewis,Rowan Pearson,28 June 2025,21:21,Security,"grinder malfunction caused a steel beam to drop, injuring the operator.",Dry Dock 2,Accident,Yes,Eye irritation from chemical fumes
Sydney Graham,Jordan Holmes,13 September 2024,21:15,IT,"grinder malfunction caused electrical fire, injuring two workers.",Electrical Bay,Accident,Yes,Heat exhaustion from prolonged outdoor work
Jesse Clark,Avery Kennedy,10 September 2024,06:41,Environmental Services,Exposure to asbestos led to concussion.,Office - Admin Block,Accident,Yes,Fractured ankle due to fall from scaffolding
Emerson Mitchell,Spencer Foster,14 January 2025,10:50,Customer Service,"Worker fell from ladder while welding, resulting in burns.",Main Gate Security,Accident,Yes,Chemical burn from solvent exposure
Elliot Payne,Kai Lewis,10 November 2024,07:51,Finance,"Worker fell from scaffolding while painting, resulting in burns.",Reception Area,Accident,Yes,Smoke inhalation from fire in electrical bay
Morgan Bailey,Reese Lee,19 May 2025,17:45,Dockyard Operations,"forklift malfunction caused a fuel leak, injuring the operator.",Dry Dock 1,Accident,Yes,Eye irritation from chemical fumes
Alex Robinson,Finley Foster,08 February 2024,20:47,Fleet Management,Exposure to high-voltage wiring led to concussion.,Dockyard North,Accident,Yes,Smoke inhalation from fire in electrical bay
Drew Clark,Emerson Kennedy,29 April 2024,04:20,Engineering,"Worker fell from scaffolding while repairing the hull, resulting in burns.",Reception Area,Accident,Yes,Smoke inhalation from fire in electrical bay
Rowan West,Kai Foster,13 July 2025,01:10,Operations,Exposure to toxic fumes led to burns.,Paint Shop,Accident,Yes,Fractured wrist from fall on wet surface
Chris Murray,Peyton West,25 May 2025,19:48,Health & Safety,Exposure to toxic fumes led to concussion.,Dockyard North,Accident,Yes,Compressed air injury during maintenance
Frankie Pearson,Charlie Reed,13 January 2024,07:42,IT,Exposure to high-voltage wiring led to a fractured leg.,Dockyard North,Accident,Yes,Crush injury to hand from hydraulic press
Alex Lee,Frankie Smith,15 December 2024,09:40,Communications,Exposure to asbestos led to concussion.,Dockyard North,Accident,Yes,Foreign object in eye from grinding debris
Jordan Clark,Elliot Payne,11 March 2024,15:38,HR,"Worker fell from ship deck while welding, resulting in burns.",Paint Shop,Accident,Yes,Hearing damage from loud machinery
Quinn Mitchell,Reese Bailey,13 December 2024,13:32,Engineering,"Worker fell from ship deck while painting, resulting in a fractured leg.",Warehouse B,Accident,Yes,Eye irritation from chemical fumes
Sawyer Robinson,Avery West,26 September 2024,01:52,Operations,Exposure to asbestos led to a fractured leg.,Main Gate Security,Accident,Yes,Burn from hot welding equipment
Dakota Bailey,Charlie Reed,27 March 2025,01:38,Operations,"Worker fell from ship deck while welding, resulting in a fractured leg.",Dockyard North,Accident,Yes,Smoke inhalation from fire in electrical bay
Finley Murray,Casey Payne,14 April 2025,12:27,Engineering,Exposure to high-voltage wiring led to a fractured leg.,Electrical Bay,Accident,Yes,Concussion from falling object
Reese Morgan,Chris Holmes,05 August 2024,11:42,HR,"crane malfunction caused a fuel leak, injuring a contractor.",Reception Area,Accident,Yes,Concussion from falling object
Casey Graham,Quinn Walker,13 December 2024,05:47,IT,"grinder malfunction caused a fuel leak, injuring a contractor.",Shipyard Pier,Accident,Yes,Heat exhaustion from prolonged outdoor work
Alex Payne,Jamie Lewis,05 April 2024,03:51,Communications,"Worker fell from ladder while welding, resulting in concussion.",Dry Dock 2,Accident,Yes,Foreign object in eye from grinding debris
Kai Reed,Sawyer Parker,11 October 2024,23:56,IT,"Worker fell from ship deck while repairing the hull, resulting in a fractured leg.",Maintenance Shed,Accident,Yes,Eye irritation from chemical fumes
Spencer Lee,Rowan Murphy,08 December 2024,11:54,Warehouse,Exposure to high-voltage wiring led to concussion.,Reception Area,Accident,Yes,Dislocated shoulder during equipment maintenance
Skyler Cooper,Rowan Lee,09 January 2024,07:17,Communications,Exposure to high-voltage wiring led to burns.,Dockyard North,Accident,Yes,Fractured ankle due to fall from scaffolding
Spencer West,Blake Lee,19 February 2025,15:53,IT,"Worker fell from scaffolding while welding, resulting in a fractured leg.",Tool Crib,Accident,Yes,Laceration from sharp metal panel
Quinn Mitchell,Dakota Smith,06 May 2025,04:10,Research & Development,"forklift malfunction caused a steel beam to drop, injuring a contractor.",Dry Dock 1,Accident,Yes,Puncture wound from misplaced tool
Drew Hughes,Kai Sullivan,14 April 2024,21:45,IT,Exposure to high-voltage wiring led to concussion.,Fleet Garage,Accident,Yes,Hearing damage from loud machinery
Quinn Bailey,Cameron Reed,10 July 2024,15:44,Security,"grinder malfunction caused a steel beam to drop, injuring a contractor.",Warehouse A,Accident,Yes,Severe abrasion from slip on deck
Drew Pearson,Logan Murray,29 July 2024,10:53,Operations,"grinder malfunction caused a steel beam to drop, injuring a contractor.",Cafeteria,Accident,Yes,Foreign object in eye from grinding debris
Alex Pearson,Casey Clark,07 June 2025,22:48,Finance,"forklift malfunction caused a fuel leak, injuring two workers.",Dry Dock 1,Accident,Yes,Concussion from falling object
Reese Pearson,Emerson Murphy,28 September 2024,00:57,Security,Exposure to toxic fumes led to a fractured leg.,Maintenance Shed,Accident,Yes,Concussion from falling object
Charlie Walker,Jamie Bennett,23 August 2024,10:25,Dockyard Operations,"crane malfunction caused a fuel leak, injuring a contractor.",Paint Shop,Accident,Yes,Fractured wrist from fall on wet surface
Jamie Brown,Morgan Sullivan,18 August 2025,12:05,Research & Development,"Worker fell from ladder while painting, resulting in concussion.",Main Gate Security,Accident,Yes,Heat exhaustion from prolonged outdoor work
Blake Ward,Chris Fisher,06 April 2025,00:06,Facilities,Exposure to asbestos led to a fractured leg.,Electrical Bay,Accident,Yes,Foreign object in eye from grinding debris
Sawyer Pearson,Chris Brown,06 January 2025,06:15,Dockyard Operations,"forklift malfunction caused electrical fire, injuring a contractor.",Electrical Bay,Accident,Yes,Eye irritation from chemical fumes
Logan Pearson,Jordan Morgan,05 June 2025,23:53,Operations,Exposure to toxic fumes led to burns.,Fuel Depot,Accident,Yes,Crush injury to hand from hydraulic press
Taylor Bailey,Rowan Sullivan,22 December 2024,12:42,Security,"crane malfunction caused a fuel leak, injuring a contractor.",Electrical Bay,Accident,Yes,Trip hazard fall resulting in bruising
Harper Parker,Sydney Clark,18 April 2024,00:20,Warehouse,"crane malfunction caused a steel beam to drop, injuring the operator.",IT Server Room,Accident,Yes,Concussion from falling object
Avery Bennett,Jamie Murray,08 June 2025,23:25,Warehouse,"Worker fell from scaffolding while welding, resulting in a fractured leg.",Reception Area,Accident,Yes,Concussion from falling object
Finley Lee,Emerson Sullivan,18 July 2024,18:30,Environmental Services,Exposure to high-voltage wiring led to burns.,Maintenance Shed,Accident,Yes,Smoke inhalation from fire in electrical bay
Sawyer Lee,Sydney Clark,06 May 2025,01:14,Procurement,Exposure to high-voltage wiring led to a fractured leg.,Training Room,Accident,Yes,Dislocated shoulder during equipment maintenance
Avery Clark,Finley Hughes,24 December 2024,18:56,Logistics,"Worker fell from scaffolding while repairing the hull, resulting in burns.",Warehouse B,Accident,Yes,Burn from hot welding equipment
Blake Graham,Taylor Bailey,13 April 2025,05:16,Health & Safety,"crane malfunction caused a steel beam to drop, injuring a contractor.",IT Server Room,Accident,Yes,Minor cuts and bruises
Quinn Pearson,Alex Sullivan,06 June 2024,04:35,Procurement,"forklift malfunction caused electrical fire, injuring the operator.",Reception Area,Accident,Yes,Concussion from falling object
Jesse Reed,Chris Morgan,31 March 2025,03:35,Dockyard Operations,"Worker fell from ladder while painting, resulting in burns.",Dry Dock 1,Accident,Yes,Trip hazard fall resulting in bruising
Blake Ward,Taylor Cooper,22 March 2025,11:37,Finance,"forklift malfunction caused electrical fire, injuring a contractor.",Warehouse A,Accident,Yes,Smoke inhalation from fire in electrical bay
Finley Parker,Kai Lee,23 June 2025,15:44,Security,"crane malfunction caused a fuel leak, injuring two workers.",Training Room,Accident,Yes,Fractured ankle due to fall from scaffolding
Reese Holmes,Kai Brown,23 October 2024,04:08,Communications,"Worker fell from ladder while welding, resulting in concussion.",Main Gate Security,Accident,Yes,Back strain from improper lifting
Taylor Fisher,Morgan Ward,17 March 2025,08:35,Ship Maintenance,"Worker fell from scaffolding while repairing the hull, resulting in a fractured leg.",Cafeteria,Accident,Yes,Hearing damage from loud machinery
Riley Hughes,Avery Foster,24 October 2024,22:55,Legal,"Worker fell from scaffolding while repairing the hull, resulting in burns.",Reception Area,Accident,Yes,Laceration from sharp metal panel
Rowan Hughes,Harper Johnson,27 April 2024,08:30,Finance,"Worker fell from ship deck while welding, resulting in burns.",Engineering Workshop,Accident,Yes,Puncture wound from misplaced tool
Quinn Johnson,Reese Davis,27 May 2024,06:09,Research & Development,Exposure to asbestos led to a fractured leg.,Office - Admin Block,Accident,Yes,Chemical burn from solvent exposure
Finley Lee,Sydney Pearson,14 September 2024,08:10,Quality Assurance,"crane malfunction caused electrical fire, injuring the operator.",Main Gate Security,Accident,Yes,Hearing damage from loud machinery
Morgan Ward,Drew Walker,15 March 2025,19:56,Engineering,"Worker fell from ship deck while painting, resulting in burns.",IT Server Room,Accident,Yes,Laceration from sharp metal panel
Cameron Graham,Elliot Lee,21 October 2024,17:49,Customer Service,Exposure to high-voltage wiring led to a fractured leg.,Main Gate Security,Accident,Yes,Back strain from improper lifting
Jamie Hughes,Taylor Bailey,23 May 2024,12:07,Logistics,Exposure to high-voltage wiring led to burns.,Reception Area,Accident,Yes,Crush injury to hand from hydraulic press
Sydney Bennett,Logan Graham,27 December 2024,01:09,Finance,"forklift malfunction caused a fuel leak, injuring two workers.",Dockyard North,Accident,Yes,Concussion from falling object
Emerson Smith,Chris Sullivan,30 May 2024,18:49,Health & Safety,Exposure to toxic fumes led to concussion.,Maintenance Shed,Accident,Yes,Trip hazard fall resulting in bruising
Cameron Smith,Harper Parker,01 August 2025,03:44,Training & Development,Exposure to high-voltage wiring led to a fractured leg.,Main Gate Security,Accident,Yes,Heat exhaustion from prolonged outdoor work
Skyler Fisher,Drew Kennedy,14 May 2024,19:34,Research & Development,"forklift malfunction caused electrical fire, injuring a contractor.",Cafeteria,Accident,Yes,Eye irritation from chemical fumes
Frankie Graham,Jesse Foster,13 September 2024,02:00,Communications,Exposure to toxic fumes led to a fractured leg.,Engineering Workshop,Accident,Yes,Smoke inhalation from fire in electrical bay
Drew Bailey,Harper Payne,13 June 2024,04:30,Health & Safety,"crane malfunction caused electrical fire, injuring a contractor.",Main Gate Security,Accident,Yes,Dislocated shoulder during equipment maintenance
Quinn Holmes,Elliot Lee,08 July 2024,10:35,Procurement,"grinder malfunction caused a fuel leak, injuring a contractor.",Office - Admin Block,Accident,Yes,Back strain from improper lifting
Emerson Ward,Avery Walker,08 July 2024,03:05,Security,Exposure to asbestos led to concussion.,Maintenance Shed,Accident,Yes,Fractured ankle due to fall from scaffolding
Rowan Johnson,Peyton Allen,03 November 2024,13:03,Legal,Exposure to asbestos led to a fractured leg.,Warehouse B,Accident,Yes,Minor cuts and bruises
Frankie Fisher,Logan Bailey,12 January 2025,20:12,IT,Exposure to asbestos led to burns.,Cafeteria,Accident,Yes,Fractured wrist from fall on wet surface
Cameron Morgan,Skyler Morgan,02 April 2025,01:42,Finance,"crane malfunction caused electrical fire, injuring the operator.",Dockyard South,Accident,Yes,Crush injury to hand from hydraulic press
Finley Mitchell,Taylor Lewis,03 February 2025,20:58,Logistics,"grinder malfunction caused a fuel leak, injuring the operator.",Main Gate Security,Accident,Yes,Compressed air injury during maintenance
Sydney Bennett,Taylor Pearson,15 June 2025,15:11,Security,"Worker fell from ladder while welding, resulting in a fractured leg.",Engineering Workshop,Accident,Yes,Dislocated shoulder during equipment maintenance
Taylor Mitchell,Sawyer Cooper,05 September 2024,08:04,Training & Development,"Worker fell from scaffolding while welding, resulting in concussion.",Reception Area,Accident,Yes,Foreign object in eye from grinding debris
Chris Payne,Riley Pearson,07 March 2024,12:41,Ship Maintenance,"Worker fell from ladder while welding, resulting in a fractured leg.",Cafeteria,Accident,Yes,Burn from hot welding equipment
Kai Robinson,Jesse Sullivan,21 July 2024,09:09,HR,Exposure to asbestos led to burns.,Shipyard Pier,Accident,Yes,Foreign object in eye from grinding debris
Alex Murray,Cameron Clark,23 April 2024,05:14,Customer Service,"forklift malfunction caused electrical fire, injuring two workers.",Electrical Bay,Accident,Yes,Puncture wound from misplaced tool
Dakota Robinson,Peyton Walker,20 June 2025,23:24,Quality Assurance,Exposure to toxic fumes led to concussion.,Training Room,Accident,Yes,Eye irritation from chemical fumes
Chris Mitchell,Casey Mitchell,26 August 2024,13:24,HR,"Worker fell from scaffolding while welding, resulting in a fractured leg.",Fuel Depot,Accident,Yes,Trip hazard fall resulting in bruising
Taylor Clark,Quinn Parker,15 January 2024,05:17,Finance,"Worker fell from ladder while welding, resulting in concussion.",Fuel Depot,Accident,Yes,Minor cuts and bruises
Rowan Murray,Reese Graham,13 August 2025,20:53,Engineering,Exposure to toxic fumes led to burns.,Dockyard North,Accident,Yes,Electric shock from faulty wiring
Casey Sullivan,Taylor Pearson,19 August 2025,12:02,Ship Maintenance,"forklift malfunction caused a fuel leak, injuring two workers.",Maintenance Shed,Accident,Yes,Fractured wrist from fall on wet surface
Blake Murphy,Drew Bennett,05 April 2025,12:26,Ship Maintenance,"grinder malfunction caused electrical fire, injuring the operator.",Training Room,Accident,Yes,Burn from hot welding equipment
Logan Lewis,Harper Clark,24 October 2024,16:56,Facilities,"crane malfunction caused a fuel leak, injuring a contractor.",Training Room,Accident,Yes,Fractured ankle due to fall from scaffolding
Taylor Lewis,Jamie Murray,17 July 2024,22:14,Legal,Exposure to asbestos led to burns.,Cafeteria,Accident,Yes,Compressed air injury during maintenance
Morgan Clark,Spencer West,17 February 2025,11:34,Procurement,"forklift malfunction caused electrical fire, injuring a contractor.",Engineering Workshop,Accident,Yes,Back strain from improper lifting
Frankie Fisher,Kai Murphy,07 April 2024,02:16,Ship Maintenance,"grinder malfunction caused electrical fire, injuring a contractor.",Tool Crib,Accident,Yes,Eye irritation from chemical fumes
Charlie Graham,Reese Smith,07 August 2025,17:43,HR,"Worker fell from ship deck while repairing the hull, resulting in burns.",Dry Dock 1,Accident,Yes,Hearing damage from loud machinery
Dakota Bailey,Sawyer Cooper,23 May 2024,14:36,Procurement,"grinder malfunction caused electrical fire, injuring two workers.",Dry Dock 2,Accident,Yes,Fractured ankle due to fall from scaffolding
Reese Murray,Alex Brown,26 April 2024,00:10,Facilities,"Worker fell from ship deck while welding, resulting in concussion.",Dry Dock 2,Accident,Yes,Compressed air injury during maintenance
Rowan Kennedy,Jordan Murray,04 March 2025,02:25,Customer Service,"Worker fell from ship deck while repairing the hull, resulting in a fractured leg.",Dry Dock 1,Accident,Yes,Chemical burn from solvent exposure
Sawyer Reed,Harper Walker,21 July 2025,11:36,Procurement,Exposure to asbestos led to a fractured leg.,Warehouse A,Accident,Yes,Foreign object in eye from grinding debris
Emerson Holmes,Alex Davis,20 February 2024,12:18,Communications,Exposure to toxic fumes led to a fractured leg.,Cafeteria,Accident,Yes,Smoke inhalation from fire in electrical bay
Charlie Clark,Skyler Brown,08 December 2024,09:23,Dockyard Operations,Exposure to high-voltage wiring led to a fractured leg.,Fuel Depot,Accident,Yes,Severe abrasion from slip on deck
Jordan Ward,Drew Bailey,31 May 2024,04:55,Quality Assurance,"Worker fell from ship deck while repairing the hull, resulting in a fractured leg.",Dockyard South,Accident,Yes,Fractured ankle due to fall from scaffolding
Blake Foster,Emerson Bennett,30 July 2024,03:16,Communications,Exposure to asbestos led to a fractured leg.,Reception Area,Accident,Yes,Foreign object in eye from grinding debris
Cameron Brown,Quinn Mitchell,01 June 2025,06:35,Ship Maintenance,"crane malfunction caused a fuel leak, injuring a contractor.",Dockyard South,Accident,Yes,Eye irritation from chemical fumes
Finley Murphy,Kai Ward,26 June 2025,21:56,Communications,Exposure to high-voltage wiring led to concussion.,Electrical Bay,Accident,Yes,Fractured wrist from fall on wet surface
Jamie Payne,Spencer West,15 October 2024,09:44,HR,Exposure to toxic fumes led to concussion.,Fuel Depot,Accident,Yes,Fractured ankle due to fall from scaffolding
Rowan Pearson,Peyton Reed,22 July 2024,07:31,Quality Assurance,"forklift malfunction caused a fuel leak, injuring the operator.",Fleet Garage,Accident,Yes,Laceration from sharp metal panel
Elliot Mitchell,Taylor Brown,12 January 2025,04:04,Engineering,Exposure to high-voltage wiring led to burns.,Warehouse B,Accident,Yes,Severe abrasion from slip on deck
Reese Hughes,Rowan Bennett,16 May 2025,03:20,Operations,"grinder malfunction caused a steel beam to drop, injuring two workers.",Dockyard South,Accident,Yes,Chemical burn from solvent exposure
Frankie Foster,Sawyer Murphy,08 March 2024,13:19,Security,"Worker fell from scaffolding while repairing the hull, resulting in a fractured leg.",Dockyard South,Accident,Yes,Hearing damage from loud machinery
Sydney Lee,Alex Graham,01 July 2025,07:42,Operations,"forklift malfunction caused a fuel leak, injuring the operator.",Office - Admin Block,Accident,Yes,Severe abrasion from slip on deck
Riley Cooper,Jesse Davis,27 June 2024,22:05,Research & Development,Exposure to toxic fumes led to burns.,Dockyard North,Accident,Yes,Severe abrasion from slip on deck
Chris Parker,Spencer Johnson,10 June 2024,08:51,Finance,"Worker fell from ship deck while painting, resulting in burns.",Warehouse A,Accident,Yes,Trip hazard fall resulting in bruising
Harper Smith,Taylor Parker,06 February 2024,05:01,Logistics,"grinder malfunction caused a steel beam to drop, injuring the operator.",Tool Crib,Accident,Yes,Burn from hot welding equipment
Jesse Payne,Kai Walker,14 July 2024,16:55,Facilities,"grinder malfunction caused a steel beam to drop, injuring the operator.",Engineering Workshop,Accident,Yes,Dislocated shoulder during equipment maintenance
Peyton Bennett,Chris Murray,17 February 2024,09:11,Customer Service,"crane malfunction caused electrical fire, injuring two workers.",Training Room,Accident,Yes,Smoke inhalation from fire in electrical bay
Frankie Ward,Sawyer Hughes,28 January 2024,22:07,Dockyard Operations,"forklift malfunction caused electrical fire, injuring two workers.",Fuel Depot,Accident,Yes,Compressed air injury during maintenance
Sawyer Bailey,Sawyer West,16 June 2024,05:36,HR,Exposure to high-voltage wiring led to a fractured leg.,Paint Shop,Accident,Yes,Concussion from falling object
Drew Mitchell,Charlie Lee,20 November 2024,13:22,Training & Development,Exposure to asbestos led to a fractured leg.,Dockyard South,Accident,Yes,Severe abrasion from slip on deck
Kai Bailey,Blake Payne,17 August 2025,18:31,HR,"Worker fell from ship deck while welding, resulting in burns.",Main Gate Security,Accident,Yes,Dislocated shoulder during equipment maintenance
Reese Kennedy,Quinn Smith,18 December 2024,20:19,Logistics,"Worker fell from ship deck while painting, resulting in concussion.",Warehouse B,Accident,Yes,Concussion from falling object
Reese Robinson,Sawyer Smith,11 April 2024,13:45,Security,Exposure to high-voltage wiring led to a fractured leg.,Engineering Workshop,Accident,Yes,Heat exhaustion from prolonged outdoor work
Casey Morgan,Alex Johnson,11 March 2025,03:55,Warehouse,"forklift malfunction caused electrical fire, injuring a contractor.",Office - Admin Block,Accident,Yes,Heat exhaustion from prolonged outdoor work
Jamie Parker,Logan Allen,08 June 2024,23:39,Finance,"forklift malfunction caused a fuel leak, injuring a contractor.",Fuel Depot,Accident,Yes,Laceration from sharp metal panel
Emerson Murray,Jesse Hughes,25 July 2024,10:28,Procurement,Exposure to asbestos led to a fractured leg.,Tool Crib,Accident,Yes,Back strain from improper lifting
Chris West,Drew Fisher,22 August 2024,08:28,Facilities,Exposure to asbestos led to burns.,Fuel Depot,Accident,Yes,Crush injury to hand from hydraulic press
Elliot Murphy,Sydney Hughes,02 October 2024,04:51,Warehouse,"Worker fell from scaffolding while repairing the hull, resulting in concussion.",Warehouse B,Accident,Yes,Eye irritation from chemical fumes
Dakota Kennedy,Jesse Bennett,06 June 2024,03:36,Warehouse,"Worker fell from ship deck while repairing the hull, resulting in concussion.",Engineering Workshop,Accident,Yes,Burn from hot welding equipment
Rowan Pearson,Cameron Murphy,28 September 2024,06:05,Dockyard Operations,"forklift malfunction caused a steel beam to drop, injuring two workers.",Electrical Bay,Accident,Yes,Hearing damage from loud machinery
Dakota Brown,Alex Graham,02 June 2025,11:45,Training & Development,Exposure to toxic fumes led to burns.,Fuel Depot,Accident,Yes,Laceration from sharp metal panel
Sawyer Johnson,Finley Kennedy,22 September 2024,02:16,IT,Exposure to high-voltage wiring led to a fractured leg.,Engineering Workshop,Accident,Yes,Fractured ankle due to fall from scaffolding
Emerson Smith,Cameron Clark,14 October 2024,01:32,Security,"Worker fell from ship deck while welding, resulting in burns.",IT Server Room,Accident,Yes,Concussion from falling object
Alex Mitchell,Quinn Walker,31 March 2024,08:30,Logistics,"Worker fell from scaffolding while repairing the hull, resulting in a fractured leg.",Reception Area,Accident,Yes,Concussion from falling object
Sawyer Payne,Alex West,13 June 2024,00:55,Research & Development,Exposure to high-voltage wiring led to burns.,Warehouse B,Accident,Yes,Crush injury to hand from hydraulic press
Finley Graham,Skyler Murphy,26 August 2024,14:47,Customer Service,"Worker fell from ladder while repairing the hull, resulting in concussion.",Dockyard North,Accident,Yes,Severe abrasion from slip on deck
Alex Sullivan,Quinn West,20 July 2025,00:40,Training & Development,"crane malfunction caused electrical fire, injuring two workers.",Maintenance Shed,Accident,Yes,Back strain from improper lifting
Jamie Lee,Logan Murphy,18 March 2024,05:41,Warehouse,Exposure to toxic fumes led to burns.,Maintenance Shed,Accident,Yes,Heat exhaustion from prolonged outdoor work
Kai Ward,Skyler Hughes,19 April 2024,02:10,Research & Development,"Worker fell from scaffolding while welding, resulting in a fractured leg.",Electrical Bay,Accident,Yes,Crush injury to hand from hydraulic press
Alex Payne,Cameron Lee,28 May 2024,00:10,Research & Development,"Worker fell from ladder while welding, resulting in a fractured leg.",Electrical Bay,Accident,Yes,Fractured ankle due to fall from scaffolding
Sydney Murray,Dakota Smith,04 February 2024,05:42,Finance,"forklift malfunction caused a steel beam to drop, injuring a contractor.",Warehouse B,Accident,Yes,Foreign object in eye from grinding debris
Emerson Parker,Skyler Davis,10 June 2024,22:49,Research & Development,Exposure to high-voltage wiring led to a fractured leg.,Warehouse B,Accident,Yes,Concussion from falling object
Drew West,Morgan Morgan,23 March 2024,16:29,Environmental Services,"Worker fell from ship deck while repairing the hull, resulting in concussion.",Paint Shop,Accident,Yes,Fractured wrist from fall on wet surface
Chris Sullivan,Frankie Murphy,27 February 2024,12:47,Ship Maintenance,"Worker fell from ladder while repairing the hull, resulting in burns.",Reception Area,Accident,Yes,Eye irritation from chemical fumes
Drew Hughes,Skyler Cooper,10 January 2025,16:40,Engineering,"grinder malfunction caused a fuel leak, injuring the operator.",Training Room,Accident,Yes,Fractured ankle due to fall from scaffolding
Sawyer West,Finley Lee,12 May 2024,09:01,Customer Service,"crane malfunction caused electrical fire, injuring the operator.",Training Room,Accident,Yes,Fractured wrist from fall on wet surface
Elliot Hughes,Taylor Bennett,11 February 2025,05:38,Facilities,Exposure to high-voltage wiring led to a fractured leg.,Shipyard Pier,Accident,Yes,Fractured wrist from fall on wet surface
Peyton Parker,Rowan Holmes,16 June 2025,21:48,Legal,"grinder malfunction caused a steel beam to drop, injuring the operator.",Training Room,Accident,Yes,Dislocated shoulder during equipment maintenance
Reese Smith,Jamie Cooper,02 April 2024,04:28,Operations,"crane malfunction caused a steel beam to drop, injuring a contractor.",Maintenance Shed,Accident,Yes,Severe abrasion from slip on deck
Morgan Reed,Rowan Murray,13 December 2024,01:19,Engineering,Exposure to high-voltage wiring led to a fractured leg.,Paint Shop,Accident,Yes,Dislocated shoulder during equipment maintenance
Riley Bennett,Logan Hughes,12 February 2025,00:54,HR,"forklift malfunction caused a fuel leak, injuring the operator.",Dockyard South,Accident,Yes,Severe abrasion from slip on deck
Jamie Mitchell,Charlie Parker,04 February 2024,13:20,Legal,"forklift malfunction caused electrical fire, injuring two workers.",Training Room,Accident,Yes,Minor cuts and bruises
Alex Cooper,Taylor Morgan,08 April 2025,20:04,Engineering,Exposure to asbestos led to concussion.,Warehouse B,Accident,Yes,Fractured ankle due to fall from scaffolding
Quinn Parker,Riley West,02 November 2024,01:11,Communications,"Worker fell from scaffolding while painting, resulting in concussion.",Warehouse B,Accident,Yes,Eye irritation from chemical fumes
Spencer Reed,Frankie Murphy,11 July 2024,22:33,Legal,"Worker fell from ladder while painting, resulting in a fractured leg.",Main Gate Security,Accident,Yes,Severe abrasion from slip on deck
Quinn Davis,Jamie Morgan,27 February 2024,08:11,Legal,Exposure to asbestos led to burns.,Fuel Depot,Accident,Yes,Fractured ankle due to fall from scaffolding
Quinn Pearson,Kai Foster,08 May 2024,22:35,Warehouse,"crane malfunction caused a steel beam to drop, injuring two workers.",Fleet Garage,Accident,Yes,Severe abrasion from slip on deck
Kai Robinson,Sawyer Fisher,01 April 2024,15:06,Engineering,"Worker fell from ladder while welding, resulting in a fractured leg.",Dockyard North,Accident,Yes,Burn from hot welding equipment
Jordan Smith,Casey Bennett,18 May 2025,15:08,Finance,"Worker fell from ship deck while repairing the hull, resulting in a fractured leg.",Warehouse B,Accident,Yes,Burn from hot welding equipment
Quinn Reed,Elliot Pearson,15 April 2024,12:47,Fleet Management,Exposure to asbestos led to burns.,Main Gate Security,Accident,Yes,Dislocated shoulder during equipment maintenance
Logan Cooper,Skyler Cooper,26 August 2024,11:30,Procurement,"grinder malfunction caused a steel beam to drop, injuring the operator.",Cafeteria,Accident,Yes,Puncture wound from misplaced tool
Finley Parker,Skyler Ward,24 June 2024,05:21,Security,"crane malfunction caused electrical fire, injuring a contractor.",Dry Dock 1,Accident,Yes,Fractured wrist from fall on wet surface
Casey Graham,Rowan Ward,29 April 2024,15:08,Operations,"forklift malfunction caused a steel beam to drop, injuring a contractor.",Paint Shop,Accident,Yes,Trip hazard fall resulting in bruising
Finley Lee,Emerson Payne,08 February 2025,19:55,Procurement,Exposure to toxic fumes led to concussion.,Cafeteria,Accident,Yes,Dislocated shoulder during equipment maintenance
Sydney Fisher,Frankie Bennett,14 May 2024,05:16,Operations,"forklift malfunction caused electrical fire, injuring a contractor.",Office - Admin Block,Accident,Yes,Puncture wound from misplaced tool
Drew Pearson,Charlie Murphy,10 July 2024,11:28,Procurement,Exposure to toxic fumes led to concussion.,Paint Shop,Accident,Yes,Hearing damage from loud machinery
Cameron Hughes,Riley Bennett,08 March 2024,17:24,Environmental Services,"grinder malfunction caused a steel beam to drop, injuring two workers.",Office - Admin Block,Accident,Yes,Chemical burn from solvent exposure
Skyler Sullivan,Charlie Davis,19 October 2024,09:53,Operations,"grinder malfunction caused electrical fire, injuring two workers.",Warehouse A,Accident,Yes,Back strain from improper lifting
Skyler Lewis,Logan Lewis,06 November 2024,03:59,Legal,"Worker fell from ladder while painting, resulting in concussion.",Tool Crib,Accident,Yes,Fractured wrist from fall on wet surface
Taylor Lee,Jesse Smith,09 January 2025,02:58,Health & Safety,"Worker fell from ship deck while repairing the hull, resulting in concussion.",Training Room,Accident,Yes,Compressed air injury during maintenance
Avery Reed,Jesse Davis,25 December 2024,15:22,Finance,"Worker fell from ship deck while welding, resulting in burns.",Fleet Garage,Accident,Yes,Foreign object in eye from grinding debris
Taylor Fisher,Skyler Bailey,17 June 2025,00:53,Warehouse,Exposure to toxic fumes led to concussion.,Dockyard South,Accident,Yes,Minor cuts and bruises
Sawyer Mitchell,Drew Fisher,07 July 2024,16:44,Research & Development,Exposure to toxic fumes led to burns.,Electrical Bay,Accident,Yes,Laceration from sharp metal panel
Jordan Kennedy,Casey Reed,07 March 2025,17:51,Fleet Management,"Worker fell from ladder while welding, resulting in a fractured leg.",Shipyard Pier,Accident,Yes,Fractured wrist from fall on wet surface
Harper Graham,Spencer Murray,29 June 2024,04:35,Fleet Management,"Worker fell from scaffolding while painting, resulting in burns.",IT Server Room,Accident,Yes,Eye irritation from chemical fumes
Emerson Clark,Jesse Pearson,03 September 2024,13:51,Ship Maintenance,"Worker fell from ladder while welding, resulting in burns.",Warehouse B,Accident,Yes,Fractured wrist from fall on wet surface
Sydney Payne,Dakota Morgan,26 December 2024,23:29,Research & Development,"Worker fell from scaffolding while repairing the hull, resulting in burns.",Training Room,Accident,Yes,Back strain from improper lifting
Harper Walker,Logan Smith,23 March 2025,17:32,Research & Development,"Worker fell from ship deck while painting, resulting in burns.",Tool Crib,Accident,Yes,Severe abrasion from slip on deck
Logan Smith,Peyton Payne,14 February 2025,01:04,Research & Development,"Worker fell from ladder while painting, resulting in burns.",Training Room,Accident,Yes,Eye irritation from chemical fumes
Logan Lewis,Frankie Mitchell,10 October 2024,06:46,Warehouse,Exposure to asbestos led to burns.,Electrical Bay,Accident,Yes,Burn from hot welding equipment
Rowan Allen,Finley Clark,02 January 2025,04:31,Logistics,"Worker fell from scaffolding while welding, resulting in burns.",Dockyard North,Accident,Yes,Smoke inhalation from fire in electrical bay
Spencer Smith,Spencer Allen,11 February 2024,14:21,Health & Safety,Exposure to toxic fumes led to concussion.,Paint Shop,Accident,Yes,Hearing damage from loud machinery
Rowan Brown,Finley Lee,20 February 2025,17:17,Legal,Exposure to toxic fumes led to concussion.,Cafeteria,Accident,Yes,Electric shock from faulty wiring
Morgan Bennett,Sydney West,26 October 2024,16:19,Communications,"grinder malfunction caused a fuel leak, injuring the operator.",Main Gate Security,Accident,Yes,Puncture wound from misplaced tool
Cameron Murphy,Finley Robinson,17 July 2024,13:05,Quality Assurance,"Worker fell from ship deck while painting, resulting in a fractured leg.",Dry Dock 1,Accident,Yes,Eye irritation from chemical fumes
Finley Graham,Frankie Brown,23 April 2025,02:59,Dockyard Operations,"crane malfunction caused a fuel leak, injuring a contractor.",Warehouse B,Accident,Yes,Hearing damage from loud machinery
Taylor Bailey,Avery Graham,21 June 2024,13:02,Facilities,"crane malfunction caused electrical fire, injuring the operator.",Engineering Workshop,Accident,Yes,Minor cuts and bruises
Peyton Davis,Skyler Payne,02 January 2024,06:57,Warehouse,Exposure to toxic fumes led to burns.,Dry Dock 2,Accident,Yes,Heat exhaustion from prolonged outdoor work
Reese Bennett,Emerson Bennett,11 January 2024,00:06,Ship Maintenance,"Worker fell from ship deck while repairing the hull, resulting in burns.",Maintenance Shed,Accident,Yes,Trip hazard fall resulting in bruising
Charlie Kennedy,Quinn Foster,05 March 2024,09:14,Communications,"crane malfunction caused electrical fire, injuring two workers.",Fuel Depot,Accident,Yes,Electric shock from faulty wiring
Kai Morgan,Harper Hughes,01 January 2024,05:49,Ship Maintenance,"Worker fell from scaffolding while welding, resulting in concussion.",Maintenance Shed,Accident,Yes,Trip hazard fall resulting in bruising
Jesse Sullivan,Blake Fisher,13 July 2024,15:27,Legal,"Worker fell from ship deck while repairing the hull, resulting in a fractured leg.",Engineering Workshop,Accident,Yes,Eye irritation from chemical fumes
Jesse Murray,Sydney Johnson,28 September 2024,21:13,Quality Assurance,"crane malfunction caused electrical fire, injuring a contractor.",Dry Dock 1,Accident,Yes,Trip hazard fall resulting in bruising
Riley Pearson,Quinn Graham,03 April 2025,20:24,Customer Service,Exposure to toxic fumes led to burns.,Office - Admin Block,Accident,Yes,Crush injury to hand from hydraulic press
Charlie Payne,Kai Lee,03 May 2025,22:22,Finance,Exposure to toxic fumes led to burns.,Reception Area,Accident,Yes,Fractured wrist from fall on wet surface
Quinn Mitchell,Jordan Morgan,17 February 2025,09:56,Quality Assurance,"Worker fell from scaffolding while repairing the hull, resulting in concussion.",Electrical Bay,Accident,Yes,Compressed air injury during maintenance
Peyton Foster,Alex Ward,02 October 2024,02:59,Legal,"grinder malfunction caused electrical fire, injuring a contractor.",Warehouse B,Accident,Yes,Burn from hot welding equipment
Riley Smith,Jordan Morgan,03 November 2024,21:31,Ship Maintenance,Exposure to asbestos led to concussion.,Electrical Bay,Accident,Yes,Concussion from falling object
Finley Reed,Sydney Lewis,27 February 2025,23:38,Ship Maintenance,"Worker fell from ladder while repairing the hull, resulting in a fractured leg.",Shipyard Pier,Accident,Yes,Chemical burn from solvent exposure
Jesse Clark,Taylor Walker,06 July 2024,19:41,Legal,"grinder malfunction caused a fuel leak, injuring two workers.",Office - Admin Block,Accident,Yes,Trip hazard fall resulting in bruising
Dakota Davis,Peyton Brown,05 January 2025,00:43,Finance,"Worker fell from ladder while repairing the hull, resulting in a fractured leg.",Cafeteria,Accident,Yes,Eye irritation from chemical fumes
Jesse Reed,Charlie Parker,07 September 2024,13:59,Health & Safety,"Worker fell from ship deck while repairing the hull, resulting in burns.",Training Room,Accident,Yes,Fractured wrist from fall on wet surface
Finley Cooper,Quinn Hughes,16 September 2024,17:12,Communications,"Worker fell from ship deck while painting, resulting in burns.",Warehouse A,Accident,Yes,Fractured wrist from fall on wet surface
Sydney Graham,Blake Davis,28 February 2025,13:04,Quality Assurance,"Worker fell from ship deck while welding, resulting in concussion.",Engineering Workshop,Accident,Yes,Crush injury to hand from hydraulic press
Frankie Graham,Skyler Sullivan,20 February 2025,01:25,Dockyard Operations,Exposure to high-voltage wiring led to a fractured leg.,Shipyard Pier,Accident,Yes,Trip hazard fall resulting in bruising
Riley Reed,Harper West,31 January 2024,07:08,Dockyard Operations,"forklift malfunction caused a fuel leak, injuring two workers.",Dockyard South,Accident,Yes,Laceration from sharp metal panel
Cameron Smith,Cameron Parker,10 August 2025,02:28,Legal,"Worker fell from ship deck while repairing the hull, resulting in concussion.",Dry Dock 1,Accident,Yes,Hearing damage from loud machinery
Kai Murphy,Skyler Sullivan,12 May 2024,13:55,Dockyard Operations,"Worker fell from ladder while painting, resulting in a fractured leg.",Training Room,Accident,Yes,Hearing damage from loud machinery
Reese Pearson,Harper Mitchell,25 December 2024,08:19,Ship Maintenance,"Worker fell from scaffolding while welding, resulting in burns.",Cafeteria,Accident,Yes,Burn from hot welding equipment
Jesse Lee,Jesse Robinson,11 January 2025,19:08,Engineering,Exposure to asbestos led to a fractured leg.,Tool Crib,Accident,Yes,Concussion from falling object
Riley Fisher,Blake Lee,07 April 2024,11:48,Ship Maintenance,"Worker fell from ladder while repairing the hull, resulting in concussion.",Engineering Workshop,Accident,Yes,Laceration from sharp metal panel
Reese Murray,Sydney Mitchell,06 October 2024,21:37,Communications,"Worker fell from scaffolding while repairing the hull, resulting in a fractured leg.",Main Gate Security,Accident,Yes,Puncture wound from misplaced tool
Reese Clark,Quinn Murphy,29 February 2024,16:46,Communications,"grinder malfunction caused electrical fire, injuring two workers.",Paint Shop,Accident,Yes,Electric shock from faulty wiring
Emerson Robinson,Avery Cooper,20 October 2024,11:49,IT,"Worker fell from scaffolding while painting, resulting in a fractured leg.",Reception Area,Accident,Yes,Fractured ankle due to fall from scaffolding
Spencer West,Elliot Ward,13 February 2024,22:23,Environmental Services,"Worker fell from ship deck while painting, resulting in a fractured leg.",Tool Crib,Accident,Yes,Crush injury to hand from hydraulic press
Frankie Cooper,Peyton Robinson,10 May 2024,09:14,Facilities,"Worker fell from ship deck while painting, resulting in burns.",Fuel Depot,Accident,Yes,Heat exhaustion from prolonged outdoor work
Jamie Graham,Casey Morgan,30 November 2024,12:54,Dockyard Operations,"Worker fell from ladder while repairing the hull, resulting in a fractured leg.",Paint Shop,Accident,Yes,Puncture wound from misplaced tool
Jordan Smith,Harper Kennedy,14 April 2025,13:42,Training & Development,"Worker fell from ladder while repairing the hull, resulting in a fractured leg.",IT Server Room,Accident,Yes,Crush injury to hand from hydraulic press
Jordan Davis,Cameron Sullivan,09 May 2024,21:00,Facilities,"forklift malfunction caused electrical fire, injuring a contractor.",Fleet Garage,Accident,Yes,Burn from hot welding equipment
Frankie Hughes,Blake West,16 May 2024,09:04,Environmental Services,Exposure to toxic fumes led to concussion.,Fuel Depot,Accident,Yes,Back strain from improper lifting
Peyton Morgan,Spencer West,26 June 2025,07:58,Ship Maintenance,"Worker fell from ladder while repairing the hull, resulting in concussion.",Main Gate Security,Accident,Yes,Heat exhaustion from prolonged outdoor work
Drew Kennedy,Skyler West,22 November 2024,11:47,Environmental Services,Exposure to asbestos led to a fractured leg.,IT Server Room,Accident,Yes,Heat exhaustion from prolonged outdoor work
Emerson Murphy,Casey Murphy,03 February 2024,23:38,Finance,"Worker fell from ladder while painting, resulting in a fractured leg.",Dry Dock 2,Accident,Yes,Fractured ankle due to fall from scaffolding
Emerson Payne,Drew Holmes,28 July 2024,09:26,Logistics,Exposure to high-voltage wiring led to a fractured leg.,Fleet Garage,Accident,Yes,Crush injury to hand from hydraulic press
Harper Pearson,Skyler Murphy,17 November 2024,15:31,IT,"grinder malfunction caused a steel beam to drop, injuring the operator.",Main Gate Security,Accident,Yes,Fractured ankle due to fall from scaffolding
Casey Robinson,Harper Lee,27 November 2024,11:56,Fleet Management,"Worker fell from ship deck while painting, resulting in a fractured leg.",Reception Area,Accident,Yes,Puncture wound from misplaced tool
Quinn Walker,Reese Murphy,22 May 2024,04:53,HR,"Worker fell from scaffolding while painting, resulting in burns.",Dry Dock 1,Accident,Yes,Fractured wrist from fall on wet surface
Avery Holmes,Finley Kennedy,13 August 2024,18:25,Ship Maintenance,"Worker fell from scaffolding while repairing the hull, resulting in burns.",Shipyard Pier,Accident,Yes,Minor cuts and bruises
Avery Foster,Frankie Holmes,24 January 2024,17:56,Training & Development,"crane malfunction caused a steel beam to drop, injuring a contractor.",Training Room,Accident,Yes,Smoke inhalation from fire in electrical bay
Spencer Graham,Reese Holmes,20 October 2024,05:03,Facilities,"Worker fell from ship deck while painting, resulting in concussion.",Reception Area,Accident,Yes,Minor cuts and bruises
Sawyer Murray,Jamie Brown,04 March 2024,15:23,Security,"Worker fell from ladder while repairing the hull, resulting in a fractured leg.",Office - Admin Block,Accident,Yes,Dislocated shoulder during equipment maintenance
Jesse Cooper,Sawyer Brown,29 June 2024,17:15,Security,"crane malfunction caused a steel beam to drop, injuring a contractor.",Dockyard North,Accident,Yes,Trip hazard fall resulting in bruising
Dakota Foster,Riley Hughes,22 April 2025,11:16,Health & Safety,Exposure to high-voltage wiring led to burns.,Electrical Bay,Accident,Yes,Foreign object in eye from grinding debris
Riley Reed,Casey Sullivan,25 September 2024,00:24,Fleet Management,Exposure to asbestos led to burns.,Cafeteria,Accident,Yes,Concussion from falling object
Reese Murphy,Jesse Morgan,30 June 2025,10:50,Environmental Services,Exposure to toxic fumes led to concussion.,Warehouse A,Accident,Yes,Burn from hot welding equipment
Kai Morgan,Alex Robinson,14 February 2025,20:58,Communications,Exposure to asbestos led to burns.,Dry Dock 2,Accident,Yes,Fractured wrist from fall on wet surface
Quinn Murphy,Drew Walker,22 May 2024,11:22,Legal,"crane malfunction caused a fuel leak, injuring the operator.",Training Room,Accident,Yes,Trip hazard fall resulting in bruising
Morgan West,Emerson Bennett,16 July 2024,06:27,Operations,"crane malfunction caused a fuel leak, injuring a contractor.",Office - Admin Block,Accident,Yes,Hearing damage from loud machinery
Reese Murray,Kai Hughes,20 April 2024,20:04,Dockyard Operations,Exposure to asbestos led to burns.,Training Room,Accident,Yes,Heat exhaustion from prolonged outdoor work
Chris West,Harper Walker,04 June 2025,15:11,Logistics,"grinder malfunction caused a fuel leak, injuring a contractor.",IT Server Room,Accident,Yes,Smoke inhalation from fire in electrical bay
Dakota Reed,Peyton Bailey,24 July 2024,03:47,Customer Service,Exposure to asbestos led to a fractured leg.,Main Gate Security,Accident,Yes,Back strain from improper lifting
Finley Davis,Skyler Smith,30 December 2024,16:43,Fleet Management,"Worker fell from scaffolding while welding, resulting in a fractured leg.",Reception Area,Accident,Yes,Foreign object in eye from grinding debris
Finley Fisher,Quinn Ward,13 February 2025,02:17,IT,Exposure to toxic fumes led to burns.,Paint Shop,Accident,Yes,Dislocated shoulder during equipment maintenance
Peyton Cooper,Kai Fisher,24 August 2024,08:16,Security,"grinder malfunction caused a fuel leak, injuring the operator.",Paint Shop,Accident,Yes,Puncture wound from misplaced tool
Blake Ward,Elliot Walker,29 March 2025,15:52,Engineering,"Worker fell from ship deck while repairing the hull, resulting in burns.",Warehouse A,Accident,Yes,Laceration from sharp metal panel
Skyler Payne,Avery Cooper,29 January 2024,23:33,Dockyard Operations,"Worker fell from ladder while repairing the hull, resulting in burns.",Engineering Workshop,Accident,Yes,Severe abrasion from slip on deck
Dakota Foster,Frankie Morgan,30 August 2024,14:04,Fleet Management,"crane malfunction caused a steel beam to drop, injuring a contractor.",IT Server Room,Accident,Yes,Foreign object in eye from grinding debris
Skyler Pearson,Elliot Lee,23 April 2025,05:45,Health & Safety,"Worker fell from scaffolding while repairing the hull, resulting in concussion.",Engineering Workshop,Accident,Yes,Smoke inhalation from fire in electrical bay
Finley Parker,Alex Bailey,22 August 2025,21:46,IT,"Worker fell from ladder while repairing the hull, resulting in burns.",Dry Dock 2,Accident,Yes,Trip hazard fall resulting in bruising
Riley Brown,Drew Kennedy,01 December 2024,02:18,Health & Safety,"forklift malfunction caused electrical fire, injuring the operator.",Shipyard Pier,Accident,Yes,Electric shock from faulty wiring
Dakota Parker,Spencer Murphy,08 November 2024,05:02,Customer Service,"Worker fell from scaffolding while repairing the hull, resulting in concussion.",IT Server Room,Accident,Yes,Eye irritation from chemical fumes
Skyler Robinson,Drew Robinson,30 September 2024,02:35,Finance,"Worker fell from ship deck while repairing the hull, resulting in a fractured leg.",Warehouse B,Accident,Yes,Crush injury to hand from hydraulic press
Avery Lewis,Sydney Smith,30 January 2024,08:05,Warehouse,"Worker fell from ship deck while repairing the hull, resulting in concussion.",Paint Shop,Accident,Yes,Back strain from improper lifting
Jamie Davis,Charlie Cooper,30 January 2025,09:25,HR,"forklift malfunction caused a fuel leak, injuring a contractor.",Tool Crib,Accident,Yes,Fractured wrist from fall on wet surface
Charlie Fisher,Peyton Kennedy,07 April 2025,02:14,Operations,"Worker fell from scaffolding while welding, resulting in burns.",Dockyard South,Accident,Yes,Fractured ankle due to fall from scaffolding
Skyler Parker,Casey Cooper,10 February 2024,09:16,Quality Assurance,Exposure to asbestos led to concussion.,Main Gate Security,Accident,Yes,Crush injury to hand from hydraulic press
Jesse Fisher,Kai Davis,14 March 2025,17:34,Warehouse,"Worker fell from scaffolding while welding, resulting in a fractured leg.",Main Gate Security,Accident,Yes,Compressed air injury during maintenance
Quinn Sullivan,Cameron Sullivan,05 February 2024,14:54,Finance,Exposure to asbestos led to a fractured leg.,Cafeteria,Accident,Yes,Foreign object in eye from grinding debris
Emerson Allen,Chris Holmes,12 July 2025,20:16,Warehouse,"Worker fell from ship deck while repairing the hull, resulting in concussion.",Warehouse A,Accident,Yes,Electric shock from faulty wiring
Kai Murphy,Kai Payne,02 December 2024,03:06,Training & Development,"Worker fell from ladder while welding, resulting in concussion.",Dockyard North,Accident,Yes,Electric shock from faulty wiring
Charlie Payne,Spencer Bennett,08 October 2024,10:29,HR,"Worker fell from scaffolding while painting, resulting in a fractured leg.",Engineering Workshop,Accident,Yes,Crush injury to hand from hydraulic press
Rowan Holmes,Sydney Clark,19 February 2025,14:20,Training & Development,Exposure to toxic fumes led to burns.,Office - Admin Block,Accident,Yes,Burn from hot welding equipment
Riley Lee,Finley Clark,24 May 2024,14:56,Facilities,"Worker fell from ship deck while welding, resulting in a fractured leg.",Dockyard North,Accident,Yes,Smoke inhalation from fire in electrical bay
Alex Clark,Riley Fisher,15 January 2024,15:19,Operations,"grinder malfunction caused electrical fire, injuring the operator.",Maintenance Shed,Accident,Yes,Eye irritation from chemical fumes
Emerson Davis,Reese Graham,30 April 2024,04:24,Communications,Exposure to asbestos led to a fractured leg.,Warehouse B,Accident,Yes,Laceration from sharp metal panel
Drew Holmes,Finley Fisher,29 March 2024,08:18,Dockyard Operations,Exposure to asbestos led to burns.,Dry Dock 1,Accident,Yes,Foreign object in eye from grinding debris
Frankie Pearson,Harper Davis,25 January 2025,18:36,Finance,"grinder malfunction caused a fuel leak, injuring a contractor.",Fuel Depot,Accident,Yes,Foreign object in eye from grinding debris
Emerson Mitchell,Jordan Bailey,18 January 2024,23:34,Logistics,"Worker fell from ship deck while painting, resulting in concussion.",Fuel Depot,Accident,Yes,Hearing damage from loud machinery
Avery Lewis,Cameron Holmes,21 January 2024,21:43,Procurement,Exposure to asbestos led to burns.,Paint Shop,Accident,Yes,Concussion from falling object
Avery Johnson,Riley Kennedy,12 January 2024,05:12,Operations,"forklift malfunction caused a fuel leak, injuring a contractor.",Dry Dock 1,Accident,Yes,Crush injury to hand from hydraulic press
Taylor Walker,Alex Walker,13 March 2024,00:05,Logistics,"Worker fell from scaffolding while repairing the hull, resulting in concussion.",Dockyard North,Accident,Yes,Fractured wrist from fall on wet surface
Rowan Graham,Taylor Reed,30 April 2025,09:49,Logistics,"Worker fell from ladder while repairing the hull, resulting in burns.",Fleet Garage,Accident,Yes,Foreign object in eye from grinding debris
Skyler Allen,Rowan Sullivan,08 June 2024,18:42,Logistics,"crane malfunction caused a steel beam to drop, injuring the operator.",Training Room,Accident,Yes,Chemical burn from solvent exposure
Frankie Holmes,Peyton Allen,30 April 2025,10:33,Communications,"crane malfunction caused a steel beam to drop, injuring two workers.",Fleet Garage,Accident,Yes,Fractured wrist from fall on wet surface
Emerson Mitchell,Jordan Clark,09 June 2025,10:44,Ship Maintenance,"grinder malfunction caused a steel beam to drop, injuring two workers.",Main Gate Security,Accident,Yes,Compressed air injury during maintenance
Rowan Payne,Alex Murray,22 February 2025,23:33,Engineering,"forklift malfunction caused a fuel leak, injuring the operator.",Warehouse A,Accident,Yes,Chemical burn from solvent exposure
Skyler Pearson,Skyler Foster,18 August 2025,14:42,Ship Maintenance,"Worker fell from scaffolding while painting, resulting in burns.",Dockyard North,Accident,Yes,Puncture wound from misplaced tool
Avery Clark,Jesse Cooper,29 April 2024,12:52,IT,"forklift malfunction caused electrical fire, injuring the operator.",Dry Dock 2,Accident,Yes,Fractured ankle due to fall from scaffolding
Emerson Lewis,Alex Clark,17 March 2024,21:08,Operations,Exposure to asbestos led to concussion.,Shipyard Pier,Accident,Yes,Foreign object in eye from grinding debris
Rowan Bailey,Blake Clark,03 January 2025,21:32,Engineering,"Worker fell from scaffolding while welding, resulting in concussion.",Fleet Garage,Accident,Yes,Severe abrasion from slip on deck
Dakota Bennett,Finley Robinson,25 May 2025,03:40,Finance,"Worker fell from ship deck while welding, resulting in burns.",Warehouse A,Accident,Yes,Severe abrasion from slip on deck
Cameron Murray,Logan Holmes,17 August 2025,23:23,Legal,"forklift malfunction caused a steel beam to drop, injuring a contractor.",Paint Shop,Accident,Yes,Smoke inhalation from fire in electrical bay
Quinn Morgan,Reese Cooper,24 February 2025,20:44,Logistics,"grinder malfunction caused a steel beam to drop, injuring a contractor.",Cafeteria,Accident,Yes,Back strain from improper lifting
Alex Bailey,Sawyer Smith,20 July 2025,15:49,Communications,"forklift malfunction caused electrical fire, injuring two workers.",Fleet Garage,Accident,Yes,Compressed air injury during maintenance
Frankie Lewis,Cameron Allen,08 December 2024,21:48,Fleet Management,"Worker fell from scaffolding while painting, resulting in burns.",Tool Crib,Accident,Yes,Concussion from falling object
Finley Mitchell,Casey Payne,14 May 2024,11:07,Research & Development,"Worker fell from scaffolding while welding, resulting in a fractured leg.",Engineering Workshop,Accident,Yes,Compressed air injury during maintenance
Skyler Pearson,Elliot Payne,03 December 2024,14:10,Training & Development,"crane malfunction caused a fuel leak, injuring the operator.",Office - Admin Block,Accident,Yes,Laceration from sharp metal panel
Jesse Walker,Rowan Robinson,10 February 2025,13:08,Research & Development,"Worker fell from ship deck while repairing the hull, resulting in concussion.",Electrical Bay,Accident,Yes,Severe abrasion from slip on deck
Logan West,Chris Ward,02 December 2024,11:21,Facilities,Exposure to high-voltage wiring led to concussion.,Fleet Garage,Accident,Yes,Smoke inhalation from fire in electrical bay
Taylor Fisher,Dakota Foster,07 June 2025,14:37,Research & Development,"Worker fell from ladder while welding, resulting in a fractured leg.",Fuel Depot,Accident,Yes,Minor cuts and bruises
Blake Payne,Cameron Robinson,11 July 2025,14:01,Dockyard Operations,Exposure to high-voltage wiring led to burns.,Main Gate Security,Accident,Yes,Fractured ankle due to fall from scaffolding
Avery Murray,Spencer Morgan,19 March 2024,00:48,Legal,"Worker fell from ladder while welding, resulting in concussion.",Paint Shop,Accident,Yes,Eye irritation from chemical fumes
Charlie Foster,Elliot Foster,09 August 2024,16:00,HR,"Worker fell from ship deck while painting, resulting in a fractured leg.",Main Gate Security,Accident,Yes,Fractured ankle due to fall from scaffolding
Blake Smith,Morgan Holmes,18 April 2025,05:15,HR,"Worker fell from ladder while painting, resulting in concussion.",Warehouse B,Accident,Yes,Chemical burn from solvent exposure
Jordan Johnson,Peyton Allen,17 June 2024,02:51,Operations,Exposure to asbestos led to concussion.,Dry Dock 2,Accident,Yes,Smoke inhalation from fire in electrical bay
Harper Bailey,Morgan Reed,12 January 2024,06:10,Research & Development,Exposure to toxic fumes led to concussion.,Shipyard Pier,Accident,Yes,Fractured ankle due to fall from scaffolding
Frankie Hughes,Jordan Cooper,19 February 2025,07:23,HR,"Worker fell from ship deck while painting, resulting in a fractured leg.",Tool Crib,Accident,Yes,Back strain from improper lifting
Finley Graham,Peyton Bailey,06 January 2024,08:07,Dockyard Operations,Exposure to asbestos led to burns.,Engineering Workshop,Accident,Yes,Severe abrasion from slip on deck
Elliot Mitchell,Logan Lewis,07 April 2024,04:46,Training & Development,"Worker fell from ladder while welding, resulting in concussion.",Warehouse A,Accident,Yes,Crush injury to hand from hydraulic press
Logan Holmes,Logan Bailey,08 December 2024,06:00,Legal,"Worker fell from ladder while welding, resulting in burns.",Warehouse A,Accident,Yes,Puncture wound from misplaced tool
Elliot Foster,Harper Fisher,11 July 2024,21:05,Environmental Services,"Worker fell from ladder while welding, resulting in a fractured leg.",Reception Area,Accident,Yes,Back strain from improper lifting
Jordan Walker,Drew Bennett,02 September 2024,16:07,Training & Development,Exposure to toxic fumes led to concussion.,Warehouse A,Accident,Yes,Foreign object in eye from grinding debris
Dakota Morgan,Frankie Murray,08 July 2025,02:41,Facilities,Exposure to asbestos led to burns.,Dry Dock 2,Accident,Yes,Hearing damage from loud machinery
Morgan Foster,Logan Clark,25 July 2024,06:19,Warehouse,"forklift malfunction caused a fuel leak, injuring the operator.",Engineering Workshop,Accident,Yes,Heat exhaustion from prolonged outdoor work
Peyton Davis,Logan Sullivan,06 February 2024,18:27,Dockyard Operations,Exposure to toxic fumes led to burns.,Reception Area,Accident,Yes,Crush injury to hand from hydraulic press
Taylor Lewis,Cameron Morgan,07 May 2025,21:43,Fleet Management,"Worker fell from ladder while repairing the hull, resulting in burns.",Office - Admin Block,Accident,Yes,Foreign object in eye from grinding debris
Sydney Reed,Charlie Lee,05 June 2025,01:45,Environmental Services,"Worker fell from scaffolding while welding, resulting in burns.",Shipyard Pier,Accident,Yes,Dislocated shoulder during equipment maintenance
Emerson Holmes,Finley Clark,19 July 2025,15:34,Quality Assurance,"forklift malfunction caused a steel beam to drop, injuring the operator.",Engineering Workshop,Accident,Yes,Minor cuts and bruises
Chris Payne,Frankie Brown,29 March 2024,06:46,Finance,"Worker fell from ladder while welding, resulting in a fractured leg.",Shipyard Pier,Accident,Yes,Chemical burn from solvent exposure
Spencer Hughes,Alex Clark,05 September 2024,21:06,Research & Development,Exposure to asbestos led to concussion.,Warehouse B,Accident,Yes,Foreign object in eye from grinding debris
Skyler Walker,Avery Holmes,20 October 2024,22:22,Dockyard Operations,"Worker fell from ship deck while repairing the hull, resulting in concussion.",Fuel Depot,Accident,Yes,Trip hazard fall resulting in bruising
Reese Lee,Sawyer Hughes,25 February 2024,08:36,Ship Maintenance,Exposure to toxic fumes led to a fractured leg.,Training Room,Accident,Yes,Chemical burn from solvent exposure
Jesse West,Taylor Bailey,14 February 2025,02:14,Health & Safety,"Worker fell from ship deck while welding, resulting in a fractured leg.",Training Room,Accident,Yes,Dislocated shoulder during equipment maintenance
Spencer Smith,Sawyer Sullivan,27 May 2025,06:55,Security,Exposure to high-voltage wiring led to burns.,Paint Shop,Accident,Yes,Heat exhaustion from prolonged outdoor work
Jamie Walker,Rowan Allen,23 May 2024,06:34,Logistics,Exposure to asbestos led to burns.,Tool Crib,Accident,Yes,Compressed air injury during maintenance
Cameron Brown,Jamie Mitchell,30 July 2024,23:28,Fleet Management,"crane malfunction caused a fuel leak, injuring two workers.",Dry Dock 2,Accident,Yes,Crush injury to hand from hydraulic press
Cameron Mitchell,Elliot Clark,23 January 2025,14:44,Quality Assurance,"Worker fell from ladder while welding, resulting in concussion.",Fleet Garage,Accident,Yes,Compressed air injury during maintenance
Quinn Mitchell,Blake Morgan,29 May 2025,00:59,Communications,Exposure to asbestos led to burns.,Training Room,Accident,Yes,Burn from hot welding equipment
Sydney Hughes,Cameron Reed,31 March 2024,08:11,Ship Maintenance,Exposure to high-voltage wiring led to a fractured leg.,Warehouse B,Accident,Yes,Smoke inhalation from fire in electrical bay
Kai Fisher,Spencer Allen,09 June 2025,05:33,Customer Service,Exposure to toxic fumes led to burns.,Cafeteria,Accident,Yes,Burn from hot welding equipment
Casey Lee,Dakota Payne,28 March 2024,15:52,Operations,"Worker fell from ladder while repairing the hull, resulting in burns.",Shipyard Pier,Accident,Yes,Electric shock from faulty wiring
Quinn Lewis,Charlie Holmes,23 July 2025,03:03,Finance,"crane malfunction caused a steel beam to drop, injuring a contractor.",Dockyard North,Accident,Yes,Electric shock from faulty wiring
Charlie Cooper,Chris Reed,22 January 2025,16:33,Fleet Management,"Worker fell from ladder while painting, resulting in burns.",Shipyard Pier,Accident,Yes,Chemical burn from solvent exposure
Spencer Bailey,Jamie Foster,06 February 2024,16:59,Engineering,"crane malfunction caused electrical fire, injuring two workers.",Office - Admin Block,Accident,Yes,Foreign object in eye from grinding debris
Kai Foster,Blake Clark,04 October 2024,12:15,IT,"Worker fell from ladder while painting, resulting in burns.",Training Room,Accident,Yes,Chemical burn from solvent exposure
Rowan Hughes,Logan Payne,28 December 2024,02:04,Communications,"grinder malfunction caused a fuel leak, injuring two workers.",Shipyard Pier,Accident,Yes,Fractured ankle due to fall from scaffolding
Logan Foster,Casey West,09 July 2025,06:25,Finance,"grinder malfunction caused electrical fire, injuring the operator.",Paint Shop,Accident,Yes,Back strain from improper lifting
Charlie Cooper,Jesse Murray,24 February 2024,22:40,Engineering,"Worker fell from ladder while repairing the hull, resulting in burns.",Shipyard Pier,Accident,Yes,Laceration from sharp metal panel
Frankie Morgan,Dakota Mitchell,28 March 2024,10:19,Logistics,Exposure to high-voltage wiring led to burns.,Office - Admin Block,Accident,Yes,Chemical burn from solvent exposure
Sawyer Johnson,Avery Robinson,26 March 2025,07:23,Facilities,"forklift malfunction caused a steel beam to drop, injuring a contractor.",Tool Crib,Accident,Yes,Minor cuts and bruises
Peyton Sullivan,Spencer Morgan,12 March 2025,07:55,Ship Maintenance,"Worker fell from scaffolding while repairing the hull, resulting in a fractured leg.",Training Room,Accident,Yes,Smoke inhalation from fire in electrical bay
Taylor Foster,Peyton Bailey,21 July 2024,22:03,Customer Service,Exposure to high-voltage wiring led to concussion.,Dockyard South,Accident,Yes,Electric shock from faulty wiring
Sawyer Brown,Drew Johnson,18 June 2025,21:56,Legal,"Worker fell from ladder while welding, resulting in concussion.",Main Gate Security,Accident,Yes,Minor cuts and bruises
Frankie Cooper,Morgan Pearson,23 May 2025,16:35,Fleet Management,Exposure to high-voltage wiring led to concussion.,Training Room,Accident,Yes,Foreign object in eye from grinding debris
Reese Lee,Finley Hughes,25 August 2024,02:40,IT,"Worker fell from scaffolding while welding, resulting in concussion.",IT Server Room,Accident,Yes,Burn from hot welding equipment
Rowan Cooper,Jesse Murray,26 December 2024,09:02,Fleet Management,"forklift malfunction caused a fuel leak, injuring two workers.",Training Room,Accident,Yes,Trip hazard fall resulting in bruising
Riley Bennett,Taylor Smith,26 June 2024,09:46,Operations,Exposure to toxic fumes led to burns.,Dockyard South,Accident,Yes,Fractured ankle due to fall from scaffolding
Chris Foster,Peyton Robinson,27 February 2025,14:14,Fleet Management,"Worker fell from ship deck while repairing the hull, resulting in burns.",Engineering Workshop,Accident,Yes,Trip hazard fall resulting in bruising
Blake Lee,Peyton Morgan,27 February 2025,06:52,Security,Exposure to toxic fumes led to burns.,Warehouse B,Accident,Yes,Back strain from improper lifting
Frankie Morgan,Rowan Morgan,04 December 2024,12:45,IT,"Worker fell from ship deck while welding, resulting in burns.",Reception Area,Accident,Yes,Concussion from falling object
Reese Murray,Jamie Morgan,24 June 2025,09:42,Fleet Management,"Worker fell from scaffolding while welding, resulting in burns.",Dry Dock 1,Accident,Yes,Crush injury to hand from hydraulic press
Riley Payne,Finley Graham,29 February 2024,15:45,Research & Development,"grinder malfunction caused a fuel leak, injuring the operator.",Paint Shop,Accident,Yes,Heat exhaustion from prolonged outdoor work
Skyler Fisher,Spencer Pearson,10 August 2024,11:33,Health & Safety,"Worker fell from scaffolding while repairing the hull, resulting in concussion.",Fleet Garage,Accident,Yes,Laceration from sharp metal panel
Casey Payne,Casey Bailey,19 February 2024,08:29,Communications,Exposure to toxic fumes led to a fractured leg.,Dry Dock 1,Accident,Yes,Back strain from improper lifting
Jordan Fisher,Peyton Graham,15 January 2025,23:42,Quality Assurance,Exposure to high-voltage wiring led to concussion.,Paint Shop,Accident,Yes,Concussion from falling object
Chris Foster,Emerson Brown,05 January 2024,14:45,Health & Safety,"grinder malfunction caused electrical fire, injuring the operator.",Fleet Garage,Accident,Yes,Electric shock from faulty wiring
Logan Brown,Casey Morgan,28 March 2025,18:34,Communications,"Worker fell from ladder while repairing the hull, resulting in concussion.",Engineering Workshop,Accident,Yes,Minor cuts and bruises
Rowan Holmes,Alex Sullivan,29 June 2025,13:44,Operations,"Worker fell from ladder while welding, resulting in concussion.",Tool Crib,Accident,Yes,Hearing damage from loud machinery
Finley Lee,Riley Allen,21 May 2024,15:24,Environmental Services,"grinder malfunction caused electrical fire, injuring two workers.",Office - Admin Block,Accident,Yes,Chemical burn from solvent exposure
Jordan Fisher,Emerson Smith,25 January 2025,17:24,Research & Development,"forklift malfunction caused a fuel leak, injuring the operator.",Electrical Bay,Accident,Yes,Foreign object in eye from grinding debris
Emerson Morgan,Blake Lee,02 May 2024,06:46,Training & Development,Exposure to high-voltage wiring led to burns.,Main Gate Security,Accident,Yes,Laceration from sharp metal panel
Avery Reed,Taylor West,12 August 2025,21:49,Training & Development,"crane malfunction caused a steel beam to drop, injuring two workers.",Dry Dock 1,Accident,Yes,Minor cuts and bruises
Skyler Ward,Chris Lewis,04 December 2024,20:15,Procurement,Exposure to asbestos led to concussion.,Office - Admin Block,Accident,Yes,Hearing damage from loud machinery
Casey Parker,Avery Cooper,11 March 2025,07:59,Quality Assurance,Exposure to toxic fumes led to burns.,Training Room,Accident,Yes,Laceration from sharp metal panel
Jamie Ward,Casey Parker,09 July 2024,03:48,Procurement,"Worker fell from ship deck while repairing the hull, resulting in burns.",Warehouse B,Accident,Yes,Dislocated shoulder during equipment maintenance
Jamie West,Jamie Cooper,09 February 2024,06:28,Security,"Worker fell from scaffolding while repairing the hull, resulting in concussion.",IT Server Room,Accident,Yes,Eye irritation from chemical fumes
Jamie Fisher,Elliot Smith,27 July 2025,16:46,Warehouse,"Worker fell from scaffolding while welding, resulting in burns.",Warehouse B,Accident,Yes,Back strain from improper lifting
Blake Allen,Frankie Kennedy,20 December 2024,09:03,Security,"forklift malfunction caused a fuel leak, injuring the operator.",Warehouse A,Accident,Yes,Eye irritation from chemical fumes
Emerson Walker,Sawyer Bailey,09 June 2024,05:47,Health & Safety,Exposure to asbestos led to burns.,Dry Dock 1,Accident,Yes,Eye irritation from chemical fumes
Drew Smith,Peyton Hughes,10 July 2025,10:41,Environmental Services,Exposure to asbestos led to concussion.,IT Server Room,Accident,Yes,Fractured ankle due to fall from scaffolding
Jordan Ward,Drew Payne,30 May 2024,12:51,Finance,"crane malfunction caused electrical fire, injuring two workers.",Warehouse B,Accident,Yes,Hearing damage from loud machinery
Finley Payne,Skyler Mitchell,14 June 2025,11:37,Ship Maintenance,Exposure to toxic fumes led to burns.,Dockyard South,Accident,Yes,Laceration from sharp metal panel
Frankie Walker,Taylor Walker,13 September 2024,11:29,Research & Development,Exposure to asbestos led to a fractured leg.,Maintenance Shed,Accident,Yes,Compressed air injury during maintenance
Frankie West,Dakota Pearson,16 March 2024,09:19,Logistics,Exposure to asbestos led to a fractured leg.,Office - Admin Block,Accident,Yes,Burn from hot welding equipment
Logan Mitchell,Emerson Pearson,10 September 2024,12:27,Ship Maintenance,Exposure to high-voltage wiring led to a fractured leg.,Office - Admin Block,Accident,Yes,Concussion from falling object
Avery Pearson,Sawyer Lewis,19 May 2024,08:47,Quality Assurance,Exposure to high-voltage wiring led to a fractured leg.,Engineering Workshop,Accident,Yes,Crush injury to hand from hydraulic press
Frankie Fisher,Kai Reed,18 March 2025,21:22,Training & Development,Exposure to asbestos led to burns.,Warehouse B,Accident,Yes,Concussion from falling object
Spencer Lee,Logan Mitchell,20 June 2024,21:50,Training & Development,Exposure to toxic fumes led to concussion.,Cafeteria,Accident,Yes,Severe abrasion from slip on deck
Reese Payne,Blake Kennedy,23 October 2024,08:26,Communications,"Worker fell from ship deck while welding, resulting in concussion.",Warehouse B,Accident,Yes,Severe abrasion from slip on deck
Morgan Pearson,Cameron Murphy,21 May 2025,23:28,Health & Safety,"Worker fell from scaffolding while repairing the hull, resulting in burns.",Cafeteria,Accident,Yes,Minor cuts and bruises
Sydney Allen,Spencer Brown,20 March 2025,09:58,Communications,"forklift malfunction caused a steel beam to drop, injuring the operator.",Electrical Bay,Accident,Yes,Concussion from falling object
Alex Clark,Morgan Fisher,04 April 2025,19:29,Training & Development,Exposure to toxic fumes led to a fractured leg.,IT Server Room,Accident,Yes,Puncture wound from misplaced tool
Elliot Allen,Kai Clark,02 October 2024,08:51,IT,"Worker fell from scaffolding while repairing the hull, resulting in concussion.",Cafeteria,Accident,Yes,Dislocated shoulder during equipment maintenance
Kai Parker,Casey Cooper,16 January 2024,08:10,Finance,"Worker fell from ship deck while repairing the hull, resulting in a fractured leg.",Fleet Garage,Accident,Yes,Foreign object in eye from grinding debris
Jesse Fisher,Taylor Parker,05 April 2024,07:21,Engineering,Exposure to high-voltage wiring led to concussion.,Office - Admin Block,Accident,Yes,Compressed air injury during maintenance
Peyton Davis,Riley Brown,21 December 2024,00:50,Research & Development,Exposure to asbestos led to a fractured leg.,Tool Crib,Accident,Yes,Hearing damage from loud machinery
Jamie Holmes,Taylor Mitchell,29 May 2025,22:19,Finance,Exposure to high-voltage wiring led to a fractured leg.,Dry Dock 2,Accident,Yes,Dislocated shoulder during equipment maintenance
Taylor Foster,Dakota Foster,06 March 2024,18:12,Communications,"crane malfunction caused a steel beam to drop, injuring two workers.",Tool Crib,Accident,Yes,Puncture wound from misplaced tool
Jesse Murphy,Frankie Parker,01 April 2025,01:46,Procurement,"grinder malfunction caused a steel beam to drop, injuring a contractor.",Fleet Garage,Accident,Yes,Foreign object in eye from grinding debris
Drew Parker,Chris Murphy,10 September 2024,20:21,HR,Exposure to high-voltage wiring led to concussion.,Cafeteria,Accident,Yes,Severe abrasion from slip on deck
Frankie Mitchell,Harper Fisher,04 April 2025,09:13,Communications,Exposure to high-voltage wiring led to burns.,Fuel Depot,Accident,Yes,Heat exhaustion from prolonged outdoor work
Jesse Parker,Finley Clark,22 November 2024,00:46,Finance,"Worker fell from scaffolding while welding, resulting in concussion.",Maintenance Shed,Accident,Yes,Trip hazard fall resulting in bruising
Drew Graham,Charlie Robinson,21 November 2024,00:09,HR,Exposure to asbestos led to concussion.,Fleet Garage,Accident,Yes,Hearing damage from loud machinery
Frankie Parker,Blake Holmes,31 July 2025,10:39,Warehouse,Exposure to toxic fumes led to a fractured leg.,Shipyard Pier,Accident,Yes,Crush injury to hand from hydraulic press
Kai Smith,Logan Graham,25 September 2024,16:01,Fleet Management,Exposure to high-voltage wiring led to a fractured leg.,Shipyard Pier,Accident,Yes,Crush injury to hand from hydraulic press
Taylor Robinson,Sawyer Bennett,26 April 2025,04:27,Environmental Services,"Worker fell from scaffolding while painting, resulting in a fractured leg.",Fuel Depot,Accident,Yes,Minor cuts and bruises
Jordan Kennedy,Dakota Lewis,09 February 2024,01:46,Operations,"Worker fell from scaffolding while painting, resulting in a fractured leg.",Dry Dock 1,Accident,Yes,Minor cuts and bruises
Jamie Graham,Elliot Pearson,14 August 2024,13:30,Operations,"grinder malfunction caused a steel beam to drop, injuring the operator.",Dry Dock 1,Accident,Yes,Dislocated shoulder during equipment maintenance
Taylor Allen,Casey Fisher,24 April 2024,15:12,Facilities,Exposure to toxic fumes led to a fractured leg.,Dry Dock 2,Accident,Yes,Heat exhaustion from prolonged outdoor work
Jamie Kennedy,Skyler Murphy,18 April 2024,13:44,Fleet Management,"crane malfunction caused a steel beam to drop, injuring the operator.",Engineering Workshop,Accident,Yes,Electric shock from faulty wiring
Frankie West,Avery Bailey,08 October 2024,20:29,Health & Safety,Exposure to asbestos led to a fractured leg.,Cafeteria,Accident,Yes,Burn from hot welding equipment
Jesse Lewis,Spencer Bailey,12 April 2024,15:54,Operations,"Worker fell from scaffolding while welding, resulting in concussion.",Fleet Garage,Accident,Yes,Fractured ankle due to fall from scaffolding
Riley Lee,Drew Holmes,16 August 2024,05:07,Ship Maintenance,"Worker fell from scaffolding while painting, resulting in burns.",Office - Admin Block,Accident,Yes,Smoke inhalation from fire in electrical bay
Finley Brown,Jamie Holmes,12 November 2024,05:11,Operations,Exposure to toxic fumes led to concussion.,Maintenance Shed,Accident,Yes,Severe abrasion from slip on deck
Charlie Fisher,Skyler Cooper,01 August 2024,19:10,Engineering,Exposure to asbestos led to burns.,IT Server Room,Accident,Yes,Severe abrasion from slip on deck
Cameron Fisher,Casey Pearson,08 July 2025,20:58,Environmental Services,"forklift malfunction caused electrical fire, injuring a contractor.",Training Room,Accident,Yes,Laceration from sharp metal panel
Taylor Graham,Kai Murphy,13 January 2025,13:16,HR,"Worker fell from ship deck while repairing the hull, resulting in concussion.",Shipyard Pier,Accident,Yes,Hearing damage from loud machinery
Elliot Allen,Sawyer Foster,14 February 2025,00:33,Security,"crane malfunction caused a fuel leak, injuring two workers.",Main Gate Security,Accident,Yes,Severe abrasion from slip on deck
Charlie Reed,Casey Lewis,22 January 2024,08:01,Research & Development,"Worker fell from ship deck while painting, resulting in a fractured leg.",Office - Admin Block,Accident,Yes,Dislocated shoulder during equipment maintenance
Elliot Parker,Riley West,19 November 2024,14:48,Fleet Management,"grinder malfunction caused a fuel leak, injuring the operator.",Dry Dock 2,Accident,Yes,Electric shock from faulty wiring
Drew Allen,Jordan Parker,16 March 2024,02:09,Environmental Services,Exposure to asbestos led to burns.,Main Gate Security,Accident,Yes,Dislocated shoulder during equipment maintenance
Blake Pearson,Casey Reed,26 February 2025,05:55,Fleet Management,Exposure to toxic fumes led to burns.,IT Server Room,Accident,Yes,Electric shock from faulty wiring
Sydney Robinson,Harper Robinson,03 July 2025,12:34,Security,"grinder malfunction caused electrical fire, injuring the operator.",Fuel Depot,Accident,Yes,Burn from hot welding equipment
Spencer Reed,Frankie Bennett,25 March 2025,02:40,Communications,"grinder malfunction caused a steel beam to drop, injuring the operator.",Tool Crib,Accident,Yes,Fractured wrist from fall on wet surface
Cameron Johnson,Kai Allen,29 June 2024,20:11,Security,Exposure to high-voltage wiring led to burns.,Paint Shop,Accident,Yes,Severe abrasion from slip on deck
Cameron Foster,Charlie Reed,11 August 2024,06:29,Dockyard Operations,"forklift malfunction caused a steel beam to drop, injuring the operator.",Office - Admin Block,Accident,Yes,Crush injury to hand from hydraulic press
Drew Robinson,Skyler Walker,20 August 2025,02:56,Ship Maintenance,Exposure to high-voltage wiring led to concussion.,Tool Crib,Accident,Yes,Fractured wrist from fall on wet surface
Alex Reed,Taylor Lee,06 September 2024,03:10,Engineering,"grinder malfunction caused electrical fire, injuring two workers.",Dockyard North,Accident,Yes,Minor cuts and bruises
Casey Johnson,Finley Lewis,17 January 2025,17:39,Quality Assurance,"crane malfunction caused electrical fire, injuring a contractor.",Fuel Depot,Accident,Yes,Compressed air injury during maintenance
Jordan Smith,Elliot Foster,03 August 2024,13:39,Facilities,"Worker fell from ladder while repairing the hull, resulting in concussion.",Fleet Garage,Accident,Yes,Electric shock from faulty wiring
Reese Bailey,Quinn Cooper,21 August 2024,17:19,Ship Maintenance,Exposure to toxic fumes led to a fractured leg.,Paint Shop,Accident,Yes,Fractured wrist from fall on wet surface
Peyton Foster,Elliot Payne,11 May 2025,04:05,IT,Exposure to toxic fumes led to concussion.,Shipyard Pier,Accident,Yes,Severe abrasion from slip on deck
Kai Bennett,Jesse Murphy,27 March 2024,09:51,Ship Maintenance,Exposure to asbestos led to concussion.,Warehouse A,Accident,Yes,Electric shock from faulty wiring
Harper Johnson,Jordan Foster,23 August 2024,09:26,Finance,"forklift malfunction caused electrical fire, injuring two workers.",Engineering Workshop,Accident,Yes,Crush injury to hand from hydraulic press
Emerson Murphy,Taylor Reed,10 November 2024,08:53,Ship Maintenance,Exposure to asbestos led to burns.,Paint Shop,Accident,Yes,Smoke inhalation from fire in electrical bay
Spencer Smith,Quinn Ward,29 March 2024,07:45,Training & Development,"Worker fell from ship deck while painting, resulting in burns.",Dockyard South,Accident,Yes,Foreign object in eye from grinding debris
Spencer Pearson,Peyton Foster,19 July 2025,09:29,Environmental Services,"grinder malfunction caused a steel beam to drop, injuring a contractor.",Maintenance Shed,Accident,Yes,Back strain from improper lifting
Kai Murphy,Frankie Lewis,31 October 2024,00:56,Facilities,Exposure to toxic fumes led to burns.,Tool Crib,Accident,Yes,Compressed air injury during maintenance
Emerson Murray,Jordan Payne,20 March 2024,15:03,IT,"forklift malfunction caused a fuel leak, injuring the operator.",Maintenance Shed,Accident,Yes,Concussion from falling object
Chris Allen,Morgan Murphy,14 February 2025,00:34,Operations,Exposure to high-voltage wiring led to concussion.,Engineering Workshop,Accident,Yes,Eye irritation from chemical fumes
Quinn Murray,Quinn Murphy,25 January 2024,03:40,Facilities,"grinder malfunction caused a fuel leak, injuring a contractor.",Dockyard South,Accident,Yes,Severe abrasion from slip on deck
Cameron Mitchell,Harper Hughes,06 April 2024,11:55,Legal,"grinder malfunction caused a fuel leak, injuring a contractor.",Reception Area,Accident,Yes,Minor cuts and bruises
Cameron Murray,Elliot West,04 March 2025,16:52,Engineering,Exposure to asbestos led to burns.,Maintenance Shed,Accident,Yes,Fractured wrist from fall on wet surface
Alex Reed,Skyler Kennedy,15 July 2025,01:20,Fleet Management,"Worker fell from ship deck while painting, resulting in a fractured leg.",Reception Area,Accident,Yes,Minor cuts and bruises
Finley Allen,Harper Lewis,22 August 2024,17:28,Finance,Exposure to asbestos led to concussion.,Dockyard North,Accident,Yes,Severe abrasion from slip on deck
Casey Kennedy,Reese Murray,22 June 2024,06:49,Environmental Services,"crane malfunction caused a fuel leak, injuring a contractor.",Tool Crib,Accident,Yes,Puncture wound from misplaced tool
Skyler Sullivan,Dakota West,21 February 2025,18:54,HR,"crane malfunction caused a steel beam to drop, injuring two workers.",Fuel Depot,Accident,Yes,Minor cuts and bruises
Cameron Bailey,Rowan Cooper,22 June 2025,14:51,Warehouse,Exposure to asbestos led to burns.,Cafeteria,Accident,Yes,Eye irritation from chemical fumes
Frankie Ward,Spencer Walker,12 August 2024,16:45,Customer Service,Exposure to asbestos led to concussion.,Paint Shop,Accident,Yes,Electric shock from faulty wiring
Reese Cooper,Logan Smith,28 May 2025,20:45,Training & Development,"forklift malfunction caused a steel beam to drop, injuring two workers.",Maintenance Shed,Accident,Yes,Back strain from improper lifting
Jordan Hughes,Avery Kennedy,30 August 2024,01:29,Environmental Services,"grinder malfunction caused a steel beam to drop, injuring two workers.",IT Server Room,Accident,Yes,Trip hazard fall resulting in bruising
Chris West,Avery Hughes,18 September 2024,22:31,Engineering,"Worker fell from ship deck while welding, resulting in burns.",Engineering Workshop,Accident,Yes,Concussion from falling object
Emerson Graham,Alex Holmes,28 August 2024,11:33,IT,Exposure to high-voltage wiring led to concussion.,Fleet Garage,Accident,Yes,Concussion from falling object
Riley Bennett,Charlie Pearson,11 June 2024,13:40,Fleet Management,"forklift malfunction caused a steel beam to drop, injuring two workers.",Warehouse B,Accident,Yes,Burn from hot welding equipment
Elliot Fisher,Chris Cooper,31 July 2024,03:59,IT,Exposure to toxic fumes led to a fractured leg.,Dockyard North,Accident,Yes,Back strain from improper lifting
Riley Sullivan,Charlie Clark,04 January 2024,04:35,Finance,Exposure to toxic fumes led to burns.,Maintenance Shed,Accident,Yes,Burn from hot welding equipment
Drew Hughes,Blake Payne,15 May 2025,04:35,IT,"grinder malfunction caused a fuel leak, injuring a contractor.",Reception Area,Accident,Yes,Laceration from sharp metal panel
Finley Hughes,Kai Graham,19 December 2024,08:04,Training & Development,Exposure to high-voltage wiring led to concussion.,Electrical Bay,Accident,Yes,Minor cuts and bruises
Rowan Murphy,Dakota Lewis,06 July 2025,11:49,Fleet Management,Exposure to toxic fumes led to burns.,Office - Admin Block,Accident,Yes,Trip hazard fall resulting in bruising
Elliot Lewis,Alex Murphy,22 September 2024,17:23,Customer Service,"crane malfunction caused a fuel leak, injuring two workers.",Main Gate Security,Accident,Yes,Hearing damage from loud machinery
Finley Ward,Charlie Sullivan,20 April 2024,10:25,Warehouse,"grinder malfunction caused electrical fire, injuring a contractor.",Maintenance Shed,Accident,Yes,Foreign object in eye from grinding debris
Finley Mitchell,Dakota Sullivan,25 July 2025,11:13,Quality Assurance,Exposure to toxic fumes led to a fractured leg.,Fuel Depot,Accident,Yes,Fractured ankle due to fall from scaffolding
Riley Parker,Cameron Morgan,01 June 2025,04:44,HR,"crane malfunction caused a steel beam to drop, injuring the operator.",Training Room,Accident,Yes,Puncture wound from misplaced tool
Finley Ward,Emerson Sullivan,08 July 2025,06:06,Finance,"crane malfunction caused electrical fire, injuring two workers.",Cafeteria,Accident,Yes,Foreign object in eye from grinding debris
Finley Smith,Blake Bailey,09 November 2024,01:38,Operations,Exposure to asbestos led to concussion.,Main Gate Security,Accident,Yes,Electric shock from faulty wiring
Spencer West,Logan Johnson,27 February 2025,05:22,Environmental Services,"crane malfunction caused electrical fire, injuring two workers.",Shipyard Pier,Accident,Yes,Dislocated shoulder during equipment maintenance
Jamie Morgan,Cameron Clark,19 April 2025,01:53,Ship Maintenance,"Worker fell from ship deck while painting, resulting in burns.",Main Gate Security,Accident,Yes,Smoke inhalation from fire in electrical bay
Alex Ward,Jamie Cooper,08 May 2024,20:51,Warehouse,Exposure to toxic fumes led to concussion.,Warehouse B,Accident,Yes,Dislocated shoulder during equipment maintenance
Riley Kennedy,Kai Graham,05 August 2025,12:49,Legal,"forklift malfunction caused a steel beam to drop, injuring the operator.",Dry Dock 1,Accident,Yes,Foreign object in eye from grinding debris
Frankie Murray,Reese Robinson,15 December 2024,00:12,Procurement,"Worker fell from ship deck while repairing the hull, resulting in concussion.",Reception Area,Accident,Yes,Eye irritation from chemical fumes
Emerson Parker,Drew Fisher,29 April 2024,06:56,HR,"Worker fell from ship deck while repairing the hull, resulting in concussion.",Paint Shop,Accident,Yes,Electric shock from faulty wiring
Morgan Murphy,Kai Mitchell,21 February 2025,03:06,Finance,"forklift malfunction caused electrical fire, injuring a contractor.",Fuel Depot,Accident,Yes,Back strain from improper lifting
Drew Johnson,Dakota Smith,27 March 2025,17:06,Procurement,Exposure to toxic fumes led to concussion.,Fleet Garage,Accident,Yes,Smoke inhalation from fire in electrical bay
Reese Reed,Spencer Murray,24 January 2024,05:37,Dockyard Operations,"crane malfunction caused electrical fire, injuring a contractor.",Electrical Bay,Accident,Yes,Hearing damage from loud machinery
Frankie Brown,Emerson Morgan,10 November 2024,02:36,HR,Exposure to toxic fumes led to concussion.,Dockyard North,Accident,Yes,Burn from hot welding equipment
Riley Morgan,Elliot Murray,29 March 2025,11:43,Warehouse,"crane malfunction caused a steel beam to drop, injuring two workers.",Dry Dock 2,Accident,Yes,Crush injury to hand from hydraulic press
Cameron Bennett,Drew Smith,29 July 2025,16:22,Engineering,"forklift malfunction caused a fuel leak, injuring two workers.",Warehouse A,Accident,Yes,Minor cuts and bruises
Jesse Walker,Quinn Bailey,14 December 2024,09:54,Operations,"Worker fell from ship deck while painting, resulting in a fractured leg.",Maintenance Shed,Accident,Yes,Laceration from sharp metal panel
Logan Johnson,Rowan Reed,02 May 2024,23:48,Environmental Services,Exposure to toxic fumes led to burns.,Fleet Garage,Accident,Yes,Crush injury to hand from hydraulic press
Avery Robinson,Frankie Murray,21 June 2024,02:01,Procurement,"forklift malfunction caused a fuel leak, injuring the operator.",Dry Dock 1,Accident,Yes,Laceration from sharp metal panel
Avery Walker,Spencer Murphy,07 June 2025,06:42,Ship Maintenance,"Worker fell from ship deck while repairing the hull, resulting in a fractured leg.",Warehouse B,Accident,Yes,Heat exhaustion from prolonged outdoor work
Kai Davis,Peyton Walker,25 January 2024,21:35,Quality Assurance,"grinder malfunction caused electrical fire, injuring two workers.",Dry Dock 2,Accident,Yes,Concussion from falling object
Jamie Holmes,Harper Payne,20 July 2025,02:54,Customer Service,Exposure to asbestos led to a fractured leg.,Tool Crib,Accident,Yes,Compressed air injury during maintenance
Jordan Lee,Frankie Davis,09 April 2025,12:36,Procurement,"forklift malfunction caused a steel beam to drop, injuring a contractor.",Training Room,Accident,Yes,Fractured ankle due to fall from scaffolding
Drew Allen,Finley Pearson,03 October 2024,04:33,Communications,"grinder malfunction caused electrical fire, injuring a contractor.",Fuel Depot,Accident,Yes,Foreign object in eye from grinding debris
Drew Lee,Rowan Fisher,04 December 2024,22:53,Warehouse,"grinder malfunction caused a steel beam to drop, injuring two workers.",IT Server Room,Accident,Yes,Eye irritation from chemical fumes
Riley Bennett,Blake Murphy,24 July 2025,20:14,HR,"Worker fell from ship deck while welding, resulting in a fractured leg.",Office - Admin Block,Accident,Yes,Foreign object in eye from grinding debris
Harper Parker,Emerson Murphy,15 January 2024,03:56,Warehouse,"Worker fell from ship deck while welding, resulting in a fractured leg.",Dry Dock 2,Accident,Yes,Minor cuts and bruises
Jesse Murphy,Sawyer Brown,17 February 2024,22:58,Customer Service,Exposure to high-voltage wiring led to concussion.,Shipyard Pier,Accident,Yes,Foreign object in eye from grinding debris
Sydney Murray,Elliot Walker,13 September 2024,17:07,Logistics,"Worker fell from ship deck while repairing the hull, resulting in concussion.",Reception Area,Accident,Yes,Severe abrasion from slip on deck
Rowan Smith,Elliot Payne,03 June 2024,05:53,Research & Development,"grinder malfunction caused a fuel leak, injuring a contractor.",Tool Crib,Accident,Yes,Laceration from sharp metal panel
Finley Graham,Dakota Fisher,11 June 2025,07:15,Research & Development,"Worker fell from scaffolding while repairing the hull, resulting in a fractured leg.",Shipyard Pier,Accident,Yes,Smoke inhalation from fire in electrical bay
Charlie Lewis,Frankie Cooper,13 August 2024,15:43,Logistics,Exposure to high-voltage wiring led to burns.,Fuel Depot,Accident,Yes,Heat exhaustion from prolonged outdoor work
Taylor Mitchell,Sydney Murphy,27 May 2025,10:50,Operations,"Worker fell from scaffolding while welding, resulting in a fractured leg.",Warehouse A,Accident,Yes,Back strain from improper lifting
Sydney Walker,Sydney Lee,26 July 2024,16:23,Security,Exposure to toxic fumes led to a fractured leg.,Warehouse A,Accident,Yes,Eye irritation from chemical fumes
Logan Murphy,Logan Ward,21 January 2024,23:48,Facilities,"grinder malfunction caused a fuel leak, injuring a contractor.",Paint Shop,Accident,Yes,Back strain from improper lifting
Avery Holmes,Jordan West,05 August 2025,10:53,Environmental Services,Exposure to toxic fumes led to burns.,Warehouse A,Accident,Yes,Laceration from sharp metal panel
Harper Allen,Jesse Bailey,24 January 2025,16:54,Health & Safety,Exposure to toxic fumes led to burns.,Warehouse B,Accident,Yes,Hearing damage from loud machinery
Skyler Clark,Riley Murray,20 January 2025,10:28,Engineering,"Worker fell from ladder while welding, resulting in concussion.",Dockyard South,Accident,Yes,Hearing damage from loud machinery
Peyton Ward,Jordan Davis,10 May 2025,12:24,Procurement,Exposure to toxic fumes led to burns.,Engineering Workshop,Accident,Yes,Chemical burn from solvent exposure
Frankie Ward,Dakota Smith,13 June 2025,02:14,Environmental Services,Exposure to toxic fumes led to a fractured leg.,Main Gate Security,Accident,Yes,Trip hazard fall resulting in bruising
Sydney Ward,Cameron West,02 February 2025,23:40,Procurement,"crane malfunction caused a fuel leak, injuring a contractor.",Reception Area,Accident,Yes,Concussion from falling object
Quinn Reed,Jordan Robinson,03 June 2025,13:05,Facilities,"Worker fell from ship deck while repairing the hull, resulting in burns.",Reception Area,Accident,Yes,Chemical burn from solvent exposure
Emerson Bennett,Jordan Lee,08 March 2024,23:22,Dockyard Operations,"grinder malfunction caused electrical fire, injuring a contractor.",Maintenance Shed,Accident,Yes,Minor cuts and bruises
Jesse Robinson,Skyler Brown,06 June 2024,23:14,Legal,"forklift malfunction caused a steel beam to drop, injuring the operator.",Training Room,Accident,Yes,Chemical burn from solvent exposure
Taylor Davis,Dakota Graham,20 October 2024,11:16,Security,Exposure to high-voltage wiring led to burns.,Warehouse B,Accident,Yes,Burn from hot welding equipment
Drew Parker,Quinn Lewis,06 July 2025,06:22,Finance,"Worker fell from ladder while welding, resulting in burns.",Engineering Workshop,Accident,Yes,Concussion from falling object
Jordan Parker,Morgan Cooper,20 April 2025,15:27,Security,"Worker fell from scaffolding while welding, resulting in concussion.",Tool Crib,Accident,Yes,Chemical burn from solvent exposure
Riley Graham,Sawyer Clark,09 March 2024,20:54,Dockyard Operations,"grinder malfunction caused electrical fire, injuring two workers.",Electrical Bay,Accident,Yes,Heat exhaustion from prolonged outdoor work
Jamie Payne,Kai Cooper,27 May 2025,19:51,Legal,"Worker fell from scaffolding while repairing the hull, resulting in concussion.",Reception Area,Accident,Yes,Burn from hot welding equipment
Sawyer Lee,Taylor Fisher,11 May 2025,12:52,Warehouse,"crane malfunction caused a fuel leak, injuring a contractor.",Dry Dock 1,Accident,Yes,Compressed air injury during maintenance
Frankie Davis,Sydney Pearson,13 August 2024,03:45,Legal,Exposure to high-voltage wiring led to a fractured leg.,Reception Area,Accident,Yes,Foreign object in eye from grinding debris
Jamie Clark,Harper Smith,01 October 2024,19:45,Procurement,"Worker fell from scaffolding while repairing the hull, resulting in a fractured leg.",Fleet Garage,Accident,Yes,Minor cuts and bruises
Jamie Sullivan,Harper Graham,21 November 2024,05:32,Warehouse,"crane malfunction caused electrical fire, injuring two workers.",Warehouse A,Accident,Yes,Fractured ankle due to fall from scaffolding
Charlie Bailey,Chris Davis,18 January 2024,03:31,Engineering,Exposure to toxic fumes led to burns.,Dockyard South,Accident,Yes,Foreign object in eye from grinding debris
Sawyer Reed,Emerson Bailey,25 January 2025,19:19,HR,"Worker fell from ship deck while welding, resulting in concussion.",Main Gate Security,Accident,Yes,Chemical burn from solvent exposure
Riley Lee,Kai Bennett,02 February 2024,19:40,Fleet Management,Exposure to high-voltage wiring led to a fractured leg.,Fleet Garage,Accident,Yes,Minor cuts and bruises
Avery Johnson,Jamie Lee,04 August 2024,07:23,Facilities,"crane malfunction caused electrical fire, injuring the operator.",Fleet Garage,Accident,Yes,Puncture wound from misplaced tool
Reese Lee,Charlie Kennedy,20 June 2025,11:15,Procurement,"forklift malfunction caused electrical fire, injuring the operator.",Shipyard Pier,Accident,Yes,Smoke inhalation from fire in electrical bay
Emerson Lee,Jamie Holmes,03 May 2024,15:28,Security,Exposure to toxic fumes led to a fractured leg.,Paint Shop,Accident,Yes,Compressed air injury during maintenance
Sawyer Bailey,Harper Smith,13 July 2025,10:26,IT,Exposure to high-voltage wiring led to concussion.,Shipyard Pier,Accident,Yes,Foreign object in eye from grinding debris
Chris Hughes,Reese Pearson,28 March 2025,08:20,Environmental Services,"Worker fell from ladder while repairing the hull, resulting in burns.",Warehouse B,Accident,Yes,Severe abrasion from slip on deck
Blake Walker,Reese Bailey,28 April 2025,16:30,Operations,Exposure to asbestos led to a fractured leg.,Dockyard South,Accident,Yes,Hearing damage from loud machinery
Morgan Ward,Finley Bailey,19 July 2025,09:13,Operations,Exposure to high-voltage wiring led to a fractured leg.,Dry Dock 2,Accident,Yes,Dislocated shoulder during equipment maintenance
Reese Lee,Emerson Kennedy,04 July 2024,16:58,Logistics,Exposure to asbestos led to a fractured leg.,Cafeteria,Accident,Yes,Fractured ankle due to fall from scaffolding
Jesse Morgan,Rowan Smith,06 February 2025,03:54,Facilities,"grinder malfunction caused a steel beam to drop, injuring the operator.",Warehouse A,Accident,Yes,Chemical burn from solvent exposure
Blake Kennedy,Dakota Robinson,03 November 2024,16:15,Fleet Management,"Worker fell from ship deck while repairing the hull, resulting in a fractured leg.",Training Room,Accident,Yes,Electric shock from faulty wiring
Taylor Lewis,Chris Smith,28 July 2024,15:24,Logistics,"forklift malfunction caused electrical fire, injuring two workers.",Fleet Garage,Accident,Yes,Electric shock from faulty wiring
Morgan Smith,Morgan Kennedy,05 February 2024,06:12,Finance,Exposure to high-voltage wiring led to burns.,Training Room,Accident,Yes,Compressed air injury during maintenance
Elliot Graham,Riley Morgan,10 February 2024,19:07,Health & Safety,"Worker fell from ship deck while welding, resulting in concussion.",Reception Area,Accident,Yes,Electric shock from faulty wiring
Riley Fisher,Peyton Fisher,01 October 2024,10:12,Security,"Worker fell from ship deck while painting, resulting in concussion.",Fleet Garage,Accident,Yes,Puncture wound from misplaced tool
Frankie West,Dakota Johnson,29 June 2024,11:23,Security,"forklift malfunction caused a fuel leak, injuring the operator.",Warehouse B,Accident,Yes,Fractured wrist from fall on wet surface
Morgan Brown,Morgan Ward,27 November 2024,05:51,Security,"grinder malfunction caused a steel beam to drop, injuring a contractor.",Fleet Garage,Accident,Yes,Heat exhaustion from prolonged outdoor work
Charlie Bennett,Harper Parker,16 December 2024,22:29,Operations,Exposure to high-voltage wiring led to burns.,Paint Shop,Accident,Yes,Burn from hot welding equipment
Harper Murphy,Dakota Payne,30 July 2025,22:12,Quality Assurance,Exposure to high-voltage wiring led to burns.,Main Gate Security,Accident,Yes,Hearing damage from loud machinery
Emerson Fisher,Harper Cooper,21 February 2024,17:08,Research & Development,"Worker fell from ladder while repairing the hull, resulting in concussion.",Maintenance Shed,Accident,Yes,Eye irritation from chemical fumes
Chris Bailey,Emerson Holmes,15 June 2024,18:33,Training & Development,"crane malfunction caused electrical fire, injuring two workers.",Dockyard North,Accident,Yes,Burn from hot welding equipment
Alex Fisher,Drew Murray,14 February 2024,19:44,Quality Assurance,"Worker fell from ship deck while welding, resulting in a fractured leg.",Cafeteria,Accident,Yes,Puncture wound from misplaced tool
Jordan Sullivan,Sydney Fisher,04 June 2024,18:36,Fleet Management,"grinder malfunction caused electrical fire, injuring a contractor.",IT Server Room,Accident,Yes,Eye irritation from chemical fumes
Jordan Sullivan,Chris Mitchell,02 May 2024,22:13,Environmental Services,"grinder malfunction caused electrical fire, injuring a contractor.",Fleet Garage,Accident,Yes,Severe abrasion from slip on deck
Casey Clark,Logan Parker,02 November 2024,15:56,Customer Service,"grinder malfunction caused a fuel leak, injuring a contractor.",Office - Admin Block,Accident,Yes,Severe abrasion from slip on deck
Jamie Hughes,Morgan Graham,21 January 2024,06:31,Engineering,Exposure to high-voltage wiring led to a fractured leg.,Fleet Garage,Accident,Yes,Compressed air injury during maintenance
Riley Murphy,Taylor Clark,22 March 2024,10:32,Training & Development,"forklift malfunction caused electrical fire, injuring two workers.",Engineering Workshop,Accident,Yes,Concussion from falling object
Rowan Ward,Taylor Pearson,27 December 2024,14:18,Facilities,"Worker fell from ladder while repairing the hull, resulting in concussion.",Main Gate Security,Accident,Yes,Electric shock from faulty wiring
Chris Ward,Alex Payne,12 March 2024,21:07,Fleet Management,"Worker fell from ladder while repairing the hull, resulting in burns.",Main Gate Security,Accident,Yes,Puncture wound from misplaced tool
Frankie Kennedy,Dakota Mitchell,18 July 2024,14:22,Facilities,"Worker fell from ladder while painting, resulting in a fractured leg.",Reception Area,Accident,Yes,Severe abrasion from slip on deck
Casey Hughes,Sydney Parker,24 March 2024,13:08,Ship Maintenance,Exposure to toxic fumes led to a fractured leg.,Cafeteria,Accident,Yes,Laceration from sharp metal panel
Jamie Reed,Finley Fisher,28 April 2025,14:41,Finance,Exposure to asbestos led to a fractured leg.,Dockyard North,Accident,Yes,Fractured ankle due to fall from scaffolding
Avery Ward,Riley Kennedy,07 November 2024,02:14,Facilities,Exposure to toxic fumes led to a fractured leg.,IT Server Room,Accident,Yes,Compressed air injury during maintenance
Harper Allen,Jordan Foster,29 June 2025,00:12,Security,"Worker fell from ladder while repairing the hull, resulting in concussion.",Maintenance Shed,Accident,Yes,Minor cuts and bruises
Emerson Johnson,Peyton Reed,03 February 2024,21:57,Quality Assurance,Exposure to asbestos led to concussion.,Engineering Workshop,Accident,Yes,Dislocated shoulder during equipment maintenance
Harper Robinson,Morgan Murray,10 April 2024,03:05,Finance,"crane malfunction caused a steel beam to drop, injuring the operator.",Dry Dock 2,Accident,Yes,Compressed air injury during maintenance
Riley Holmes,Sawyer Allen,27 May 2025,19:47,Customer Service,Exposure to asbestos led to burns.,Shipyard Pier,Accident,Yes,Crush injury to hand from hydraulic press
Reese Payne,Kai Reed,13 December 2024,08:13,Procurement,"crane malfunction caused a fuel leak, injuring the operator.",Electrical Bay,Accident,Yes,Minor cuts and bruises
Chris Morgan,Charlie Lewis,15 February 2025,13:19,Research & Development,Exposure to high-voltage wiring led to concussion.,Office - Admin Block,Accident,Yes,Trip hazard fall resulting in bruising
Sawyer Brown,Jordan Parker,01 February 2025,00:21,Warehouse,"Worker fell from ship deck while welding, resulting in concussion.",Reception Area,Accident,Yes,Crush injury to hand from hydraulic press
Casey Lewis,Casey Foster,04 February 2025,06:30,Customer Service,"Worker fell from ladder while welding, resulting in a fractured leg.",IT Server Room,Accident,Yes,Trip hazard fall resulting in bruising
Chris Holmes,Dakota Walker,11 September 2024,09:30,Legal,"Worker fell from ship deck while repairing the hull, resulting in burns.",Paint Shop,Accident,Yes,Laceration from sharp metal panel
Drew Davis,Charlie Robinson,29 March 2025,08:36,IT,Exposure to asbestos led to concussion.,Fuel Depot,Accident,Yes,Dislocated shoulder during equipment maintenance
Jamie Cooper,Harper Brown,10 February 2025,08:44,Finance,Exposure to high-voltage wiring led to concussion.,IT Server Room,Accident,Yes,Puncture wound from misplaced tool
Peyton Murphy,Jamie Payne,28 July 2025,14:57,Engineering,Exposure to high-voltage wiring led to burns.,Fleet Garage,Accident,Yes,Eye irritation from chemical fumes
Charlie Smith,Skyler West,01 December 2024,03:52,Dockyard Operations,"Worker fell from scaffolding while painting, resulting in a fractured leg.",Tool Crib,Accident,Yes,Smoke inhalation from fire in electrical bay
Reese Reed,Sydney Murphy,07 May 2025,14:18,Health & Safety,"grinder malfunction caused electrical fire, injuring the operator.",Dry Dock 1,Accident,Yes,Back strain from improper lifting
Harper Fisher,Emerson Fisher,26 May 2024,22:01,Fleet Management,"Worker fell from ladder while painting, resulting in concussion.",Dry Dock 1,Accident,Yes,Burn from hot welding equipment
Kai Reed,Kai Clark,25 July 2024,13:48,Procurement,Exposure to toxic fumes led to a fractured leg.,Dockyard North,Accident,Yes,Concussion from falling object
Emerson Johnson,Elliot Walker,04 April 2025,02:55,Dockyard Operations,"Worker fell from scaffolding while repairing the hull, resulting in concussion.",Dry Dock 1,Accident,Yes,Hearing damage from loud machinery
Chris Walker,Jamie Davis,02 January 2025,18:06,Health & Safety,Exposure to asbestos led to a fractured leg.,Main Gate Security,Accident,Yes,Burn from hot welding equipment
Casey Robinson,Jesse Robinson,25 October 2024,12:39,Legal,"forklift malfunction caused a steel beam to drop, injuring a contractor.",Dockyard South,Accident,Yes,Heat exhaustion from prolonged outdoor work
Taylor Fisher,Frankie Ward,19 August 2024,00:50,Communications,"Worker fell from ladder while repairing the hull, resulting in a fractured leg.",IT Server Room,Accident,Yes,Fractured ankle due to fall from scaffolding
Taylor Lee,Cameron Hughes,23 June 2025,10:08,Training & Development,"forklift malfunction caused electrical fire, injuring a contractor.",Main Gate Security,Accident,Yes,Hearing damage from loud machinery
Riley West,Elliot Clark,15 July 2025,19:22,Dockyard Operations,"Worker fell from ship deck while painting, resulting in concussion.",Dry Dock 2,Accident,Yes,Foreign object in eye from grinding debris
Jesse Pearson,Avery West,17 July 2025,01:41,Security,Exposure to toxic fumes led to a fractured leg.,Shipyard Pier,Accident,Yes,Burn from hot welding equipment
Chris Walker,Quinn Kennedy,26 May 2024,20:08,HR,"Worker fell from ship deck while repairing the hull, resulting in burns.",Office - Admin Block,Accident,Yes,Fractured wrist from fall on wet surface
Jesse Robinson,Blake Johnson,28 January 2025,22:38,Communications,Exposure to high-voltage wiring led to a fractured leg.,Office - Admin Block,Accident,Yes,Fractured wrist from fall on wet surface
Avery Johnson,Kai Foster,25 May 2024,13:47,HR,Exposure to toxic fumes led to burns.,IT Server Room,Accident,Yes,Burn from hot welding equipment
Cameron Fisher,Jesse Graham,08 February 2024,20:16,Engineering,Exposure to toxic fumes led to a fractured leg.,Shipyard Pier,Accident,Yes,Compressed air injury during maintenance
Morgan Johnson,Cameron Cooper,18 August 2025,10:22,Environmental Services,Exposure to toxic fumes led to a fractured leg.,IT Server Room,Accident,Yes,Foreign object in eye from grinding debris
Jesse Hughes,Riley Kennedy,09 October 2024,19:23,Warehouse,Exposure to toxic fumes led to burns.,Electrical Bay,Accident,Yes,Fractured ankle due to fall from scaffolding
Logan Brown,Dakota Mitchell,07 February 2024,21:44,Engineering,"Worker fell from ladder while painting, resulting in burns.",Cafeteria,Accident,Yes,Severe abrasion from slip on deck
Chris Holmes,Elliot Davis,30 September 2024,00:54,Facilities,Exposure to asbestos led to a fractured leg.,Warehouse A,Accident,Yes,Foreign object in eye from grinding debris
Finley Clark,Rowan Mitchell,16 June 2025,11:55,Logistics,"grinder malfunction caused electrical fire, injuring two workers.",Shipyard Pier,Accident,Yes,Concussion from falling object
Jesse Fisher,Quinn Davis,07 November 2024,10:05,Engineering,"Worker fell from scaffolding while welding, resulting in concussion.",Shipyard Pier,Accident,Yes,Back strain from improper lifting
Cameron Payne,Quinn Parker,13 March 2024,10:10,Health & Safety,"forklift malfunction caused a fuel leak, injuring two workers.",Engineering Workshop,Accident,Yes,Hearing damage from loud machinery
Peyton West,Chris Fisher,29 February 2024,00:16,Facilities,"crane malfunction caused a fuel leak, injuring the operator.",Dry Dock 1,Accident,Yes,Chemical burn from solvent exposure
Blake Lee,Avery Sullivan,18 May 2024,06:59,HR,"Worker fell from ship deck while repairing the hull, resulting in concussion.",Tool Crib,Accident,Yes,Chemical burn from solvent exposure
Reese Allen,Sydney Graham,26 February 2025,03:46,Fleet Management,"Worker fell from ship deck while painting, resulting in concussion.",Office - Admin Block,Accident,Yes,Heat exhaustion from prolonged outdoor work
Riley Fisher,Spencer Payne,14 August 2025,09:09,Communications,"Worker fell from ship deck while welding, resulting in concussion.",Warehouse A,Accident,Yes,Chemical burn from solvent exposure
Sawyer Hughes,Jordan Murray,18 July 2025,14:43,Environmental Services,"Worker fell from scaffolding while painting, resulting in a fractured leg.",Dry Dock 2,Accident,Yes,Crush injury to hand from hydraulic press
Blake Pearson,Rowan Bailey,26 October 2024,17:11,Research & Development,Exposure to toxic fumes led to burns.,Main Gate Security,Accident,Yes,Burn from hot welding equipment
Skyler Holmes,Jordan West,21 October 2024,18:28,Research & Development,Exposure to asbestos led to burns.,Dry Dock 2,Accident,Yes,Dislocated shoulder during equipment maintenance
Kai Morgan,Blake Ward,17 September 2024,04:17,Fleet Management,"Worker fell from ship deck while welding, resulting in burns.",Engineering Workshop,Accident,Yes,Puncture wound from misplaced tool
Emerson Davis,Chris Sullivan,03 January 2025,04:10,IT,"Worker fell from ship deck while repairing the hull, resulting in a fractured leg.",Dry Dock 2,Accident,Yes,Smoke inhalation from fire in electrical bay
Chris Johnson,Frankie Reed,22 June 2025,16:42,Health & Safety,"Worker fell from scaffolding while repairing the hull, resulting in a fractured leg.",Maintenance Shed,Accident,Yes,Burn from hot welding equipment
Jordan Reed,Sydney Foster,21 June 2024,17:53,Training & Development,"Worker fell from ladder while repairing the hull, resulting in a fractured leg.",Engineering Workshop,Accident,Yes,Eye irritation from chemical fumes
Elliot Hughes,Finley Smith,14 August 2025,23:53,Dockyard Operations,"Worker fell from scaffolding while welding, resulting in a fractured leg.",Fuel Depot,Accident,Yes,Laceration from sharp metal panel
Cameron Bennett,Kai Bailey,11 February 2024,07:04,Finance,"forklift malfunction caused a steel beam to drop, injuring the operator.",Warehouse B,Accident,Yes,Eye irritation from chemical fumes
Elliot Morgan,Frankie Holmes,13 January 2025,06:45,Dockyard Operations,"Worker fell from scaffolding while repairing the hull, resulting in a fractured leg.",Engineering Workshop,Accident,Yes,Crush injury to hand from hydraulic press
Skyler Bennett,Drew Ward,15 February 2024,09:28,Finance,"Worker fell from ladder while painting, resulting in a fractured leg.",Paint Shop,Accident,Yes,Minor cuts and bruises
Elliot Walker,Frankie Sullivan,01 January 2025,21:08,Fleet Management,"crane malfunction caused a fuel leak, injuring a contractor.",Paint Shop,Accident,Yes,Concussion from falling object
Jordan Allen,Charlie Smith,22 May 2024,07:20,Research & Development,Exposure to toxic fumes led to burns.,Dry Dock 2,Accident,Yes,Back strain from improper lifting
Kai Pearson,Kai Foster,12 December 2024,11:51,Training & Development,"forklift malfunction caused a steel beam to drop, injuring the operator.",Fleet Garage,Accident,Yes,Laceration from sharp metal panel
Harper Payne,Cameron Cooper,20 January 2024,07:24,Communications,"crane malfunction caused a steel beam to drop, injuring a contractor.",Fleet Garage,Accident,Yes,Trip hazard fall resulting in bruising
Jordan Clark,Finley Reed,20 June 2024,18:40,Finance,"forklift malfunction caused a fuel leak, injuring a contractor.",Office - Admin Block,Accident,Yes,Chemical burn from solvent exposure
Charlie Morgan,Kai Brown,29 February 2024,12:54,Dockyard Operations,"Worker fell from scaffolding while painting, resulting in burns.",Shipyard Pier,Accident,Yes,Puncture wound from misplaced tool
Chris Fisher,Kai Johnson,05 August 2025,04:16,Customer Service,Exposure to high-voltage wiring led to a fractured leg.,Fleet Garage,Accident,Yes,Smoke inhalation from fire in electrical bay
Elliot Davis,Logan Brown,07 July 2025,05:05,IT,Exposure to asbestos led to a fractured leg.,Shipyard Pier,Accident,Yes,Severe abrasion from slip on deck
Jordan Ward,Chris Holmes,11 March 2024,06:39,Research & Development,"Worker fell from ship deck while repairing the hull, resulting in a fractured leg.",Warehouse A,Accident,Yes,Compressed air injury during maintenance
Jordan Fisher,Kai Mitchell,08 January 2024,11:50,Fleet Management,"grinder malfunction caused electrical fire, injuring a contractor.",Dry Dock 1,Accident,Yes,Fractured wrist from fall on wet surface
Taylor Robinson,Emerson Kennedy,07 November 2024,10:16,HR,Exposure to asbestos led to a fractured leg.,Fuel Depot,Accident,Yes,Severe abrasion from slip on deck
Drew Morgan,Alex Davis,08 May 2025,05:06,Logistics,"Worker fell from ladder while repairing the hull, resulting in burns.",Cafeteria,Accident,Yes,Severe abrasion from slip on deck
Taylor Bennett,Peyton Sullivan,16 September 2024,13:44,HR,"crane malfunction caused a fuel leak, injuring the operator.",Warehouse B,Accident,Yes,Minor cuts and bruises
Dakota Morgan,Casey Hughes,07 September 2024,08:23,Dockyard Operations,"grinder malfunction caused a steel beam to drop, injuring the operator.",Fuel Depot,Accident,Yes,Eye irritation from chemical fumes
Charlie Murphy,Drew Mitchell,13 March 2024,07:39,Ship Maintenance,Exposure to asbestos led to burns.,Dockyard South,Accident,Yes,Dislocated shoulder during equipment maintenance
Spencer Hughes,Rowan Ward,02 September 2024,14:01,Engineering,"Worker fell from scaffolding while repairing the hull, resulting in a fractured leg.",Warehouse B,Accident,Yes,Back strain from improper lifting
Elliot West,Logan Morgan,22 January 2025,01:29,Health & Safety,"Worker fell from ship deck while welding, resulting in burns.",Warehouse B,Accident,Yes,Chemical burn from solvent exposure
Avery Cooper,Logan Morgan,30 January 2024,12:58,Customer Service,"Worker fell from scaffolding while painting, resulting in burns.",IT Server Room,Accident,Yes,Smoke inhalation from fire in electrical bay
Charlie Robinson,Riley Robinson,25 February 2024,01:05,Security,Exposure to high-voltage wiring led to burns.,Main Gate Security,Accident,Yes,Compressed air injury during maintenance
Cameron Davis,Reese Lee,12 August 2025,03:58,Legal,Exposure to toxic fumes led to concussion.,Reception Area,Accident,Yes,Severe abrasion from slip on deck
Chris Lee,Jordan Bennett,03 August 2025,06:28,Customer Service,"Worker fell from ladder while welding, resulting in burns.",IT Server Room,Accident,Yes,Crush injury to hand from hydraulic press
Reese Parker,Spencer Johnson,13 February 2024,16:26,Quality Assurance,"crane malfunction caused a steel beam to drop, injuring a contractor.",Office - Admin Block,Accident,Yes,Puncture wound from misplaced tool
Finley Walker,Sawyer Cooper,06 April 2024,13:57,Customer Service,Exposure to toxic fumes led to burns.,Paint Shop,Accident,Yes,Smoke inhalation from fire in electrical bay
Elliot Reed,Kai Ward,28 March 2024,07:11,Research & Development,"grinder malfunction caused a steel beam to drop, injuring the operator.",Fleet Garage,Accident,Yes,Burn from hot welding equipment
Jesse Murphy,Alex Parker,24 August 2024,02:42,Warehouse,Exposure to high-voltage wiring led to concussion.,Main Gate Security,Accident,Yes,Eye irritation from chemical fumes
Frankie Sullivan,Logan Parker,01 January 2025,13:35,Communications,"Worker fell from ship deck while painting, resulting in a fractured leg.",Electrical Bay,Accident,Yes,Heat exhaustion from prolonged outdoor work
Skyler Allen,Peyton Clark,19 May 2025,03:27,Customer Service,"Worker fell from scaffolding while painting, resulting in burns.",Main Gate Security,Accident,Yes,Compressed air injury during maintenance
Rowan Payne,Taylor Foster,22 January 2025,04:04,Security,Exposure to asbestos led to burns.,Office - Admin Block,Accident,Yes,Compressed air injury during maintenance
Frankie Mitchell,Jordan Davis,19 June 2025,00:47,Legal,"grinder malfunction caused electrical fire, injuring two workers.",Office - Admin Block,Accident,Yes,Foreign object in eye from grinding debris
Taylor Lee,Dakota Johnson,12 May 2024,23:15,Customer Service,"forklift malfunction caused a fuel leak, injuring a contractor.",Cafeteria,Accident,Yes,Trip hazard fall resulting in bruising
Emerson Pearson,Finley Payne,09 March 2025,01:35,IT,"Worker fell from scaffolding while repairing the hull, resulting in concussion.",Engineering Workshop,Accident,Yes,Heat exhaustion from prolonged outdoor work
Skyler Reed,Reese Pearson,20 May 2024,18:02,Environmental Services,"forklift malfunction caused electrical fire, injuring a contractor.",Electrical Bay,Accident,Yes,Hearing damage from loud machinery
Drew Pearson,Kai Ward,05 August 2025,13:09,Quality Assurance,"Worker fell from ladder while welding, resulting in a fractured leg.",Fleet Garage,Accident,Yes,Heat exhaustion from prolonged outdoor work
Casey Robinson,Chris Allen,14 July 2024,18:46,Security,"crane malfunction caused a fuel leak, injuring the operator.",Maintenance Shed,Accident,Yes,Concussion from falling object
Charlie Davis,Charlie Reed,28 May 2024,04:42,Facilities,Exposure to toxic fumes led to burns.,Training Room,Accident,Yes,Trip hazard fall resulting in bruising
Sawyer Hughes,Blake Bailey,03 May 2024,18:26,IT,"forklift malfunction caused electrical fire, injuring a contractor.",Office - Admin Block,Accident,Yes,Hearing damage from loud machinery
Alex Fisher,Jordan Fisher,02 January 2025,14:51,Procurement,"Worker fell from scaffolding while repairing the hull, resulting in a fractured leg.",IT Server Room,Accident,Yes,Fractured ankle due to fall from scaffolding
Casey Brown,Elliot Foster,29 January 2025,23:01,Communications,"forklift malfunction caused a fuel leak, injuring the operator.",Cafeteria,Accident,Yes,Compressed air injury during maintenance
Charlie Lee,Dakota Allen,08 August 2025,07:55,HR,"crane malfunction caused a steel beam to drop, injuring two workers.",Warehouse A,Accident,Yes,Back strain from improper lifting
Emerson Davis,Frankie Foster,23 March 2024,14:05,Fleet Management,Exposure to high-voltage wiring led to concussion.,Dockyard South,Accident,Yes,Minor cuts and bruises
Jordan Hughes,Frankie Brown,27 February 2024,20:14,Customer Service,Exposure to high-voltage wiring led to concussion.,Office - Admin Block,Accident,Yes,Smoke inhalation from fire in electrical bay
Peyton Brown,Sawyer Murphy,08 April 2024,17:22,Environmental Services,"forklift malfunction caused electrical fire, injuring two workers.",Electrical Bay,Accident,Yes,Dislocated shoulder during equipment maintenance
Alex Mitchell,Charlie Kennedy,29 September 2024,15:08,Facilities,"Worker fell from ship deck while painting, resulting in a fractured leg.",Training Room,Accident,Yes,Foreign object in eye from grinding debris
Elliot Foster,Finley Morgan,04 April 2025,16:17,Quality Assurance,Exposure to asbestos led to burns.,Reception Area,Accident,Yes,Burn from hot welding equipment
Reese Pearson,Charlie Brown,04 May 2024,19:58,Health & Safety,"Worker fell from ship deck while welding, resulting in burns.",Tool Crib,Accident,Yes,Foreign object in eye from grinding debris
Kai Parker,Cameron Hughes,15 December 2024,14:22,Finance,"Worker fell from ladder while welding, resulting in concussion.",Fleet Garage,Accident,Yes,Concussion from falling object
Jesse Robinson,Morgan Bennett,03 April 2025,07:38,HR,"Worker fell from ship deck while painting, resulting in burns.",Office - Admin Block,Accident,Yes,Dislocated shoulder during equipment maintenance
Elliot Graham,Logan Holmes,23 June 2025,22:02,Facilities,Exposure to high-voltage wiring led to a fractured leg.,Fleet Garage,Accident,Yes,Back strain from improper lifting
Jesse Ward,Kai Lewis,29 May 2024,10:45,Communications,"crane malfunction caused a steel beam to drop, injuring the operator.",Engineering Workshop,Accident,Yes,Burn from hot welding equipment
Frankie Allen,Chris Walker,13 May 2024,11:34,Operations,"forklift malfunction caused electrical fire, injuring two workers.",Dockyard South,Accident,Yes,Chemical burn from solvent exposure
Charlie Hughes,Morgan Ward,14 April 2024,21:47,Warehouse,"Worker fell from ship deck while welding, resulting in burns.",Main Gate Security,Accident,Yes,Hearing damage from loud machinery
Skyler Hughes,Sydney Reed,10 August 2025,02:17,Environmental Services,"Worker fell from ship deck while painting, resulting in concussion.",Electrical Bay,Accident,Yes,Compressed air injury during maintenance
Drew Kennedy,Avery Parker,01 January 2025,20:46,Engineering,"forklift malfunction caused a fuel leak, injuring a contractor.",Dockyard North,Accident,Yes,Hearing damage from loud machinery
Emerson Walker,Sawyer Ward,15 August 2025,10:54,Fleet Management,"Worker fell from ladder while painting, resulting in burns.",Cafeteria,Accident,Yes,Laceration from sharp metal panel
Rowan Sullivan,Skyler Murray,17 August 2024,12:00,Logistics,"grinder malfunction caused a fuel leak, injuring the operator.",Dry Dock 1,Accident,Yes,Fractured ankle due to fall from scaffolding
Harper Robinson,Morgan Clark,23 January 2024,16:36,Security,"Worker fell from ship deck while welding, resulting in a fractured leg.",Reception Area,Accident,Yes,Crush injury to hand from hydraulic press
Finley Davis,Jesse Johnson,02 September 2024,20:45,Operations,"forklift malfunction caused electrical fire, injuring a contractor.",Maintenance Shed,Accident,Yes,Dislocated shoulder during equipment maintenance
Skyler Fisher,Sydney Bennett,19 May 2024,13:13,Logistics,"Worker fell from ship deck while painting, resulting in a fractured leg.",Maintenance Shed,Accident,Yes,Severe abrasion from slip on deck
Drew Fisher,Emerson Smith,20 January 2025,10:39,Customer Service,"crane malfunction caused a steel beam to drop, injuring two workers.",IT Server Room,Accident,Yes,Fractured ankle due to fall from scaffolding
Avery Davis,Peyton Ward,28 July 2025,15:37,Engineering,"grinder malfunction caused a steel beam to drop, injuring the operator.",Dockyard South,Accident,Yes,Electric shock from faulty wiring
Kai Allen,Dakota Parker,11 April 2025,11:23,Logistics,"Worker fell from scaffolding while repairing the hull, resulting in burns.",Maintenance Shed,Accident,Yes,Compressed air injury during maintenance
Spencer Parker,Elliot Payne,01 November 2024,05:16,Quality Assurance,"Worker fell from scaffolding while repairing the hull, resulting in concussion.",Dockyard South,Accident,Yes,Eye irritation from chemical fumes
Charlie Allen,Taylor Murphy,13 August 2025,11:11,Fleet Management,Exposure to asbestos led to a fractured leg.,Paint Shop,Accident,Yes,Heat exhaustion from prolonged outdoor work
Taylor Parker,Riley Payne,21 April 2024,09:32,Dockyard Operations,Exposure to toxic fumes led to a fractured leg.,Dockyard South,Accident,Yes,Dislocated shoulder during equipment maintenance
Casey Fisher,Cameron Reed,09 June 2025,00:34,Communications,Exposure to asbestos led to concussion.,Dry Dock 2,Accident,Yes,Electric shock from faulty wiring
Sawyer Holmes,Finley Hughes,01 August 2024,02:57,Operations,Exposure to asbestos led to concussion.,Reception Area,Accident,Yes,Laceration from sharp metal panel
Chris Fisher,Jesse Morgan,08 August 2024,06:12,IT,"Worker fell from ship deck while welding, resulting in a fractured leg.",Fuel Depot,Accident,Yes,Severe abrasion from slip on deck
Harper Sullivan,Sydney Graham,09 May 2025,04:45,Customer Service,Exposure to high-voltage wiring led to burns.,Training Room,Accident,Yes,Compressed air injury during maintenance
Finley Cooper,Spencer Walker,01 September 2024,05:32,Operations,"forklift malfunction caused a steel beam to drop, injuring the operator.",Main Gate Security,Accident,Yes,Crush injury to hand from hydraulic press
Sawyer Sullivan,Jamie Kennedy,03 February 2024,14:55,Health & Safety,"Worker fell from ship deck while painting, resulting in burns.",Dockyard South,Accident,Yes,Smoke inhalation from fire in electrical bay
Kai Johnson,Cameron Allen,09 February 2025,01:50,Finance,Exposure to toxic fumes led to concussion.,Fleet Garage,Accident,Yes,Smoke inhalation from fire in electrical bay
Sydney Reed,Elliot Hughes,20 February 2025,09:27,Training & Development,Exposure to asbestos led to burns.,Main Gate Security,Accident,Yes,Chemical burn from solvent exposure
Drew Murray,Chris Mitchell,06 July 2025,23:22,HR,Exposure to asbestos led to concussion.,Engineering Workshop,Accident,Yes,Concussion from falling object
Avery West,Blake Robinson,13 April 2024,05:03,Customer Service,"Worker fell from ship deck while painting, resulting in burns.",Tool Crib,Accident,Yes,Crush injury to hand from hydraulic press
Jamie Murphy,Quinn Lewis,05 April 2025,14:47,Security,"Worker fell from ship deck while welding, resulting in concussion.",Engineering Workshop,Accident,Yes,Smoke inhalation from fire in electrical bay
Reese Johnson,Finley West,21 December 2024,23:08,Environmental Services,"Worker fell from ship deck while welding, resulting in a fractured leg.",Cafeteria,Accident,Yes,Severe abrasion from slip on deck
Charlie Lewis,Blake Ward,29 June 2024,12:39,Communications,"forklift malfunction caused a fuel leak, injuring a contractor.",Warehouse A,Accident,Yes,Fractured ankle due to fall from scaffolding
Chris Johnson,Emerson Johnson,22 May 2025,12:21,Health & Safety,"Worker fell from ship deck while painting, resulting in burns.",Dry Dock 1,Accident,Yes,Heat exhaustion from prolonged outdoor work
Harper Lee,Dakota Morgan,25 March 2024,02:35,Dockyard Operations,"grinder malfunction caused electrical fire, injuring two workers.",Maintenance Shed,Accident,Yes,Foreign object in eye from grinding debris
Frankie Bennett,Quinn Foster,05 August 2025,12:12,Engineering,"forklift malfunction caused a fuel leak, injuring the operator.",Engineering Workshop,Accident,Yes,Smoke inhalation from fire in electrical bay
Frankie Reed,Blake Bennett,06 November 2024,13:15,Ship Maintenance,"Worker fell from scaffolding while welding, resulting in concussion.",Cafeteria,Accident,Yes,Back strain from improper lifting
Blake Sullivan,Quinn Mitchell,31 March 2024,01:02,Dockyard Operations,"Worker fell from scaffolding while repairing the hull, resulting in concussion.",Office - Admin Block,Accident,Yes,Trip hazard fall resulting in bruising
Chris Ward,Reese Reed,22 February 2024,04:07,Logistics,"Worker fell from ship deck while repairing the hull, resulting in burns.",Reception Area,Accident,Yes,Puncture wound from misplaced tool
Elliot Brown,Elliot Holmes,08 August 2025,11:18,Fleet Management,"crane malfunction caused a fuel leak, injuring a contractor.",Warehouse B,Accident,Yes,Heat exhaustion from prolonged outdoor work
Elliot Foster,Finley Smith,02 April 2024,22:07,Quality Assurance,Exposure to asbestos led to concussion.,Cafeteria,Accident,Yes,Crush injury to hand from hydraulic press
Alex Mitchell,Jesse Bailey,20 June 2024,22:39,Facilities,Exposure to toxic fumes led to a fractured leg.,Fleet Garage,Accident,Yes,Compressed air injury during maintenance
Chris Walker,Cameron Pearson,24 February 2024,17:05,Warehouse,Exposure to toxic fumes led to a fractured leg.,Paint Shop,Accident,Yes,Burn from hot welding equipment
Taylor Graham,Chris Lewis,01 February 2025,16:44,Engineering,Exposure to asbestos led to burns.,Dry Dock 1,Accident,Yes,Compressed air injury during maintenance
Taylor Parker,Reese Davis,21 October 2024,12:03,Dockyard Operations,"Worker fell from ship deck while repairing the hull, resulting in a fractured leg.",Dry Dock 2,Accident,Yes,Heat exhaustion from prolonged outdoor work
Jamie Payne,Sydney Robinson,16 March 2025,18:46,Warehouse,Exposure to high-voltage wiring led to concussion.,Fuel Depot,Accident,Yes,Foreign object in eye from grinding debris
Blake Foster,Alex Brown,11 April 2025,00:52,Communications,Exposure to toxic fumes led to burns.,Maintenance Shed,Accident,Yes,Severe abrasion from slip on deck
Jordan Mitchell,Blake Mitchell,06 February 2024,03:49,Warehouse,Exposure to toxic fumes led to concussion.,Shipyard Pier,Accident,Yes,Severe abrasion from slip on deck
Alex Foster,Elliot Morgan,05 December 2024,13:42,Ship Maintenance,"grinder malfunction caused a fuel leak, injuring two workers.",Dockyard South,Accident,Yes,Severe abrasion from slip on deck
Cameron Bailey,Cameron Foster,03 March 2025,06:34,Logistics,"grinder malfunction caused a steel beam to drop, injuring two workers.",Fuel Depot,Accident,Yes,Puncture wound from misplaced tool
Logan Ward,Sawyer Mitchell,07 June 2024,07:08,Facilities,Exposure to asbestos led to burns.,Fleet Garage,Accident,Yes,Burn from hot welding equipment
Peyton Morgan,Blake Foster,12 February 2025,10:49,Procurement,Exposure to high-voltage wiring led to burns.,Main Gate Security,Accident,Yes,Concussion from falling object
Morgan Sullivan,Alex Reed,30 October 2024,20:52,Legal,"forklift malfunction caused a fuel leak, injuring two workers.",Dockyard North,Accident,Yes,Electric shock from faulty wiring
Elliot Morgan,Rowan Parker,17 January 2024,04:58,Legal,"forklift malfunction caused a fuel leak, injuring two workers.",Warehouse B,Accident,Yes,Hearing damage from loud machinery
Rowan Brown,Charlie Morgan,19 November 2024,03:28,Environmental Services,"forklift malfunction caused a steel beam to drop, injuring a contractor.",IT Server Room,Accident,Yes,Severe abrasion from slip on deck
Finley Mitchell,Jamie Clark,21 August 2025,20:38,Security,"Worker fell from ladder while welding, resulting in a fractured leg.",Tool Crib,Accident,Yes,Fractured wrist from fall on wet surface
Cameron Kennedy,Spencer Ward,08 May 2025,05:15,Communications,"forklift malfunction caused electrical fire, injuring two workers.",Dry Dock 1,Accident,Yes,Compressed air injury during maintenance
Finley Smith,Blake Bailey,03 March 2025,16:09,Finance,Exposure to asbestos led to concussion.,Warehouse A,Accident,Yes,Concussion from falling object
Charlie Holmes,Jordan Graham,22 November 2024,11:39,HR,"grinder malfunction caused electrical fire, injuring two workers.",Training Room,Accident,Yes,Severe abrasion from slip on deck
Drew Murphy,Alex Foster,22 August 2024,20:02,Finance,Exposure to high-voltage wiring led to burns.,Office - Admin Block,Accident,Yes,Chemical burn from solvent exposure
Harper Smith,Charlie Holmes,18 June 2024,23:45,Dockyard Operations,Exposure to asbestos led to a fractured leg.,Maintenance Shed,Accident,Yes,Fractured ankle due to fall from scaffolding
Sydney Pearson,Blake Brown,06 July 2025,00:30,Engineering,Exposure to asbestos led to concussion.,Shipyard Pier,Accident,Yes,Electric shock from faulty wiring
Spencer Morgan,Casey West,29 March 2024,07:04,Training & Development,"crane malfunction caused electrical fire, injuring two workers.",Cafeteria,Accident,Yes,Back strain from improper lifting
Drew Pearson,Casey Cooper,21 April 2025,06:59,Operations,"Worker fell from ladder while repairing the hull, resulting in a fractured leg.",Dockyard South,Accident,Yes,Fractured ankle due to fall from scaffolding
Blake Pearson,Casey Parker,22 March 2024,05:19,Customer Service,"Worker fell from ladder while painting, resulting in concussion.",Dockyard North,Accident,Yes,Laceration from sharp metal panel
Casey Foster,Reese Reed,24 January 2024,22:01,Communications,"Worker fell from ladder while welding, resulting in a fractured leg.",Electrical Bay,Accident,Yes,Compressed air injury during maintenance
Elliot Holmes,Morgan Robinson,27 December 2024,07:36,Dockyard Operations,"grinder malfunction caused a steel beam to drop, injuring a contractor.",Fleet Garage,Accident,Yes,Fractured wrist from fall on wet surface
Rowan Walker,Sydney Clark,02 March 2025,02:16,Engineering,"Worker fell from scaffolding while welding, resulting in burns.",Shipyard Pier,Accident,Yes,Puncture wound from misplaced tool
Taylor Allen,Rowan Payne,26 June 2024,16:12,Warehouse,"Worker fell from ship deck while painting, resulting in a fractured leg.",Dockyard North,Accident,Yes,Hearing damage from loud machinery
Jordan Pearson,Peyton Ward,23 May 2024,03:19,Procurement,Exposure to high-voltage wiring led to a fractured leg.,Warehouse B,Accident,Yes,Smoke inhalation from fire in electrical bay
Drew Davis,Frankie Parker,21 March 2025,00:33,Quality Assurance,"Worker fell from ladder while painting, resulting in burns.",Dockyard North,Accident,Yes,Trip hazard fall resulting in bruising
Frankie Morgan,Jamie Murray,24 May 2024,09:49,Dockyard Operations,"grinder malfunction caused electrical fire, injuring the operator.",Shipyard Pier,Accident,Yes,Compressed air injury during maintenance
Reese Morgan,Jordan West,11 March 2025,12:42,Training & Development,Exposure to high-voltage wiring led to burns.,Engineering Workshop,Accident,Yes,Foreign object in eye from grinding debris
Skyler Clark,Emerson Parker,26 September 2024,10:55,Communications,"crane malfunction caused a fuel leak, injuring the operator.",Dry Dock 2,Accident,Yes,Foreign object in eye from grinding debris
Peyton Reed,Casey Pearson,29 July 2025,16:13,Security,Exposure to toxic fumes led to concussion.,Reception Area,Accident,Yes,Back strain from improper lifting
Chris Lewis,Logan Bailey,29 July 2025,05:47,Warehouse,"Worker fell from ladder while painting, resulting in burns.",Paint Shop,Accident,Yes,Trip hazard fall resulting in bruising
Drew Lee,Casey Lee,18 September 2024,00:28,HR,"grinder malfunction caused electrical fire, injuring two workers.",Shipyard Pier,Accident,Yes,Heat exhaustion from prolonged outdoor work
Blake Davis,Jordan Bailey,22 November 2024,18:56,Customer Service,"Worker fell from scaffolding while welding, resulting in burns.",Warehouse B,Accident,Yes,Burn from hot welding equipment
Kai Pearson,Finley Reed,01 May 2024,20:51,Legal,"Worker fell from ladder while repairing the hull, resulting in a fractured leg.",Dockyard South,Accident,Yes,Trip hazard fall resulting in bruising
Quinn Walker,Peyton Pearson,15 March 2025,18:58,Facilities,Exposure to high-voltage wiring led to a fractured leg.,Shipyard Pier,Accident,Yes,Hearing damage from loud machinery
Blake Davis,Casey Fisher,20 February 2024,04:49,Research & Development,Exposure to high-voltage wiring led to a fractured leg.,Electrical Bay,Accident,Yes,Back strain from improper lifting
Harper Murphy,Avery Smith,13 July 2025,17:00,Communications,"forklift malfunction caused a fuel leak, injuring the operator.",Electrical Bay,Accident,Yes,Chemical burn from solvent exposure
Riley Pearson,Frankie Hughes,26 February 2025,22:16,Communications,"Worker fell from ship deck while welding, resulting in burns.",Dry Dock 1,Accident,Yes,Electric shock from faulty wiring
Dakota Walker,Rowan West,11 March 2025,09:06,Communications,"grinder malfunction caused electrical fire, injuring the operator.",Dry Dock 1,Accident,Yes,Trip hazard fall resulting in bruising
Finley Reed,Finley Davis,09 August 2025,14:07,Engineering,"Worker fell from ship deck while welding, resulting in a fractured leg.",Shipyard Pier,Accident,Yes,Fractured ankle due to fall from scaffolding
Jamie Walker,Riley Holmes,02 April 2024,18:45,Operations,"Worker fell from scaffolding while repairing the hull, resulting in a fractured leg.",Electrical Bay,Accident,Yes,Heat exhaustion from prolonged outdoor work
Drew West,Morgan Murray,02 March 2024,00:25,Facilities,Exposure to toxic fumes led to burns.,Shipyard Pier,Accident,Yes,Severe abrasion from slip on deck
Harper Mitchell,Casey West,18 November 2024,11:11,Health & Safety,"grinder malfunction caused a fuel leak, injuring a contractor.",Warehouse B,Accident,Yes,Fractured wrist from fall on wet surface
Sawyer Lee,Alex Sullivan,28 June 2024,22:18,Customer Service,Exposure to toxic fumes led to a fractured leg.,Shipyard Pier,Accident,Yes,Heat exhaustion from prolonged outdoor work
Casey Cooper,Finley Kennedy,28 August 2024,08:54,Facilities,"grinder malfunction caused a steel beam to drop, injuring two workers.",Dry Dock 2,Accident,Yes,Laceration from sharp metal panel
Sawyer Morgan,Sawyer Foster,10 April 2025,12:49,Environmental Services,"grinder malfunction caused a steel beam to drop, injuring two workers.",Warehouse B,Accident,Yes,Fractured ankle due to fall from scaffolding
Peyton Sullivan,Rowan Hughes,17 April 2024,11:53,Security,"Worker fell from ladder while repairing the hull, resulting in concussion.",Fuel Depot,Accident,Yes,Concussion from falling object
Jamie Smith,Chris Murphy,06 August 2025,22:45,IT,"Worker fell from ladder while welding, resulting in a fractured leg.",Electrical Bay,Accident,Yes,Electric shock from faulty wiring
Chris Graham,Charlie West,05 January 2024,18:36,Environmental Services,Exposure to high-voltage wiring led to burns.,Reception Area,Accident,Yes,Fractured ankle due to fall from scaffolding
Finley Payne,Drew Clark,22 August 2024,23:56,Customer Service,Exposure to asbestos led to a fractured leg.,Fuel Depot,Accident,Yes,Laceration from sharp metal panel
Cameron Davis,Kai Lewis,18 July 2024,11:46,Dockyard Operations,"crane malfunction caused a steel beam to drop, injuring a contractor.",Cafeteria,Accident,Yes,Laceration from sharp metal panel
Taylor Sullivan,Chris Davis,26 June 2024,04:23,Finance,"crane malfunction caused a fuel leak, injuring the operator.",Paint Shop,Accident,Yes,Fractured ankle due to fall from scaffolding
Sydney Sullivan,Chris Bennett,21 November 2024,12:37,Legal,"crane malfunction caused electrical fire, injuring the operator.",Dry Dock 2,Accident,Yes,Burn from hot welding equipment
Jordan Brown,Sawyer Lee,23 April 2024,23:09,Research & Development,Exposure to asbestos led to a fractured leg.,Dockyard North,Accident,Yes,Burn from hot welding equipment
Peyton Morgan,Frankie Mitchell,10 July 2024,03:47,Dockyard Operations,"Worker fell from scaffolding while welding, resulting in a fractured leg.",Electrical Bay,Accident,Yes,Burn from hot welding equipment
Dakota Murray,Logan Bennett,08 May 2025,04:40,Communications,"Worker fell from ladder while welding, resulting in burns.",Office - Admin Block,Accident,Yes,Severe abrasion from slip on deck
Emerson Lee,Avery Holmes,20 June 2024,00:02,Health & Safety,"crane malfunction caused electrical fire, injuring two workers.",Dockyard North,Accident,Yes,Compressed air injury during maintenance
Drew Morgan,Jordan Davis,11 August 2024,00:04,Procurement,Exposure to asbestos led to concussion.,Shipyard Pier,Accident,Yes,Smoke inhalation from fire in electrical bay
Jordan Graham,Harper Mitchell,04 May 2025,17:16,Procurement,Exposure to toxic fumes led to a fractured leg.,Main Gate Security,Accident,Yes,Chemical burn from solvent exposure
Harper Foster,Harper Brown,06 January 2025,23:58,Ship Maintenance,"crane malfunction caused a steel beam to drop, injuring the operator.",Dry Dock 2,Accident,Yes,Laceration from sharp metal panel
Charlie Mitchell,Casey Hughes,31 October 2024,06:32,Logistics,"grinder malfunction caused a steel beam to drop, injuring the operator.",Training Room,Accident,Yes,Laceration from sharp metal panel
Rowan West,Blake Holmes,04 July 2025,08:04,HR,"Worker fell from ladder while repairing the hull, resulting in concussion.",Tool Crib,Accident,Yes,Foreign object in eye from grinding debris
Chris Cooper,Rowan Holmes,18 January 2024,14:33,Fleet Management,"Worker fell from ladder while repairing the hull, resulting in a fractured leg.",Dry Dock 2,Accident,Yes,Dislocated shoulder during equipment maintenance
Chris Clark,Drew Foster,21 May 2025,07:20,Research & Development,"forklift malfunction caused electrical fire, injuring a contractor.",Paint Shop,Accident,Yes,Fractured ankle due to fall from scaffolding
Skyler Ward,Elliot Smith,16 August 2024,21:47,Health & Safety,Exposure to high-voltage wiring led to a fractured leg.,Warehouse A,Accident,Yes,Foreign object in eye from grinding debris
Chris Reed,Jamie Robinson,12 August 2024,04:52,Research & Development,"Worker fell from scaffolding while painting, resulting in a fractured leg.",Dry Dock 2,Accident,Yes,Electric shock from faulty wiring
Dakota Kennedy,Drew Smith,29 April 2025,22:40,Dockyard Operations,Exposure to toxic fumes led to concussion.,Engineering Workshop,Accident,Yes,Crush injury to hand from hydraulic press
Charlie Brown,Jamie Hughes,15 August 2025,03:46,Communications,Exposure to asbestos led to a fractured leg.,Dockyard South,Accident,Yes,Trip hazard fall resulting in bruising
Spencer Walker,Taylor Cooper,08 January 2025,22:55,Procurement,"Worker fell from ship deck while painting, resulting in concussion.",Electrical Bay,Accident,Yes,Heat exhaustion from prolonged outdoor work
Jamie Walker,Spencer Sullivan,23 December 2024,18:11,HR,"grinder malfunction caused a steel beam to drop, injuring the operator.",Training Room,Accident,Yes,Back strain from improper lifting
Quinn Pearson,Elliot Allen,18 October 2024,12:56,Procurement,"forklift malfunction caused electrical fire, injuring two workers.",Cafeteria,Accident,Yes,Compressed air injury during maintenance
Avery Davis,Harper Sullivan,19 March 2025,11:14,Fleet Management,"forklift malfunction caused a steel beam to drop, injuring a contractor.",Fleet Garage,Accident,Yes,Burn from hot welding equipment
Morgan Ward,Sawyer Fisher,17 May 2025,08:34,Research & Development,"grinder malfunction caused electrical fire, injuring the operator.",Dry Dock 2,Accident,Yes,Fractured wrist from fall on wet surface
Avery Holmes,Riley Pearson,20 February 2025,10:45,IT,Exposure to toxic fumes led to burns.,Office - Admin Block,Accident,Yes,Chemical burn from solvent exposure
Morgan Clark,Charlie Foster,27 February 2025,04:59,Environmental Services,Exposure to asbestos led to concussion.,Office - Admin Block,Accident,Yes,Dislocated shoulder during equipment maintenance
Riley West,Frankie Graham,27 April 2024,10:25,Research & Development,Exposure to toxic fumes led to a fractured leg.,Dockyard South,Accident,Yes,Back strain from improper lifting
Harper Hughes,Charlie Murray,07 August 2025,10:27,Customer Service,"forklift malfunction caused a steel beam to drop, injuring the operator.",Fleet Garage,Accident,Yes,Crush injury to hand from hydraulic press
Jesse Walker,Sydney Fisher,02 May 2025,06:14,Logistics,"Worker fell from ladder while welding, resulting in concussion.",Engineering Workshop,Accident,Yes,Trip hazard fall resulting in bruising
Frankie Holmes,Sawyer Lee,11 December 2024,10:42,Logistics,Exposure to toxic fumes led to burns.,Electrical Bay,Accident,Yes,Severe abrasion from slip on deck
Jamie Holmes,Jesse Payne,14 July 2024,16:56,HR,"crane malfunction caused a fuel leak, injuring the operator.",Dockyard North,Accident,Yes,Eye irritation from chemical fumes
Taylor Brown,Quinn Bennett,15 March 2024,13:48,Legal,"Worker fell from scaffolding while painting, resulting in concussion.",Dockyard North,Accident,Yes,Compressed air injury during maintenance
Rowan Pearson,Reese Morgan,05 April 2025,01:48,HR,"crane malfunction caused a steel beam to drop, injuring two workers.",Main Gate Security,Accident,Yes,Hearing damage from loud machinery
Sydney Mitchell,Taylor Murray,13 January 2024,00:01,Customer Service,"Worker fell from ship deck while welding, resulting in a fractured leg.",Reception Area,Accident,Yes,Crush injury to hand from hydraulic press
Dakota Clark,Alex Pearson,22 April 2024,09:44,Procurement,Exposure to toxic fumes led to burns.,Warehouse A,Accident,Yes,Foreign object in eye from grinding debris
Sydney Robinson,Casey Bailey,19 April 2025,14:38,Fleet Management,"grinder malfunction caused a fuel leak, injuring two workers.",Dry Dock 2,Accident,Yes,Concussion from falling object
Charlie Mitchell,Alex Walker,16 March 2025,14:47,Security,Exposure to asbestos led to burns.,Paint Shop,Accident,Yes,Fractured ankle due to fall from scaffolding
Elliot West,Casey Robinson,07 April 2024,23:12,Warehouse,"Worker fell from ladder while welding, resulting in concussion.",Shipyard Pier,Accident,Yes,Foreign object in eye from grinding debris
Jesse Graham,Dakota Ward,30 August 2024,03:53,Operations,Exposure to high-voltage wiring led to concussion.,Fleet Garage,Accident,Yes,Trip hazard fall resulting in bruising
Jamie Pearson,Alex Murray,17 January 2024,15:03,Engineering,"Worker fell from ladder while painting, resulting in burns.",Reception Area,Accident,Yes,Foreign object in eye from grinding debris
Harper Kennedy,Taylor Morgan,26 October 2024,09:58,Warehouse,"forklift malfunction caused a fuel leak, injuring a contractor.",Dry Dock 2,Accident,Yes,Back strain from improper lifting
Morgan Lewis,Logan Bailey,06 March 2024,06:13,Health & Safety,"Worker fell from scaffolding while repairing the hull, resulting in burns.",Reception Area,Accident,Yes,Chemical burn from solvent exposure
Alex Smith,Riley Smith,19 April 2025,22:59,HR,"grinder malfunction caused a steel beam to drop, injuring two workers.",Electrical Bay,Accident,Yes,Electric shock from faulty wiring
Jesse Sullivan,Dakota Graham,05 September 2024,09:37,Research & Development,"Worker fell from ship deck while welding, resulting in burns.",Dockyard South,Accident,Yes,Minor cuts and bruises
Cameron Murray,Chris Davis,28 October 2024,21:06,Customer Service,"Worker fell from ship deck while painting, resulting in a fractured leg.",Warehouse B,Accident,Yes,Dislocated shoulder during equipment maintenance
Elliot Kennedy,Sydney West,02 July 2024,21:11,Facilities,Exposure to asbestos led to concussion.,Warehouse B,Accident,Yes,Heat exhaustion from prolonged outdoor work
Peyton Mitchell,Sydney Brown,02 March 2024,22:33,Engineering,Exposure to toxic fumes led to a fractured leg.,Dry Dock 1,Accident,Yes,Fractured wrist from fall on wet surface
Frankie Lee,Avery Clark,31 March 2024,03:43,Training & Development,Exposure to asbestos led to a fractured leg.,Reception Area,Accident,Yes,Heat exhaustion from prolonged outdoor work
Cameron Parker,Logan Clark,09 April 2024,13:41,Research & Development,Exposure to high-voltage wiring led to a fractured leg.,Dockyard North,Accident,Yes,Foreign object in eye from grinding debris
Finley Walker,Elliot Fisher,15 April 2025,22:57,Legal,"grinder malfunction caused electrical fire, injuring a contractor.",Main Gate Security,Accident,Yes,Eye irritation from chemical fumes
Jesse Cooper,Jesse Morgan,24 February 2025,17:03,Ship Maintenance,Exposure to high-voltage wiring led to a fractured leg.,Dry Dock 1,Accident,Yes,Crush injury to hand from hydraulic press
Rowan Kennedy,Dakota Holmes,23 January 2024,13:23,Finance,"crane malfunction caused electrical fire, injuring two workers.",Paint Shop,Accident,Yes,Eye irritation from chemical fumes
Harper Allen,Blake Parker,02 February 2024,02:14,Quality Assurance,"Worker fell from scaffolding while painting, resulting in concussion.",Dry Dock 2,Accident,Yes,Foreign object in eye from grinding debris
Taylor Fisher,Kai Kennedy,16 May 2024,00:00,Operations,Exposure to high-voltage wiring led to a fractured leg.,Fuel Depot,Accident,Yes,Compressed air injury during maintenance
Spencer Holmes,Drew Reed,15 May 2024,11:54,Facilities,"Worker fell from ship deck while repairing the hull, resulting in burns.",Dry Dock 2,Accident,Yes,Heat exhaustion from prolonged outdoor work
Spencer Sullivan,Avery Lewis,17 April 2024,16:45,HR,"Worker fell from ladder while repairing the hull, resulting in concussion.",Cafeteria,Accident,Yes,Smoke inhalation from fire in electrical bay
Alex Johnson,Frankie Bennett,03 January 2025,07:53,IT,"crane malfunction caused a steel beam to drop, injuring two workers.",Warehouse B,Accident,Yes,Eye irritation from chemical fumes
Quinn Davis,Harper Lewis,24 August 2024,20:31,Health & Safety,Exposure to toxic fumes led to burns.,Engineering Workshop,Accident,Yes,Fractured ankle due to fall from scaffolding
Avery Cooper,Jesse Fisher,07 September 2024,10:10,Fleet Management,Exposure to toxic fumes led to burns.,Dry Dock 1,Accident,Yes,Dislocated shoulder during equipment maintenance
Emerson Kennedy,Jamie Reed,09 March 2024,08:45,Operations,Exposure to high-voltage wiring led to burns.,Dry Dock 1,Accident,Yes,Foreign object in eye from grinding debris
Skyler Cooper,Jamie Johnson,06 April 2024,21:21,Environmental Services,"Worker fell from scaffolding while welding, resulting in a fractured leg.",Dry Dock 1,Accident,Yes,Electric shock from faulty wiring
Emerson Fisher,Jesse Hughes,06 November 2024,15:57,Finance,"Worker fell from ship deck while painting, resulting in concussion.",Reception Area,Accident,Yes,Back strain from improper lifting
Chris Holmes,Rowan Lewis,31 May 2024,07:53,Security,Exposure to toxic fumes led to burns.,Main Gate Security,Accident,Yes,Concussion from falling object
Finley Mitchell,Frankie Lee,07 January 2024,17:10,Research & Development,Exposure to high-voltage wiring led to burns.,IT Server Room,Accident,Yes,Puncture wound from misplaced tool
Charlie Fisher,Harper Sullivan,27 April 2024,11:56,Warehouse,"grinder malfunction caused a fuel leak, injuring a contractor.",Paint Shop,Accident,Yes,Trip hazard fall resulting in bruising
Chris Foster,Logan Johnson,10 February 2025,03:26,Finance,"Worker fell from scaffolding while painting, resulting in concussion.",Training Room,Accident,Yes,Puncture wound from misplaced tool
Elliot Graham,Logan Fisher,10 August 2024,12:24,Legal,"grinder malfunction caused a steel beam to drop, injuring two workers.",Dry Dock 2,Accident,Yes,Puncture wound from misplaced tool
Alex Hughes,Jordan Brown,11 January 2025,04:18,IT,Exposure to asbestos led to burns.,Dockyard North,Accident,Yes,Eye irritation from chemical fumes
Harper West,Emerson Fisher,27 March 2025,16:57,Operations,Exposure to asbestos led to burns.,Warehouse B,Accident,Yes,Minor cuts and bruises
Charlie Bennett,Jordan Robinson,04 May 2025,20:12,Fleet Management,"grinder malfunction caused a steel beam to drop, injuring a contractor.",Dry Dock 1,Accident,Yes,Concussion from falling object
Skyler Reed,Chris Kennedy,20 June 2025,23:01,Engineering,"Worker fell from scaffolding while painting, resulting in a fractured leg.",Main Gate Security,Accident,Yes,Concussion from falling object
Harper Lee,Blake Murphy,16 July 2024,04:25,Communications,Exposure to toxic fumes led to a fractured leg.,Cafeteria,Accident,Yes,Laceration from sharp metal panel
Alex Walker,Frankie Morgan,04 May 2024,06:20,Procurement,Exposure to asbestos led to a fractured leg.,Dry Dock 2,Accident,Yes,Heat exhaustion from prolonged outdoor work
Elliot Foster,Taylor Smith,08 January 2025,16:35,Logistics,Exposure to toxic fumes led to a fractured leg.,Shipyard Pier,Accident,Yes,Compressed air injury during maintenance
Cameron Bennett,Spencer Kennedy,07 July 2025,18:24,Legal,"forklift malfunction caused electrical fire, injuring the operator.",Warehouse B,Accident,Yes,Concussion from falling object
Alex Lewis,Morgan Ward,27 August 2024,03:32,Logistics,"Worker fell from ship deck while welding, resulting in a fractured leg.",Shipyard Pier,Accident,Yes,Smoke inhalation from fire in electrical bay
Sawyer Sullivan,Avery Robinson,11 May 2025,09:45,Dockyard Operations,"crane malfunction caused a fuel leak, injuring a contractor.",Shipyard Pier,Accident,Yes,Back strain from improper lifting
Taylor Graham,Reese Davis,15 April 2025,18:58,Dockyard Operations,Exposure to asbestos led to a fractured leg.,Maintenance Shed,Accident,Yes,Back strain from improper lifting
Cameron Smith,Alex Hughes,30 May 2024,12:59,Legal,"crane malfunction caused a steel beam to drop, injuring the operator.",IT Server Room,Accident,Yes,Foreign object in eye from grinding debris
Peyton Parker,Alex Ward,18 June 2025,20:45,Engineering,Exposure to toxic fumes led to a fractured leg.,Fleet Garage,Accident,Yes,Fractured wrist from fall on wet surface
Cameron Mitchell,Jesse Walker,02 March 2024,15:44,Procurement,"forklift malfunction caused electrical fire, injuring the operator.",Training Room,Accident,Yes,Laceration from sharp metal panel
Sydney West,Sawyer Allen,07 June 2024,16:58,Procurement,"crane malfunction caused electrical fire, injuring the operator.",Office - Admin Block,Accident,Yes,Fractured ankle due to fall from scaffolding
Avery Robinson,Harper Ward,01 April 2024,15:30,Communications,"forklift malfunction caused electrical fire, injuring a contractor.",IT Server Room,Accident,Yes,Eye irritation from chemical fumes
Logan Murray,Sydney Foster,14 July 2024,22:02,Procurement,"grinder malfunction caused a fuel leak, injuring two workers.",Reception Area,Accident,Yes,Burn from hot welding equipment
Logan Davis,Avery Clark,25 November 2024,23:47,Customer Service,"Worker fell from scaffolding while repairing the hull, resulting in concussion.",Dockyard South,Accident,Yes,Heat exhaustion from prolonged outdoor work
Quinn Foster,Drew Murray,23 August 2024,11:34,Training & Development,"forklift malfunction caused a fuel leak, injuring a contractor.",Tool Crib,Accident,Yes,Concussion from falling object
Jamie Mitchell,Sawyer Lee,25 January 2024,16:48,Communications,"Worker fell from ship deck while painting, resulting in concussion.",Dockyard South,Accident,Yes,Crush injury to hand from hydraulic press
Riley Walker,Riley Smith,06 May 2024,09:41,Fleet Management,Exposure to high-voltage wiring led to burns.,IT Server Room,Accident,Yes,Foreign object in eye from grinding debris
Alex Parker,Skyler Payne,18 April 2025,22:39,Training & Development,Exposure to toxic fumes led to a fractured leg.,Shipyard Pier,Accident,Yes,Severe abrasion from slip on deck
Cameron Reed,Chris Hughes,05 January 2024,07:16,Finance,Exposure to asbestos led to concussion.,Training Room,Accident,Yes,Fractured ankle due to fall from scaffolding
Charlie Johnson,Kai Kennedy,05 July 2025,02:37,HR,"grinder malfunction caused a steel beam to drop, injuring a contractor.",Fuel Depot,Accident,Yes,Hearing damage from loud machinery
Cameron Graham,Charlie Davis,09 January 2024,20:09,Research & Development,"forklift malfunction caused electrical fire, injuring the operator.",Fuel Depot,Accident,Yes,Back strain from improper lifting
Harper Ward,Harper Graham,12 July 2025,01:03,Engineering,Exposure to asbestos led to burns.,Main Gate Security,Accident,Yes,Puncture wound from misplaced tool
Frankie Kennedy,Charlie Smith,15 September 2024,00:40,Warehouse,Exposure to asbestos led to concussion.,Shipyard Pier,Accident,Yes,Fractured ankle due to fall from scaffolding
Morgan Murphy,Dakota Lewis,20 December 2024,20:52,Quality Assurance,"Worker fell from ship deck while repairing the hull, resulting in a fractured leg.",Electrical Bay,Accident,Yes,Crush injury to hand from hydraulic press
Sydney Allen,Dakota Payne,19 July 2025,19:26,Engineering,"grinder malfunction caused electrical fire, injuring a contractor.",Tool Crib,Accident,Yes,Trip hazard fall resulting in bruising
Quinn Smith,Alex Payne,24 May 2025,02:13,HR,"crane malfunction caused electrical fire, injuring a contractor.",Cafeteria,Accident,Yes,Foreign object in eye from grinding debris
Riley West,Quinn Clark,30 September 2024,12:45,Warehouse,"Worker fell from ship deck while welding, resulting in concussion.",Warehouse B,Accident,Yes,Trip hazard fall resulting in bruising
Cameron Davis,Jamie West,22 August 2024,11:03,Health & Safety,"Worker fell from ship deck while painting, resulting in a fractured leg.",Paint Shop,Accident,Yes,Hearing damage from loud machinery
Avery Davis,Peyton Pearson,31 August 2024,05:31,Procurement,Exposure to high-voltage wiring led to a fractured leg.,Main Gate Security,Accident,Yes,Electric shock from faulty wiring
Alex Sullivan,Skyler Holmes,02 April 2025,00:42,Logistics,Exposure to toxic fumes led to burns.,Engineering Workshop,Accident,Yes,Heat exhaustion from prolonged outdoor work
Riley Allen,Quinn Brown,14 January 2025,15:27,Environmental Services,Exposure to high-voltage wiring led to a fractured leg.,Shipyard Pier,Accident,Yes,Puncture wound from misplaced tool
Taylor Lewis,Jesse Walker,15 August 2025,16:58,Facilities,"crane malfunction caused a steel beam to drop, injuring a contractor.",Cafeteria,Accident,Yes,Concussion from falling object
Harper Smith,Jamie Murphy,27 May 2024,08:57,Legal,"Worker fell from scaffolding while welding, resulting in a fractured leg.",Shipyard Pier,Accident,Yes,Crush injury to hand from hydraulic press
Elliot Ward,Jesse Mitchell,09 August 2025,07:53,Warehouse,"crane malfunction caused electrical fire, injuring two workers.",Tool Crib,Accident,Yes,Trip hazard fall resulting in bruising
Reese Allen,Harper Davis,11 January 2025,17:50,Dockyard Operations,Exposure to toxic fumes led to burns.,IT Server Room,Accident,Yes,Foreign object in eye from grinding debris
Jamie Morgan,Riley Bailey,19 October 2024,21:18,Environmental Services,"forklift malfunction caused a fuel leak, injuring two workers.",Training Room,Accident,Yes,Concussion from falling object
Jesse Mitchell,Charlie Lewis,16 November 2024,11:55,Environmental Services,Exposure to asbestos led to concussion.,Maintenance Shed,Accident,Yes,Chemical burn from solvent exposure
Alex Murphy,Drew Ward,01 May 2025,18:43,Ship Maintenance,Exposure to toxic fumes led to burns.,Fuel Depot,Accident,Yes,Heat exhaustion from prolonged outdoor work
Spencer Morgan,Blake Pearson,09 November 2024,00:13,Customer Service,"Worker fell from ship deck while painting, resulting in a fractured leg.",Fleet Garage,Accident,Yes,Smoke inhalation from fire in electrical bay
Jordan Smith,Morgan Lewis,30 October 2024,10:04,IT,"grinder malfunction caused a fuel leak, injuring a contractor.",Office - Admin Block,Accident,Yes,Chemical burn from solvent exposure
Finley Payne,Frankie Murray,14 January 2025,09:45,Research & Development,"crane malfunction caused a fuel leak, injuring the operator.",Paint Shop,Accident,Yes,Eye irritation from chemical fumes
Casey West,Elliot Fisher,01 July 2024,10:08,Warehouse,"Worker fell from scaffolding while repairing the hull, resulting in concussion.",Fleet Garage,Accident,Yes,Electric shock from faulty wiring
Jesse Parker,Spencer Parker,12 December 2024,22:10,IT,Exposure to high-voltage wiring led to concussion.,Dockyard North,Accident,Yes,Fractured ankle due to fall from scaffolding
Logan Morgan,Morgan Hughes,08 March 2024,09:05,Communications,Exposure to toxic fumes led to a fractured leg.,Tool Crib,Accident,Yes,Electric shock from faulty wiring
Quinn Sullivan,Emerson Fisher,20 January 2025,09:06,Engineering,"Worker fell from scaffolding while welding, resulting in burns.",Dry Dock 2,Accident,Yes,Eye irritation from chemical fumes
Peyton Brown,Avery Smith,18 June 2025,12:41,Procurement,"crane malfunction caused electrical fire, injuring a contractor.",Maintenance Shed,Accident,Yes,Dislocated shoulder during equipment maintenance
Rowan Lee,Riley Payne,18 July 2025,02:06,Engineering,"Worker fell from ladder while repairing the hull, resulting in burns.",Maintenance Shed,Accident,Yes,Fractured wrist from fall on wet surface
Quinn Reed,Cameron Smith,24 October 2024,22:18,Finance,Exposure to high-voltage wiring led to burns.,Warehouse B,Accident,Yes,Fractured ankle due to fall from scaffolding
Riley Parker,Harper Cooper,17 November 2024,03:09,Security,"Worker fell from scaffolding while painting, resulting in concussion.",IT Server Room,Accident,Yes,Heat exhaustion from prolonged outdoor work
Jesse Holmes,Emerson Johnson,07 June 2024,02:12,IT,"crane malfunction caused a fuel leak, injuring the operator.",Electrical Bay,Accident,Yes,Chemical burn from solvent exposure
Morgan Murphy,Jesse Hughes,16 April 2025,03:20,Procurement,"Worker fell from ladder while repairing the hull, resulting in concussion.",Main Gate Security,Accident,Yes,Burn from hot welding equipment
Taylor Pearson,Sydney Robinson,25 January 2024,00:39,Facilities,"Worker fell from ladder while painting, resulting in burns.",Tool Crib,Accident,Yes,Back strain from improper lifting
Peyton Pearson,Avery Reed,24 October 2024,12:17,Procurement,"forklift malfunction caused a fuel leak, injuring two workers.",Dockyard South,Accident,Yes,Electric shock from faulty wiring
Quinn Lewis,Jamie Cooper,19 March 2025,02:20,Communications,"Worker fell from ship deck while repairing the hull, resulting in burns.",IT Server Room,Accident,Yes,Fractured ankle due to fall from scaffolding
Casey Holmes,Chris Graham,25 March 2024,23:36,Finance,"Worker fell from ladder while welding, resulting in burns.",Shipyard Pier,Accident,Yes,Burn from hot welding equipment
Drew Murphy,Dakota Ward,08 July 2024,03:14,Operations,Exposure to toxic fumes led to concussion.,Engineering Workshop,Accident,Yes,Concussion from falling object
Reese Cooper,Drew Bailey,29 September 2024,21:59,Quality Assurance,"Worker fell from ship deck while repairing the hull, resulting in a fractured leg.",Tool Crib,Accident,Yes,Back strain from improper lifting
Reese Hughes,Avery Allen,17 March 2025,13:44,Health & Safety,Exposure to asbestos led to burns.,Shipyard Pier,Accident,Yes,Heat exhaustion from prolonged outdoor work
Chris Smith,Kai Reed,03 January 2024,18:55,Warehouse,"grinder malfunction caused electrical fire, injuring the operator.",Fleet Garage,Accident,Yes,Trip hazard fall resulting in bruising
Cameron Lewis,Jesse Walker,22 April 2024,07:36,Procurement,"grinder malfunction caused electrical fire, injuring a contractor.",Electrical Bay,Accident,Yes,Back strain from improper lifting
Avery Murray,Emerson Clark,26 January 2025,15:57,Operations,Exposure to high-voltage wiring led to burns.,Reception Area,Accident,Yes,Chemical burn from solvent exposure
Frankie Bennett,Taylor West,02 November 2024,04:14,Customer Service,"grinder malfunction caused a fuel leak, injuring the operator.",Tool Crib,Accident,Yes,Severe abrasion from slip on deck
Morgan Allen,Frankie Cooper,13 August 2024,19:54,Health & Safety,"grinder malfunction caused a steel beam to drop, injuring two workers.",Cafeteria,Accident,Yes,Hearing damage from loud machinery
Sydney Kennedy,Jamie Holmes,11 May 2025,18:18,Research & Development,Exposure to toxic fumes led to concussion.,Dockyard South,Accident,Yes,Concussion from falling object
Rowan Pearson,Sydney Reed,22 June 2024,14:40,Communications,"Worker fell from ship deck while repairing the hull, resulting in burns.",Warehouse B,Accident,Yes,Minor cuts and bruises
Blake Graham,Rowan Johnson,07 April 2024,13:58,Warehouse,"Worker fell from ship deck while painting, resulting in concussion.",Dry Dock 1,Accident,Yes,Electric shock from faulty wiring
Chris Clark,Jamie West,16 February 2024,23:33,Facilities,"Worker fell from ship deck while welding, resulting in a fractured leg.",Maintenance Shed,Accident,Yes,Burn from hot welding equipment
Rowan Kennedy,Elliot Murray,28 June 2024,04:56,Legal,Exposure to high-voltage wiring led to a fractured leg.,Reception Area,Accident,Yes,Laceration from sharp metal panel
Sawyer Lee,Avery Lewis,27 April 2024,01:25,Engineering,"Worker fell from scaffolding while welding, resulting in a fractured leg.",Dry Dock 2,Accident,Yes,Crush injury to hand from hydraulic press
Cameron Smith,Charlie Bennett,23 February 2025,14:11,Ship Maintenance,Exposure to toxic fumes led to concussion.,Cafeteria,Accident,Yes,Smoke inhalation from fire in electrical bay
Cameron Sullivan,Jesse Parker,23 May 2024,18:06,Quality Assurance,"crane malfunction caused a fuel leak, injuring the operator.",Electrical Bay,Accident,Yes,Smoke inhalation from fire in electrical bay
Taylor Fisher,Kai Johnson,21 February 2025,06:07,Dockyard Operations,"grinder malfunction caused electrical fire, injuring the operator.",Dockyard South,Accident,Yes,Smoke inhalation from fire in electrical bay
Sawyer Morgan,Alex Walker,19 February 2025,18:59,Logistics,Exposure to asbestos led to a fractured leg.,Warehouse A,Accident,Yes,Laceration from sharp metal panel
Jordan Bennett,Spencer Johnson,29 October 2024,08:37,Engineering,"crane malfunction caused electrical fire, injuring a contractor.",IT Server Room,Accident,Yes,Concussion from falling object
Jesse Lee,Peyton Lee,13 August 2024,14:07,Customer Service,"grinder malfunction caused a fuel leak, injuring the operator.",Training Room,Accident,Yes,Back strain from improper lifting
Sydney Robinson,Harper Hughes,29 October 2024,08:09,Security,"Worker fell from ship deck while painting, resulting in concussion.",Dockyard North,Accident,Yes,Burn from hot welding equipment
Harper Bailey,Logan Parker,28 January 2025,10:59,Customer Service,"Worker fell from scaffolding while welding, resulting in burns.",Cafeteria,Accident,Yes,Puncture wound from misplaced tool
Sydney Ward,Sydney Kennedy,11 August 2024,23:29,Quality Assurance,"Worker fell from scaffolding while painting, resulting in a fractured leg.",Cafeteria,Accident,Yes,Heat exhaustion from prolonged outdoor work
Taylor Ward,Chris Parker,19 October 2024,21:59,Logistics,"forklift malfunction caused a steel beam to drop, injuring the operator.",IT Server Room,Accident,Yes,Foreign object in eye from grinding debris
Reese Payne,Elliot Holmes,15 February 2025,19:52,Communications,"Worker fell from scaffolding while repairing the hull, resulting in burns.",Cafeteria,Accident,Yes,Electric shock from faulty wiring
Sawyer Pearson,Peyton Holmes,22 September 2024,17:56,Customer Service,Exposure to toxic fumes led to a fractured leg.,Dry Dock 1,Accident,Yes,Dislocated shoulder during equipment maintenance
Cameron Lewis,Taylor Ward,12 May 2024,13:56,Procurement,"Worker fell from ladder while repairing the hull, resulting in burns.",Dry Dock 1,Accident,Yes,Burn from hot welding equipment
Spencer Bennett,Sydney Murphy,01 March 2025,21:15,Operations,"crane malfunction caused electrical fire, injuring two workers.",Warehouse A,Accident,Yes,Hearing damage from loud machinery
Sydney Fisher,Quinn Robinson,20 September 2024,03:26,Ship Maintenance,Exposure to asbestos led to concussion.,Cafeteria,Accident,Yes,Dislocated shoulder during equipment maintenance
Casey Fisher,Quinn Sullivan,14 October 2024,06:05,Communications,"crane malfunction caused a fuel leak, injuring two workers.",Warehouse A,Accident,Yes,Hearing damage from loud machinery
Drew Payne,Charlie West,26 July 2025,14:17,Logistics,"Worker fell from ladder while welding, resulting in burns.",Paint Shop,Accident,Yes,Eye irritation from chemical fumes
Rowan Parker,Chris Mitchell,14 May 2024,03:45,Health & Safety,"Worker fell from scaffolding while welding, resulting in burns.",Electrical Bay,Accident,Yes,Eye irritation from chemical fumes
Jordan Brown,Logan Murphy,18 April 2024,05:51,Environmental Services,Exposure to high-voltage wiring led to concussion.,Dockyard North,Accident,Yes,Crush injury to hand from hydraulic press
Dakota Pearson,Skyler Morgan,06 May 2024,11:43,Fleet Management,Exposure to toxic fumes led to burns.,Reception Area,Accident,Yes,Burn from hot welding equipment
Rowan Walker,Harper Payne,05 November 2024,16:58,Customer Service,"grinder malfunction caused a fuel leak, injuring a contractor.",Office - Admin Block,Accident,Yes,Back strain from improper lifting
Spencer Davis,Spencer Smith,24 March 2025,15:33,Quality Assurance,"forklift malfunction caused a steel beam to drop, injuring the operator.",Main Gate Security,Accident,Yes,Hearing damage from loud machinery
Skyler Davis,Frankie Walker,14 February 2024,10:33,Procurement,"Worker fell from scaffolding while repairing the hull, resulting in a fractured leg.",Fuel Depot,Accident,Yes,Laceration from sharp metal panel
Reese Sullivan,Alex Graham,24 March 2024,05:56,Ship Maintenance,"Worker fell from ship deck while painting, resulting in a fractured leg.",Dockyard South,Accident,Yes,Burn from hot welding equipment
Jamie Fisher,Chris Murray,31 May 2025,01:18,Quality Assurance,"Worker fell from ship deck while painting, resulting in a fractured leg.",Reception Area,Accident,Yes,Fractured ankle due to fall from scaffolding
Finley Brown,Dakota Brown,17 July 2024,01:54,Operations,"Worker fell from ship deck while painting, resulting in a fractured leg.",Main Gate Security,Accident,Yes,Minor cuts and bruises
Jamie Allen,Finley Payne,27 February 2024,10:11,Security,"forklift malfunction caused a fuel leak, injuring a contractor.",Paint Shop,Accident,Yes,Eye irritation from chemical fumes
Morgan Hughes,Quinn Kennedy,27 September 2024,23:20,Operations,"Worker fell from ship deck while repairing the hull, resulting in concussion.",Tool Crib,Accident,Yes,Eye irritation from chemical fumes
Sawyer Murray,Jordan Parker,22 June 2024,16:36,Quality Assurance,"Worker fell from ship deck while painting, resulting in a fractured leg.",Dockyard North,Accident,Yes,Compressed air injury during maintenance
Reese Lewis,Finley Walker,26 February 2025,11:21,Warehouse,"forklift malfunction caused a fuel leak, injuring a contractor.",Paint Shop,Accident,Yes,Minor cuts and bruises
Blake Brown,Spencer Robinson,09 November 2024,03:26,Finance,Exposure to asbestos led to burns.,Engineering Workshop,Accident,Yes,Severe abrasion from slip on deck
Morgan Clark,Frankie Bennett,15 May 2024,08:27,Health & Safety,"Worker fell from scaffolding while repairing the hull, resulting in concussion.",IT Server Room,Accident,Yes,Crush injury to hand from hydraulic press
Rowan Fisher,Chris Holmes,10 March 2024,01:42,Customer Service,"Worker fell from ship deck while repairing the hull, resulting in a fractured leg.",Fuel Depot,Accident,Yes,Eye irritation from chemical fumes
Reese Ward,Riley Davis,15 November 2024,20:16,Quality Assurance,"crane malfunction caused a steel beam to drop, injuring two workers.",Fuel Depot,Accident,Yes,Laceration from sharp metal panel
Blake Graham,Jesse Bailey,20 March 2024,05:35,Legal,Exposure to high-voltage wiring led to burns.,Fleet Garage,Accident,Yes,Compressed air injury during maintenance
Elliot Parker,Reese Walker,09 January 2025,04:43,Quality Assurance,"crane malfunction caused a steel beam to drop, injuring two workers.",Reception Area,Accident,Yes,Compressed air injury during maintenance
Jamie Bailey,Harper Johnson,03 May 2025,16:31,Dockyard Operations,Exposure to high-voltage wiring led to concussion.,Main Gate Security,Accident,Yes,Dislocated shoulder during equipment maintenance
Peyton Reed,Jordan Robinson,12 October 2024,19:55,Logistics,"Worker fell from ship deck while painting, resulting in burns.",Shipyard Pier,Accident,Yes,Puncture wound from misplaced tool
Charlie West,Jordan Parker,30 August 2024,10:13,Finance,"Worker fell from ladder while welding, resulting in burns.",Cafeteria,Accident,Yes,Back strain from improper lifting
Casey Davis,Cameron Kennedy,28 February 2024,10:37,Health & Safety,"forklift malfunction caused a steel beam to drop, injuring the operator.",Fleet Garage,Accident,Yes,Heat exhaustion from prolonged outdoor work
Alex Bennett,Finley Sullivan,20 April 2024,00:27,Customer Service,"Worker fell from scaffolding while welding, resulting in burns.",Warehouse B,Accident,Yes,Heat exhaustion from prolonged outdoor work
Drew Johnson,Harper Davis,19 July 2025,23:42,Dockyard Operations,"Worker fell from ship deck while repairing the hull, resulting in burns.",Shipyard Pier,Accident,Yes,Heat exhaustion from prolonged outdoor work
Taylor Fisher,Drew Foster,30 September 2024,12:14,Legal,"crane malfunction caused electrical fire, injuring the operator.",Training Room,Accident,Yes,Smoke inhalation from fire in electrical bay
Taylor Morgan,Finley Ward,18 March 2025,02:13,Engineering,"forklift malfunction caused a fuel leak, injuring two workers.",Fleet Garage,Accident,Yes,Concussion from falling object
Casey Reed,Logan Smith,18 March 2025,14:55,Ship Maintenance,Exposure to toxic fumes led to concussion.,Cafeteria,Accident,Yes,Chemical burn from solvent exposure
Blake Lewis,Spencer Foster,01 November 2024,00:52,Customer Service,"Worker fell from ladder while repairing the hull, resulting in burns.",Cafeteria,Accident,Yes,Fractured ankle due to fall from scaffolding
Blake Reed,Taylor Clark,23 June 2024,17:48,Ship Maintenance,"crane malfunction caused a fuel leak, injuring the operator.",Main Gate Security,Accident,Yes,Fractured ankle due to fall from scaffolding
Blake Sullivan,Cameron Clark,07 July 2025,13:57,Health & Safety,Exposure to toxic fumes led to a fractured leg.,Fleet Garage,Accident,Yes,Dislocated shoulder during equipment maintenance
Morgan Brown,Riley Bennett,04 August 2025,00:03,Security,"forklift malfunction caused a fuel leak, injuring two workers.",Fleet Garage,Accident,Yes,Severe abrasion from slip on deck
Alex Bailey,Frankie Allen,02 October 2024,12:44,Finance,"crane malfunction caused a steel beam to drop, injuring two workers.",Dockyard South,Accident,Yes,Hearing damage from loud machinery
Jordan Smith,Morgan Ward,11 August 2024,00:27,Environmental Services,Exposure to asbestos led to a fractured leg.,Maintenance Shed,Accident,Yes,Minor cuts and bruises
Taylor Robinson,Harper Murray,10 March 2024,11:57,Finance,"crane malfunction caused a fuel leak, injuring a contractor.",Dockyard North,Accident,Yes,Heat exhaustion from prolonged outdoor work
Jesse Ward,Drew Pearson,13 January 2024,08:50,Dockyard Operations,"crane malfunction caused a steel beam to drop, injuring two workers.",IT Server Room,Accident,Yes,Fractured ankle due to fall from scaffolding
Jesse Morgan,Peyton Walker,21 May 2024,17:10,Health & Safety,"forklift malfunction caused a steel beam to drop, injuring two workers.",Fleet Garage,Accident,Yes,Laceration from sharp metal panel
Taylor Payne,Casey Bailey,02 December 2024,21:57,Fleet Management,"Worker fell from scaffolding while painting, resulting in burns.",Shipyard Pier,Accident,Yes,Foreign object in eye from grinding debris
Spencer Allen,Chris Morgan,17 April 2024,14:45,Communications,"Worker fell from ship deck while repairing the hull, resulting in a fractured leg.",Office - Admin Block,Accident,Yes,Severe abrasion from slip on deck
Drew Clark,Charlie Morgan,21 June 2024,13:51,Health & Safety,"Worker fell from ladder while painting, resulting in burns.",Engineering Workshop,Accident,Yes,Heat exhaustion from prolonged outdoor work
Reese Payne,Morgan Smith,02 July 2025,07:52,Engineering,Exposure to asbestos led to burns.,Cafeteria,Accident,Yes,Back strain from improper lifting
Sawyer Mitchell,Jesse Johnson,17 January 2024,07:45,Engineering,Exposure to high-voltage wiring led to concussion.,Dry Dock 2,Accident,Yes,Crush injury to hand from hydraulic press
Finley Smith,Cameron Davis,16 September 2024,02:51,Dockyard Operations,Exposure to high-voltage wiring led to a fractured leg.,Cafeteria,Accident,Yes,Laceration from sharp metal panel
Sydney Morgan,Chris Morgan,11 May 2025,02:21,Engineering,"Worker fell from ladder while welding, resulting in a fractured leg.",Office - Admin Block,Accident,Yes,Foreign object in eye from grinding debris
Alex Foster,Sawyer Lee,24 May 2024,21:44,Research & Development,"grinder malfunction caused a fuel leak, injuring two workers.",Paint Shop,Accident,Yes,Eye irritation from chemical fumes
Avery Smith,Drew Graham,28 July 2024,13:32,Warehouse,"Worker fell from ladder while painting, resulting in burns.",Dockyard North,Accident,Yes,Eye irritation from chemical fumes
Quinn Walker,Kai Payne,24 May 2024,14:52,Quality Assurance,"Worker fell from scaffolding while repairing the hull, resulting in concussion.",Reception Area,Accident,Yes,Minor cuts and bruises
Elliot Davis,Rowan Foster,27 April 2024,23:58,HR,Exposure to high-voltage wiring led to a fractured leg.,Fleet Garage,Accident,Yes,Concussion from falling object
Avery Murray,Rowan Sullivan,20 May 2024,17:16,Health & Safety,"grinder malfunction caused electrical fire, injuring two workers.",Dockyard South,Accident,Yes,Laceration from sharp metal panel
Taylor Davis,Frankie Foster,08 June 2024,20:21,Quality Assurance,"Worker fell from ship deck while painting, resulting in burns.",Dockyard South,Accident,Yes,Chemical burn from solvent exposure
Reese Allen,Quinn Kennedy,22 June 2025,13:56,Facilities,"Worker fell from ship deck while repairing the hull, resulting in burns.",Training Room,Accident,Yes,Back strain from improper lifting
Cameron Hughes,Charlie Mitchell,04 February 2025,08:58,Operations,"crane malfunction caused a steel beam to drop, injuring two workers.",Reception Area,Accident,Yes,Concussion from falling object
Dakota Johnson,Blake Bailey,09 May 2024,16:08,Legal,Exposure to high-voltage wiring led to concussion.,Office - Admin Block,Accident,Yes,Fractured ankle due to fall from scaffolding
Reese Murphy,Morgan West,15 April 2024,01:41,IT,Exposure to asbestos led to concussion.,Dockyard South,Accident,Yes,Foreign object in eye from grinding debris
Rowan Bailey,Alex Mitchell,20 October 2024,23:05,Logistics,Exposure to toxic fumes led to a fractured leg.,Training Room,Accident,Yes,Heat exhaustion from prolonged outdoor work
Frankie Graham,Reese Allen,24 August 2024,13:29,Legal,"Worker fell from ship deck while repairing the hull, resulting in concussion.",Shipyard Pier,Accident,Yes,Puncture wound from misplaced tool
Finley Fisher,Frankie Lewis,21 May 2025,05:23,Research & Development,"forklift malfunction caused a fuel leak, injuring the operator.",Fleet Garage,Accident,Yes,Minor cuts and bruises
Kai Ward,Emerson Lewis,13 October 2024,07:37,Procurement,"crane malfunction caused a fuel leak, injuring the operator.",Dockyard North,Accident,Yes,Compressed air injury during maintenance
Blake Kennedy,Harper Robinson,21 May 2024,20:48,Training & Development,"grinder malfunction caused a steel beam to drop, injuring a contractor.",Main Gate Security,Accident,Yes,Fractured wrist from fall on wet surface
Rowan Payne,Cameron Johnson,29 February 2024,10:17,HR,"Worker fell from scaffolding while painting, resulting in concussion.",Engineering Workshop,Accident,Yes,Foreign object in eye from grinding debris
Skyler Holmes,Kai Lewis,10 February 2025,00:19,Legal,"Worker fell from ladder while painting, resulting in concussion.",Main Gate Security,Accident,Yes,Hearing damage from loud machinery
Peyton Kennedy,Charlie Holmes,25 February 2025,05:29,Environmental Services,Exposure to asbestos led to a fractured leg.,Dockyard North,Accident,Yes,Dislocated shoulder during equipment maintenance
Casey Fisher,Quinn Parker,20 December 2024,15:36,Communications,"forklift malfunction caused a fuel leak, injuring the operator.",Shipyard Pier,Accident,Yes,Concussion from falling object
Reese Fisher,Riley Holmes,27 February 2024,11:10,Quality Assurance,"Worker fell from scaffolding while welding, resulting in concussion.",Shipyard Pier,Accident,Yes,Hearing damage from loud machinery
Finley Robinson,Kai Sullivan,04 January 2024,15:41,Security,"forklift malfunction caused a fuel leak, injuring the operator.",IT Server Room,Accident,Yes,Dislocated shoulder during equipment maintenance
Harper Sullivan,Blake West,11 June 2024,03:57,Facilities,"grinder malfunction caused a steel beam to drop, injuring two workers.",Dockyard South,Accident,Yes,Crush injury to hand from hydraulic press
Harper Reed,Frankie Kennedy,13 February 2024,22:19,Ship Maintenance,"crane malfunction caused a fuel leak, injuring a contractor.",Dry Dock 2,Accident,Yes,Laceration from sharp metal panel
Alex Robinson,Jamie Graham,05 June 2024,11:22,Communications,"forklift malfunction caused a steel beam to drop, injuring a contractor.",Main Gate Security,Accident,Yes,Concussion from falling object
Skyler Parker,Chris Cooper,13 February 2024,08:14,HR,"Worker fell from ladder while welding, resulting in burns.",Engineering Workshop,Accident,Yes,Fractured ankle due to fall from scaffolding
Elliot Ward,Elliot Parker,17 March 2025,06:28,Warehouse,"Worker fell from ladder while welding, resulting in burns.",Dockyard South,Accident,Yes,Fractured ankle due to fall from scaffolding
Spencer Allen,Morgan Bailey,27 May 2024,19:45,Legal,"Worker fell from ladder while painting, resulting in a fractured leg.",Dry Dock 1,Accident,Yes,Minor cuts and bruises
Jesse Mitchell,Logan Morgan,13 July 2025,16:49,Ship Maintenance,"Worker fell from ladder while welding, resulting in a fractured leg.",Maintenance Shed,Accident,Yes,Foreign object in eye from grinding debris
Morgan Mitchell,Chris Allen,07 February 2025,02:56,Ship Maintenance,"grinder malfunction caused electrical fire, injuring two workers.",IT Server Room,Accident,Yes,Back strain from improper lifting
Blake Murray,Charlie Clark,04 January 2025,17:26,Customer Service,Exposure to asbestos led to concussion.,Dockyard South,Accident,Yes,Trip hazard fall resulting in bruising
Skyler Davis,Quinn Bennett,15 July 2025,21:22,Engineering,Exposure to toxic fumes led to concussion.,Paint Shop,Accident,Yes,Fractured ankle due to fall from scaffolding
Jordan Payne,Emerson Lewis,08 February 2024,15:04,Customer Service,"crane malfunction caused a steel beam to drop, injuring the operator.",Electrical Bay,Accident,Yes,Fractured ankle due to fall from scaffolding
Sydney Bailey,Logan Lee,27 July 2024,03:05,HR,"crane malfunction caused a fuel leak, injuring a contractor.",Dockyard North,Accident,Yes,Dislocated shoulder during equipment maintenance
Morgan Smith,Quinn Robinson,27 March 2025,13:02,Fleet Management,"grinder malfunction caused a fuel leak, injuring the operator.",Engineering Workshop,Accident,Yes,Crush injury to hand from hydraulic press
Quinn Fisher,Quinn Davis,19 January 2025,06:13,Logistics,Exposure to high-voltage wiring led to burns.,Warehouse B,Accident,Yes,Dislocated shoulder during equipment maintenance
Jordan Fisher,Taylor Hughes,15 July 2025,02:08,Procurement,"grinder malfunction caused electrical fire, injuring a contractor.",Fuel Depot,Accident,Yes,Hearing damage from loud machinery
Logan Graham,Rowan Cooper,15 May 2025,00:36,IT,"Worker fell from ship deck while welding, resulting in burns.",Training Room,Accident,Yes,Electric shock from faulty wiring
Casey Smith,Jordan Bailey,16 September 2024,11:23,Legal,"forklift malfunction caused electrical fire, injuring the operator.",Paint Shop,Accident,Yes,Foreign object in eye from grinding debris
Avery Brown,Drew Allen,27 December 2024,14:10,Operations,"Worker fell from scaffolding while painting, resulting in a fractured leg.",Office - Admin Block,Accident,Yes,Eye irritation from chemical fumes
Charlie Fisher,Rowan Reed,16 November 2024,13:59,Operations,Exposure to toxic fumes led to concussion.,Maintenance Shed,Accident,Yes,Dislocated shoulder during equipment maintenance
Elliot Murphy,Frankie West,10 April 2024,08:19,Customer Service,Exposure to high-voltage wiring led to concussion.,Engineering Workshop,Accident,Yes,Burn from hot welding equipment
Casey Davis,Cameron Smith,13 July 2024,08:55,Fleet Management,Exposure to asbestos led to concussion.,Paint Shop,Accident,Yes,Eye irritation from chemical fumes
Cameron Hughes,Chris Parker,30 January 2025,16:17,Dockyard Operations,"Worker fell from ladder while repairing the hull, resulting in a fractured leg.",Warehouse A,Accident,Yes,Electric shock from faulty wiring
Charlie Hughes,Frankie Hughes,21 July 2025,13:01,Facilities,"crane malfunction caused a fuel leak, injuring two workers.",Paint Shop,Accident,Yes,Smoke inhalation from fire in electrical bay
Sawyer Graham,Chris Lewis,04 August 2024,08:21,Operations,"forklift malfunction caused a fuel leak, injuring a contractor.",Dry Dock 1,Accident,Yes,Dislocated shoulder during equipment maintenance
Skyler Morgan,Jordan Payne,03 July 2025,21:51,Engineering,"Worker fell from scaffolding while repairing the hull, resulting in a fractured leg.",Reception Area,Accident,Yes,Smoke inhalation from fire in electrical bay
Logan Smith,Quinn Pearson,17 April 2025,08:47,Fleet Management,Exposure to toxic fumes led to a fractured leg.,Dockyard North,Accident,Yes,Trip hazard fall resulting in bruising
Frankie Murray,Quinn Pearson,13 May 2025,14:45,Finance,Exposure to asbestos led to a fractured leg.,Dry Dock 1,Accident,Yes,Smoke inhalation from fire in electrical bay
Reese Mitchell,Kai Cooper,07 June 2024,19:04,Procurement,"Worker fell from ladder while repairing the hull, resulting in concussion.",Dockyard South,Accident,Yes,Minor cuts and bruises
Finley Allen,Kai West,29 July 2025,17:10,Research & Development,Exposure to high-voltage wiring led to burns.,Dry Dock 1,Accident,Yes,Back strain from improper lifting
Rowan Murray,Avery Clark,26 December 2024,17:10,Procurement,"crane malfunction caused a steel beam to drop, injuring a contractor.",Dry Dock 1,Accident,Yes,Hearing damage from loud machinery
Frankie Holmes,Quinn Brown,13 May 2024,16:08,IT,"Worker fell from ladder while repairing the hull, resulting in concussion.",Office - Admin Block,Accident,Yes,Puncture wound from misplaced tool
Emerson Davis,Sydney Clark,12 July 2024,08:31,Training & Development,Exposure to toxic fumes led to concussion.,Engineering Workshop,Accident,Yes,Hearing damage from loud machinery
Riley Hughes,Blake Morgan,07 May 2025,01:03,Security,Exposure to asbestos led to a fractured leg.,Office - Admin Block,Accident,Yes,Eye irritation from chemical fumes
Alex Holmes,Frankie Payne,02 January 2024,07:29,Warehouse,Exposure to high-voltage wiring led to burns.,Paint Shop,Accident,Yes,Heat exhaustion from prolonged outdoor work
Taylor Johnson,Riley Ward,24 May 2025,10:43,Warehouse,Exposure to toxic fumes led to burns.,Cafeteria,Accident,Yes,Compressed air injury during maintenance
Cameron Bennett,Rowan Cooper,10 January 2024,13:17,Training & Development,Exposure to toxic fumes led to concussion.,Fleet Garage,Accident,Yes,Chemical burn from solvent exposure
Sydney West,Reese Murphy,05 January 2025,21:47,HR,"forklift malfunction caused a steel beam to drop, injuring two workers.",Dry Dock 2,Accident,Yes,Crush injury to hand from hydraulic press
Kai Graham,Frankie Ward,15 February 2025,21:55,Facilities,Exposure to asbestos led to a fractured leg.,Fuel Depot,Accident,Yes,Hearing damage from loud machinery
Peyton Graham,Avery Cooper,27 September 2024,01:12,Environmental Services,"forklift malfunction caused a steel beam to drop, injuring a contractor.",Fleet Garage,Accident,Yes,Eye irritation from chemical fumes
Jordan Kennedy,Riley Hughes,29 May 2025,17:37,Research & Development,"forklift malfunction caused electrical fire, injuring the operator.",Cafeteria,Accident,Yes,Minor cuts and bruises
Elliot Reed,Alex Payne,27 March 2025,13:43,IT,"Worker fell from ship deck while welding, resulting in burns.",Dockyard South,Accident,Yes,Dislocated shoulder during equipment maintenance
Drew Lewis,Quinn Murray,30 December 2024,13:10,Fleet Management,Exposure to asbestos led to a fractured leg.,Warehouse B,Accident,Yes,Back strain from improper lifting
Rowan Clark,Quinn Bailey,30 January 2024,11:25,IT,"Worker fell from ladder while painting, resulting in a fractured leg.",Shipyard Pier,Accident,Yes,Fractured wrist from fall on wet surface
Skyler Bennett,Riley Brown,09 March 2025,20:36,Procurement,"grinder malfunction caused a fuel leak, injuring a contractor.",Training Room,Accident,Yes,Severe abrasion from slip on deck
Alex Sullivan,Reese Payne,28 June 2024,19:41,Legal,"Worker fell from ladder while welding, resulting in a fractured leg.",Fleet Garage,Accident,Yes,Compressed air injury during maintenance
Harper Clark,Dakota Walker,17 January 2025,11:48,Quality Assurance,"crane malfunction caused a fuel leak, injuring a contractor.",IT Server Room,Accident,Yes,Severe abrasion from slip on deck
Riley Murphy,Harper Sullivan,01 November 2024,09:55,HR,Exposure to asbestos led to a fractured leg.,Warehouse B,Accident,Yes,Crush injury to hand from hydraulic press
Morgan Pearson,Jesse Morgan,03 January 2024,13:04,Operations,"Worker fell from ship deck while repairing the hull, resulting in a fractured leg.",Warehouse A,Accident,Yes,Puncture wound from misplaced tool
Drew Bailey,Alex Murray,09 February 2024,15:21,Quality Assurance,Exposure to asbestos led to concussion.,Shipyard Pier,Accident,Yes,Minor cuts and bruises
Harper Walker,Logan Allen,26 February 2025,13:24,Security,"grinder malfunction caused electrical fire, injuring two workers.",Fuel Depot,Accident,Yes,Minor cuts and bruises
Blake Fisher,Casey Parker,29 June 2025,23:37,Dockyard Operations,"Worker fell from ladder while repairing the hull, resulting in concussion.",Cafeteria,Accident,Yes,Chemical burn from solvent exposure
Reese Smith,Drew Graham,08 January 2024,08:56,Logistics,"grinder malfunction caused a steel beam to drop, injuring the operator.",Paint Shop,Accident,Yes,Electric shock from faulty wiring
Quinn Morgan,Sydney Foster,16 March 2024,00:58,Research & Development,"forklift malfunction caused a steel beam to drop, injuring two workers.",Office - Admin Block,Accident,Yes,Trip hazard fall resulting in bruising
Casey Davis,Alex Walker,14 April 2024,03:04,IT,"grinder malfunction caused a fuel leak, injuring a contractor.",Maintenance Shed,Accident,Yes,Compressed air injury during maintenance
Blake Graham,Emerson Lewis,25 February 2025,12:54,Training & Development,"grinder malfunction caused a steel beam to drop, injuring the operator.",Maintenance Shed,Accident,Yes,Crush injury to hand from hydraulic press
Elliot Foster,Jordan Graham,15 November 2024,14:08,Customer Service,"crane malfunction caused electrical fire, injuring the operator.",Fuel Depot,Accident,Yes,Minor cuts and bruises
Jordan Reed,Kai West,20 November 2024,10:37,Health & Safety,"grinder malfunction caused a fuel leak, injuring the operator.",Cafeteria,Accident,Yes,Back strain from improper lifting
Casey Holmes,Jamie Fisher,23 July 2025,23:05,Warehouse,Exposure to high-voltage wiring led to concussion.,Warehouse A,Accident,Yes,Laceration from sharp metal panel
Quinn Holmes,Peyton Walker,17 July 2024,13:30,Research & Development,Exposure to toxic fumes led to a fractured leg.,Warehouse B,Accident,Yes,Compressed air injury during maintenance
Sawyer Graham,Reese Allen,06 June 2025,01:05,Environmental Services,"Worker fell from scaffolding while repairing the hull, resulting in burns.",Fleet Garage,Accident,Yes,Heat exhaustion from prolonged outdoor work
Quinn West,Morgan Kennedy,25 September 2024,13:09,Communications,Exposure to asbestos led to burns.,Dry Dock 1,Accident,Yes,Laceration from sharp metal panel
Emerson Bennett,Elliot Robinson,09 December 2024,05:23,Warehouse,Exposure to toxic fumes led to burns.,Dockyard South,Accident,Yes,Dislocated shoulder during equipment maintenance
Cameron Robinson,Peyton Brown,27 June 2025,17:30,Health & Safety,"Worker fell from ship deck while painting, resulting in burns.",Fleet Garage,Accident,Yes,Smoke inhalation from fire in electrical bay
Drew Murray,Spencer Brown,30 June 2025,22:33,Ship Maintenance,Exposure to asbestos led to burns.,Dockyard South,Accident,Yes,Heat exhaustion from prolonged outdoor work
Cameron Ward,Harper Clark,24 July 2025,23:57,Finance,"grinder malfunction caused a fuel leak, injuring a contractor.",Tool Crib,Accident,Yes,Crush injury to hand from hydraulic press
Jamie Foster,Morgan Cooper,20 June 2025,02:10,Research & Development,Exposure to asbestos led to a fractured leg.,Training Room,Accident,Yes,Fractured wrist from fall on wet surface
Jordan Pearson,Taylor Sullivan,17 October 2024,14:11,Dockyard Operations,"Worker fell from scaffolding while painting, resulting in a fractured leg.",Shipyard Pier,Accident,Yes,Fractured ankle due to fall from scaffolding
Taylor West,Blake Allen,04 February 2024,19:48,Training & Development,"crane malfunction caused a fuel leak, injuring the operator.",Office - Admin Block,Accident,Yes,Crush injury to hand from hydraulic press
Dakota Davis,Skyler Lee,26 December 2024,21:44,Fleet Management,"Worker fell from ladder while painting, resulting in concussion.",Electrical Bay,Accident,Yes,Trip hazard fall resulting in bruising
Charlie Graham,Dakota Fisher,09 February 2024,20:14,Ship Maintenance,"forklift malfunction caused electrical fire, injuring two workers.",Fleet Garage,Accident,Yes,Fractured wrist from fall on wet surface
Drew Allen,Quinn Foster,01 November 2024,21:21,Warehouse,Exposure to toxic fumes led to a fractured leg.,Paint Shop,Accident,Yes,Heat exhaustion from prolonged outdoor work
Peyton Mitchell,Finley Hughes,21 June 2025,11:24,Training & Development,Exposure to high-voltage wiring led to concussion.,Paint Shop,Accident,Yes,Fractured ankle due to fall from scaffolding
Kai Holmes,Drew Pearson,08 November 2024,00:15,Training & Development,Exposure to asbestos led to a fractured leg.,Tool Crib,Accident,Yes,Hearing damage from loud machinery
Frankie Kennedy,Logan Lee,14 January 2024,05:20,Research & Development,"Worker fell from ship deck while painting, resulting in concussion.",Shipyard Pier,Accident,Yes,Puncture wound from misplaced tool
Blake Walker,Alex Sullivan,03 March 2024,09:22,Health & Safety,"grinder malfunction caused electrical fire, injuring a contractor.",Tool Crib,Accident,Yes,Puncture wound from misplaced tool
Emerson Davis,Avery Bennett,16 September 2024,00:08,Procurement,"Worker fell from ladder while repairing the hull, resulting in concussion.",Shipyard Pier,Accident,Yes,Hearing damage from loud machinery
Emerson Bailey,Cameron Reed,21 August 2025,01:44,Facilities,"Worker fell from ladder while welding, resulting in a fractured leg.",Paint Shop,Accident,Yes,Concussion from falling object
Riley Sullivan,Chris Graham,12 April 2025,12:48,Environmental Services,"Worker fell from ladder while painting, resulting in a fractured leg.",Fleet Garage,Accident,Yes,Puncture wound from misplaced tool
Elliot Murphy,Emerson Hughes,10 October 2024,14:08,Operations,Exposure to asbestos led to concussion.,Engineering Workshop,Accident,Yes,Hearing damage from loud machinery
Charlie Smith,Elliot Walker,31 December 2024,15:17,Facilities,"Worker fell from ship deck while welding, resulting in a fractured leg.",Engineering Workshop,Accident,Yes,Fractured ankle due to fall from scaffolding
Peyton Graham,Riley Lewis,04 January 2025,08:46,Logistics,"Worker fell from scaffolding while welding, resulting in concussion.",Paint Shop,Accident,Yes,Electric shock from faulty wiring
Spencer Payne,Peyton Fisher,10 June 2025,19:16,HR,"Worker fell from scaffolding while painting, resulting in concussion.",Electrical Bay,Accident,Yes,Concussion from falling object
Finley Pearson,Casey Johnson,22 August 2025,14:18,Communications,Exposure to toxic fumes led to concussion.,IT Server Room,Accident,Yes,Puncture wound from misplaced tool
Jamie Allen,Finley Graham,23 March 2024,19:29,Logistics,Exposure to toxic fumes led to burns.,Maintenance Shed,Accident,Yes,Back strain from improper lifting
Riley Bailey,Avery Brown,31 December 2024,23:31,IT,Exposure to toxic fumes led to burns.,Warehouse B,Accident,Yes,Smoke inhalation from fire in electrical bay
Dakota Bennett,Taylor Robinson,17 February 2024,16:27,Environmental Services,"crane malfunction caused electrical fire, injuring the operator.",Dockyard North,Accident,Yes,Minor cuts and bruises
Harper Mitchell,Reese Murphy,23 January 2025,13:24,Legal,"forklift malfunction caused a fuel leak, injuring two workers.",Reception Area,Accident,Yes,Hearing damage from loud machinery
Harper Cooper,Chris Pearson,12 June 2024,13:54,Health & Safety,"Worker fell from ship deck while welding, resulting in burns.",Engineering Workshop,Accident,Yes,Crush injury to hand from hydraulic press
Sawyer Allen,Drew Smith,20 May 2024,23:22,Finance,"Worker fell from ladder while painting, resulting in a fractured leg.",Training Room,Accident,Yes,Severe abrasion from slip on deck
Peyton Reed,Chris Clark,11 June 2025,16:21,Customer Service,"Worker fell from ladder while welding, resulting in concussion.",Fuel Depot,Accident,Yes,Fractured ankle due to fall from scaffolding
Casey Pearson,Sydney Morgan,26 January 2025,23:07,Finance,"crane malfunction caused a steel beam to drop, injuring two workers.",Tool Crib,Accident,Yes,Severe abrasion from slip on deck
Jesse Robinson,Rowan Payne,27 July 2024,09:33,Fleet Management,Exposure to high-voltage wiring led to a fractured leg.,Dockyard North,Accident,Yes,Crush injury to hand from hydraulic press
Frankie Clark,Rowan Cooper,11 June 2024,16:32,Fleet Management,Exposure to high-voltage wiring led to a fractured leg.,Main Gate Security,Accident,Yes,Hearing damage from loud machinery
Avery Murray,Drew Cooper,07 January 2025,09:52,Environmental Services,"forklift malfunction caused a steel beam to drop, injuring the operator.",Fleet Garage,Accident,Yes,Heat exhaustion from prolonged outdoor work
Cameron Sullivan,Jamie Parker,03 February 2024,01:45,Facilities,Exposure to high-voltage wiring led to burns.,Main Gate Security,Accident,Yes,Burn from hot welding equipment
Elliot Brown,Alex Davis,14 January 2025,01:18,Health & Safety,"grinder malfunction caused a steel beam to drop, injuring two workers.",Shipyard Pier,Accident,Yes,Hearing damage from loud machinery
Casey Smith,Spencer Fisher,29 October 2024,22:58,HR,Exposure to toxic fumes led to burns.,Paint Shop,Accident,Yes,Chemical burn from solvent exposure
Morgan Walker,Blake Murray,18 June 2025,09:41,Engineering,"grinder malfunction caused a steel beam to drop, injuring a contractor.",Dry Dock 1,Accident,Yes,Smoke inhalation from fire in electrical bay
Blake Mitchell,Chris Brown,05 May 2024,04:50,Training & Development,"forklift malfunction caused a fuel leak, injuring the operator.",Tool Crib,Accident,Yes,Electric shock from faulty wiring
Frankie Morgan,Jamie Clark,03 April 2024,20:58,Engineering,"Worker fell from scaffolding while welding, resulting in concussion.",Dockyard South,Accident,Yes,Fractured ankle due to fall from scaffolding
Frankie Kennedy,Rowan Payne,02 September 2024,15:02,Communications,"forklift malfunction caused a fuel leak, injuring two workers.",Reception Area,Accident,Yes,Compressed air injury during maintenance
Elliot Murray,Elliot Murphy,24 November 2024,02:20,Logistics,"crane malfunction caused a fuel leak, injuring a contractor.",Fleet Garage,Accident,Yes,Crush injury to hand from hydraulic press
Spencer Hughes,Frankie Clark,05 April 2025,22:17,Security,"grinder malfunction caused electrical fire, injuring a contractor.",Fuel Depot,Accident,Yes,Crush injury to hand from hydraulic press
Jamie Foster,Avery Morgan,20 April 2025,18:34,Fleet Management,Exposure to high-voltage wiring led to a fractured leg.,Dockyard South,Accident,Yes,Compressed air injury during maintenance
Dakota Graham,Peyton Kennedy,01 June 2024,16:37,HR,Exposure to high-voltage wiring led to a fractured leg.,Engineering Workshop,Accident,Yes,Compressed air injury during maintenance
Finley Kennedy,Elliot Cooper,12 April 2025,22:57,Environmental Services,"grinder malfunction caused a steel beam to drop, injuring a contractor.",Engineering Workshop,Accident,Yes,Puncture wound from misplaced tool
Avery Johnson,Rowan Reed,06 September 2024,09:25,Quality Assurance,"grinder malfunction caused a steel beam to drop, injuring the operator.",IT Server Room,Accident,Yes,Electric shock from faulty wiring
Kai West,Frankie Allen,17 September 2024,19:47,Research & Development,Exposure to high-voltage wiring led to burns.,Office - Admin Block,Accident,Yes,Fractured ankle due to fall from scaffolding
Charlie Foster,Chris Pearson,22 May 2024,14:24,Warehouse,"Worker fell from ladder while painting, resulting in concussion.",Electrical Bay,Accident,Yes,Puncture wound from misplaced tool
Frankie Morgan,Avery Smith,06 December 2024,15:30,Environmental Services,"grinder malfunction caused a fuel leak, injuring a contractor.",Engineering Workshop,Accident,Yes,Fractured wrist from fall on wet surface
Charlie Davis,Dakota Kennedy,18 August 2024,20:07,Security,"Worker fell from ladder while welding, resulting in a fractured leg.",Training Room,Accident,Yes,Compressed air injury during maintenance
Harper Lewis,Avery Walker,20 February 2025,00:56,Fleet Management,"Worker fell from scaffolding while repairing the hull, resulting in burns.",Warehouse B,Accident,Yes,Crush injury to hand from hydraulic press
Cameron Morgan,Reese Murray,06 June 2024,15:46,Fleet Management,"grinder malfunction caused a steel beam to drop, injuring the operator.",Training Room,Accident,Yes,Concussion from falling object
Drew Walker,Dakota Ward,09 October 2024,14:09,Warehouse,Exposure to toxic fumes led to concussion.,Engineering Workshop,Accident,Yes,Severe abrasion from slip on deck
Chris Graham,Logan Walker,12 July 2025,17:31,Procurement,"grinder malfunction caused electrical fire, injuring the operator.",Electrical Bay,Accident,Yes,Back strain from improper lifting
Cameron Kennedy,Morgan Allen,22 February 2024,10:17,Environmental Services,"forklift malfunction caused electrical fire, injuring two workers.",Engineering Workshop,Accident,Yes,Smoke inhalation from fire in electrical bay
Elliot Sullivan,Peyton Allen,29 November 2024,17:46,Facilities,"grinder malfunction caused a fuel leak, injuring a contractor.",Dockyard South,Accident,Yes,Fractured ankle due to fall from scaffolding
Elliot Fisher,Finley Bennett,14 September 2024,12:55,Training & Development,"Worker fell from scaffolding while painting, resulting in a fractured leg.",Paint Shop,Accident,Yes,Severe abrasion from slip on deck
Drew West,Kai Lewis,03 August 2025,11:54,Customer Service,"Worker fell from ship deck while repairing the hull, resulting in burns.",Warehouse B,Accident,Yes,Foreign object in eye from grinding debris
Jesse Smith,Dakota Hughes,10 May 2025,13:36,Security,"grinder malfunction caused a fuel leak, injuring the operator.",Dockyard South,Accident,Yes,Laceration from sharp metal panel
Peyton Fisher,Cameron West,12 February 2024,06:18,Customer Service,"forklift malfunction caused a steel beam to drop, injuring a contractor.",Dockyard North,Accident,Yes,Fractured wrist from fall on wet surface
Chris Cooper,Kai Kennedy,01 February 2024,15:12,Ship Maintenance,"crane malfunction caused a steel beam to drop, injuring two workers.",Dry Dock 1,Accident,Yes,Compressed air injury during maintenance
Harper Clark,Elliot Holmes,02 June 2024,00:43,Dockyard Operations,"Worker fell from ladder while welding, resulting in concussion.",IT Server Room,Accident,Yes,Fractured wrist from fall on wet surface
Chris Cooper,Peyton Davis,06 July 2025,00:55,HR,"Worker fell from ship deck while welding, resulting in a fractured leg.",Cafeteria,Accident,Yes,Laceration from sharp metal panel
Riley Bennett,Casey Brown,28 April 2024,08:56,Facilities,"crane malfunction caused electrical fire, injuring a contractor.",Main Gate Security,Accident,Yes,Severe abrasion from slip on deck
Dakota Murphy,Reese Cooper,21 March 2024,10:58,Finance,Exposure to asbestos led to burns.,Office - Admin Block,Accident,Yes,Crush injury to hand from hydraulic press
Sydney Foster,Casey Murray,12 June 2024,03:49,Operations,Exposure to toxic fumes led to burns.,Dry Dock 1,Accident,Yes,Puncture wound from misplaced tool
Finley Murray,Cameron Bennett,11 May 2024,00:13,Security,"Worker fell from scaffolding while repairing the hull, resulting in a fractured leg.",Engineering Workshop,Accident,Yes,Crush injury to hand from hydraulic press
Spencer Murphy,Emerson Johnson,22 January 2025,09:32,Fleet Management,Exposure to asbestos led to a fractured leg.,Engineering Workshop,Accident,Yes,Eye irritation from chemical fumes
Casey Cooper,Morgan Ward,18 April 2025,21:10,Research & Development,"crane malfunction caused a steel beam to drop, injuring the operator.",Office - Admin Block,Accident,Yes,Trip hazard fall resulting in bruising
Casey Mitchell,Elliot Robinson,18 August 2025,21:54,Warehouse,Exposure to high-voltage wiring led to burns.,Tool Crib,Accident,Yes,Hearing damage from loud machinery
Alex Lewis,Sawyer Allen,19 July 2024,03:31,Customer Service,"crane malfunction caused electrical fire, injuring two workers.",Electrical Bay,Accident,Yes,Compressed air injury during maintenance
Riley West,Dakota Ward,09 August 2025,02:13,Fleet Management,"forklift malfunction caused a steel beam to drop, injuring a contractor.",Paint Shop,Accident,Yes,Electric shock from faulty wiring
Cameron Walker,Morgan Mitchell,16 May 2025,21:37,Fleet Management,"grinder malfunction caused a fuel leak, injuring a contractor.",IT Server Room,Accident,Yes,Foreign object in eye from grinding debris
Quinn Smith,Jamie Foster,28 March 2024,19:25,Engineering,"Worker fell from ladder while welding, resulting in concussion.",Dockyard South,Accident,Yes,Puncture wound from misplaced tool
Reese Pearson,Casey Kennedy,08 November 2024,18:28,Legal,"Worker fell from ladder while painting, resulting in concussion.",Office - Admin Block,Accident,Yes,Trip hazard fall resulting in bruising
Quinn Brown,Chris Brown,05 September 2024,13:23,Quality Assurance,"grinder malfunction caused a steel beam to drop, injuring a contractor.",Fleet Garage,Accident,Yes,Crush injury to hand from hydraulic press
Sawyer Mitchell,Sawyer Clark,19 April 2025,13:58,Environmental Services,"Worker fell from ladder while welding, resulting in a fractured leg.",IT Server Room,Accident,Yes,Smoke inhalation from fire in electrical bay
Spencer Johnson,Jordan Reed,12 December 2024,20:13,Legal,"Worker fell from scaffolding while painting, resulting in concussion.",Fuel Depot,Accident,Yes,Electric shock from faulty wiring
Alex Kennedy,Reese Fisher,21 September 2024,06:09,Customer Service,"grinder malfunction caused electrical fire, injuring a contractor.",Dry Dock 2,Accident,Yes,Back strain from improper lifting
Logan Clark,Emerson Fisher,20 April 2025,23:47,Training & Development,Exposure to toxic fumes led to concussion.,Dry Dock 2,Accident,Yes,Hearing damage from loud machinery
Jesse West,Kai Brown,28 May 2025,14:30,IT,"crane malfunction caused a fuel leak, injuring a contractor.",Cafeteria,Accident,Yes,Laceration from sharp metal panel
Emerson Murray,Jordan Walker,16 January 2024,14:25,Communications,Exposure to asbestos led to a fractured leg.,Fuel Depot,Accident,Yes,Minor cuts and bruises
Jordan Payne,Sydney Pearson,20 July 2024,23:31,Communications,"Worker fell from ship deck while painting, resulting in concussion.",Maintenance Shed,Accident,Yes,Concussion from falling object
Sydney Sullivan,Kai Parker,21 March 2024,17:19,Customer Service,Exposure to toxic fumes led to burns.,Reception Area,Accident,Yes,Eye irritation from chemical fumes
Kai Graham,Peyton Walker,28 November 2024,20:12,Environmental Services,"Worker fell from ship deck while repairing the hull, resulting in concussion.",Shipyard Pier,Accident,Yes,Fractured ankle due to fall from scaffolding
Dakota Cooper,Chris Cooper,13 August 2024,07:11,IT,Exposure to asbestos led to a fractured leg.,Electrical Bay,Accident,Yes,Eye irritation from chemical fumes
Elliot Bailey,Reese Murphy,20 February 2025,22:11,Warehouse,"Worker fell from ladder while welding, resulting in burns.",Warehouse B,Accident,Yes,Back strain from improper lifting
Reese Lewis,Sydney Murphy,07 April 2025,11:54,Operations,"Worker fell from ladder while painting, resulting in a fractured leg.",Fleet Garage,Accident,Yes,Crush injury to hand from hydraulic press
Peyton Bennett,Skyler Fisher,18 March 2025,00:01,Customer Service,Exposure to toxic fumes led to concussion.,Fleet Garage,Accident,Yes,Foreign object in eye from grinding debris
Logan Pearson,Rowan Reed,03 April 2024,12:38,Security,"Worker fell from ladder while painting, resulting in burns.",Dry Dock 2,Accident,Yes,Electric shock from faulty wiring
Elliot Robinson,Casey Allen,17 April 2025,16:09,Legal,"forklift malfunction caused electrical fire, injuring a contractor.",Reception Area,Accident,Yes,Chemical burn from solvent exposure
Skyler Ward,Sawyer Parker,03 July 2025,16:10,Engineering,Exposure to asbestos led to concussion.,Electrical Bay,Accident,Yes,Concussion from falling object
Charlie Brown,Riley Morgan,29 June 2024,13:25,Ship Maintenance,"forklift malfunction caused electrical fire, injuring a contractor.",Warehouse A,Accident,Yes,Electric shock from faulty wiring
Skyler Pearson,Blake Ward,15 February 2025,21:21,Procurement,"Worker fell from ladder while welding, resulting in concussion.",Office - Admin Block,Accident,Yes,Heat exhaustion from prolonged outdoor work
Drew Lee,Quinn Foster,04 November 2024,00:58,Research & Development,"Worker fell from ladder while welding, resulting in burns.",Main Gate Security,Accident,Yes,Laceration from sharp metal panel
Dakota Smith,Dakota Lee,26 September 2024,08:21,Finance,"grinder malfunction caused a steel beam to drop, injuring a contractor.",Dry Dock 2,Accident,Yes,Burn from hot welding equipment
Frankie Kennedy,Elliot Smith,23 November 2024,14:55,Warehouse,"Worker fell from ship deck while repairing the hull, resulting in concussion.",Dry Dock 1,Accident,Yes,Crush injury to hand from hydraulic press
Reese Hughes,Reese Sullivan,04 July 2024,08:36,Training & Development,Exposure to high-voltage wiring led to a fractured leg.,Engineering Workshop,Accident,Yes,Fractured ankle due to fall from scaffolding
Drew Graham,Casey Payne,01 August 2025,11:56,HR,"Worker fell from ladder while welding, resulting in a fractured leg.",Warehouse A,Accident,Yes,Fractured ankle due to fall from scaffolding
Dakota Fisher,Cameron Allen,03 January 2025,21:04,Procurement,"Worker fell from ship deck while painting, resulting in burns.",Dry Dock 1,Accident,Yes,Burn from hot welding equipment
Harper Clark,Frankie Bennett,21 September 2024,09:42,Customer Service,"Worker fell from ship deck while welding, resulting in a fractured leg.",Maintenance Shed,Accident,Yes,Burn from hot welding equipment
Charlie Sullivan,Finley Ward,27 April 2024,10:50,Operations,"crane malfunction caused a steel beam to drop, injuring two workers.",Dockyard South,Accident,Yes,Fractured ankle due to fall from scaffolding
Chris Mitchell,Peyton Holmes,22 May 2024,00:48,Security,"Worker fell from ship deck while repairing the hull, resulting in burns.",Training Room,Accident,Yes,Dislocated shoulder during equipment maintenance
Blake Reed,Taylor Smith,19 March 2025,06:41,Dockyard Operations,Exposure to toxic fumes led to concussion.,Fuel Depot,Accident,Yes,Dislocated shoulder during equipment maintenance
Taylor Graham,Jordan West,22 January 2024,08:40,Engineering,"forklift malfunction caused a fuel leak, injuring two workers.",Dockyard South,Accident,Yes,Fractured wrist from fall on wet surface
Spencer Holmes,Reese Cooper,01 November 2024,16:22,Legal,"forklift malfunction caused a steel beam to drop, injuring a contractor.",Tool Crib,Accident,Yes,Minor cuts and bruises
Elliot Pearson,Finley Fisher,01 May 2024,13:01,Fleet Management,Exposure to asbestos led to burns.,Tool Crib,Accident,Yes,Smoke inhalation from fire in electrical bay
Skyler Clark,Avery Cooper,20 March 2024,16:33,Logistics,"Worker fell from scaffolding while repairing the hull, resulting in a fractured leg.",Main Gate Security,Accident,Yes,Electric shock from faulty wiring
Alex Smith,Dakota Murphy,12 July 2025,10:54,Quality Assurance,"crane malfunction caused a fuel leak, injuring a contractor.",Dockyard North,Accident,Yes,Smoke inhalation from fire in electrical bay
Frankie Robinson,Riley Bailey,29 February 2024,04:12,Quality Assurance,"grinder malfunction caused a steel beam to drop, injuring two workers.",IT Server Room,Accident,Yes,Minor cuts and bruises
Jesse Mitchell,Rowan Lewis,01 April 2025,17:45,Engineering,Exposure to high-voltage wiring led to burns.,Main Gate Security,Accident,Yes,Crush injury to hand from hydraulic press
Frankie Parker,Logan Foster,28 November 2024,10:24,HR,Exposure to toxic fumes led to a fractured leg.,Fleet Garage,Accident,Yes,Laceration from sharp metal panel
Emerson Cooper,Sydney Holmes,17 April 2025,05:08,Legal,"Worker fell from ship deck while repairing the hull, resulting in burns.",IT Server Room,Accident,Yes,Dislocated shoulder during equipment maintenance
Sawyer Sullivan,Logan Pearson,12 February 2024,08:14,IT,"Worker fell from ship deck while painting, resulting in a fractured leg.",Paint Shop,Accident,Yes,Puncture wound from misplaced tool
Peyton Lee,Jesse Pearson,12 February 2025,20:48,Security,"grinder malfunction caused a fuel leak, injuring a contractor.",Dry Dock 2,Accident,Yes,Foreign object in eye from grinding debris
Sydney Holmes,Harper Kennedy,09 July 2025,20:13,Facilities,"Worker fell from scaffolding while repairing the hull, resulting in a fractured leg.",Paint Shop,Accident,Yes,Electric shock from faulty wiring
Jamie Robinson,Riley Fisher,19 February 2024,07:20,Engineering,Exposure to high-voltage wiring led to burns.,Paint Shop,Accident,Yes,Hearing damage from loud machinery
Sawyer Clark,Jesse Parker,29 April 2024,23:45,Ship Maintenance,"Worker fell from ship deck while repairing the hull, resulting in burns.",Warehouse A,Accident,Yes,Back strain from improper lifting
Spencer Graham,Finley Kennedy,19 February 2024,08:04,Ship Maintenance,Exposure to high-voltage wiring led to a fractured leg.,Paint Shop,Accident,Yes,Foreign object in eye from grinding debris
Drew West,Riley Payne,11 February 2025,04:35,IT,"forklift malfunction caused a fuel leak, injuring two workers.",Reception Area,Accident,Yes,Compressed air injury during maintenance
Drew Bennett,Peyton Davis,25 April 2025,00:43,Ship Maintenance,Exposure to asbestos led to a fractured leg.,Dockyard North,Accident,Yes,Back strain from improper lifting
Taylor Bennett,Dakota Parker,03 October 2024,06:46,Quality Assurance,"crane malfunction caused a steel beam to drop, injuring two workers.",Dockyard North,Accident,Yes,Back strain from improper lifting
Drew Graham,Avery Parker,03 May 2024,22:54,Ship Maintenance,"crane malfunction caused a steel beam to drop, injuring a contractor.",Dry Dock 2,Accident,Yes,Fractured ankle due to fall from scaffolding
Kai Reed,Frankie Fisher,21 September 2024,01:11,Engineering,"Worker fell from scaffolding while welding, resulting in concussion.",Office - Admin Block,Accident,Yes,Smoke inhalation from fire in electrical bay
Elliot Bailey,Chris Hughes,22 September 2024,04:18,Ship Maintenance,"Worker fell from ladder while welding, resulting in concussion.",Tool Crib,Accident,Yes,Laceration from sharp metal panel
Blake Kennedy,Elliot Reed,09 July 2024,06:01,Warehouse,"forklift malfunction caused a fuel leak, injuring the operator.",Training Room,Accident,Yes,Minor cuts and bruises
Logan Holmes,Spencer Holmes,29 July 2025,05:32,Quality Assurance,Exposure to high-voltage wiring led to a fractured leg.,Dockyard South,Accident,Yes,Chemical burn from solvent exposure
Casey Lee,Charlie West,30 June 2025,11:35,Procurement,"forklift malfunction caused electrical fire, injuring the operator.",Dry Dock 1,Accident,Yes,Heat exhaustion from prolonged outdoor work
Taylor Walker,Drew Murray,18 June 2025,13:42,Customer Service,"Worker fell from scaffolding while repairing the hull, resulting in a fractured leg.",Dockyard North,Accident,Yes,Hearing damage from loud machinery
Alex Bennett,Alex Kennedy,09 September 2024,13:28,Environmental Services,"grinder malfunction caused electrical fire, injuring two workers.",Reception Area,Accident,Yes,Dislocated shoulder during equipment maintenance
Casey Allen,Jordan Fisher,15 July 2024,20:45,HR,"forklift malfunction caused a fuel leak, injuring the operator.",Dry Dock 1,Accident,Yes,Smoke inhalation from fire in electrical bay
Harper Lewis,Charlie Pearson,13 August 2025,12:46,IT,Exposure to high-voltage wiring led to burns.,Fleet Garage,Accident,Yes,Severe abrasion from slip on deck
Frankie Foster,Sydney West,16 August 2024,20:54,Logistics,"forklift malfunction caused a steel beam to drop, injuring the operator.",Fuel Depot,Accident,Yes,Chemical burn from solvent exposure
Riley Brown,Charlie Cooper,24 July 2025,21:31,Research & Development,Exposure to asbestos led to burns.,Fleet Garage,Accident,Yes,Eye irritation from chemical fumes
Emerson Hughes,Skyler Kennedy,14 May 2024,04:30,Procurement,"Worker fell from scaffolding while welding, resulting in concussion.",Fleet Garage,Accident,Yes,Dislocated shoulder during equipment maintenance
Logan Lee,Rowan Bailey,22 September 2024,13:25,IT,Exposure to toxic fumes led to burns.,Dockyard South,Accident,Yes,Hearing damage from loud machinery
Skyler Allen,Logan Fisher,21 August 2024,05:45,Facilities,Exposure to high-voltage wiring led to concussion.,Maintenance Shed,Accident,Yes,Heat exhaustion from prolonged outdoor work
Jordan Johnson,Sydney Robinson,07 March 2025,21:45,Environmental Services,"crane malfunction caused a steel beam to drop, injuring the operator.",Warehouse A,Accident,Yes,Crush injury to hand from hydraulic press
Jordan Bailey,Skyler Robinson,14 December 2024,11:54,Customer Service,"grinder malfunction caused a steel beam to drop, injuring a contractor.",Dockyard North,Accident,Yes,Heat exhaustion from prolonged outdoor work
Drew Lewis,Jamie Bailey,08 January 2024,20:43,Quality Assurance,Exposure to high-voltage wiring led to burns.,IT Server Room,Accident,Yes,Dislocated shoulder during equipment maintenance
Harper Bailey,Morgan Walker,31 May 2024,18:25,Security,"crane malfunction caused a fuel leak, injuring the operator.",Fuel Depot,Accident,Yes,Heat exhaustion from prolonged outdoor work
Reese Murray,Jamie Johnson,09 March 2025,23:15,HR,"crane malfunction caused a steel beam to drop, injuring a contractor.",Main Gate Security,Accident,Yes,Puncture wound from misplaced tool
Jesse Clark,Skyler Allen,02 April 2024,00:20,Research & Development,"forklift malfunction caused a steel beam to drop, injuring the operator.",Dockyard South,Accident,Yes,Hearing damage from loud machinery
Finley Cooper,Quinn Cooper,07 June 2024,06:32,Logistics,"Worker fell from ship deck while repairing the hull, resulting in a fractured leg.",Warehouse B,Accident,Yes,Heat exhaustion from prolonged outdoor work
Riley Mitchell,Jordan Cooper,18 May 2024,21:03,Environmental Services,Exposure to asbestos led to burns.,Engineering Workshop,Accident,Yes,Heat exhaustion from prolonged outdoor work
Sawyer Robinson,Alex Payne,02 July 2024,08:08,Facilities,"grinder malfunction caused electrical fire, injuring two workers.",Fuel Depot,Accident,Yes,Eye irritation from chemical fumes
Jesse Graham,Reese Bennett,05 June 2025,11:29,IT,"grinder malfunction caused a steel beam to drop, injuring two workers.",IT Server Room,Accident,Yes,Trip hazard fall resulting in bruising
Emerson Graham,Morgan Bailey,20 January 2025,08:37,Communications,Exposure to asbestos led to burns.,Cafeteria,Accident,Yes,Dislocated shoulder during equipment maintenance
Cameron Cooper,Jordan Payne,10 February 2025,06:52,Environmental Services,"grinder malfunction caused a fuel leak, injuring the operator.",Dockyard North,Accident,Yes,Compressed air injury during maintenance
Jesse Lee,Finley Smith,14 June 2025,22:14,Operations,"Worker fell from ship deck while repairing the hull, resulting in burns.",Fuel Depot,Accident,Yes,Crush injury to hand from hydraulic press
Alex Lee,Blake Hughes,23 June 2025,22:41,Communications,"Worker fell from ladder while welding, resulting in a fractured leg.",Warehouse A,Accident,Yes,Crush injury to hand from hydraulic press
Jamie Johnson,Skyler Graham,30 October 2024,12:08,HR,Exposure to toxic fumes led to burns.,Warehouse A,Accident,Yes,Smoke inhalation from fire in electrical bay
Riley Mitchell,Casey Brown,01 June 2024,11:10,Logistics,"crane malfunction caused electrical fire, injuring the operator.",Maintenance Shed,Accident,Yes,Trip hazard fall resulting in bruising
Sydney Payne,Avery West,24 June 2025,18:23,IT,"crane malfunction caused a fuel leak, injuring a contractor.",Tool Crib,Accident,Yes,Dislocated shoulder during equipment maintenance
Peyton Kennedy,Rowan Murphy,24 October 2024,13:53,Ship Maintenance,Exposure to asbestos led to a fractured leg.,Shipyard Pier,Accident,Yes,Heat exhaustion from prolonged outdoor work
Sydney Walker,Kai Hughes,30 January 2025,10:40,Procurement,"Worker fell from ladder while painting, resulting in a fractured leg.",Paint Shop,Accident,Yes,Heat exhaustion from prolonged outdoor work
Casey Johnson,Blake Ward,01 March 2024,19:36,Fleet Management,"crane malfunction caused electrical fire, injuring a contractor.",Dockyard South,Accident,Yes,Electric shock from faulty wiring
Avery Foster,Finley West,24 July 2025,07:04,Training & Development,Exposure to toxic fumes led to a fractured leg.,Paint Shop,Accident,Yes,Chemical burn from solvent exposure
Sawyer Cooper,Harper Reed,16 March 2024,16:08,Ship Maintenance,"Worker fell from scaffolding while welding, resulting in concussion.",Warehouse B,Accident,Yes,Chemical burn from solvent exposure
Dakota West,Drew Murphy,18 April 2024,04:39,Engineering,"forklift malfunction caused a fuel leak, injuring the operator.",Tool Crib,Accident,Yes,Severe abrasion from slip on deck
Charlie Reed,Taylor Pearson,09 November 2024,05:01,Warehouse,"grinder malfunction caused a steel beam to drop, injuring a contractor.",Fleet Garage,Accident,Yes,Burn from hot welding equipment
Jesse Lewis,Harper Lewis,29 April 2024,19:29,Communications,"forklift malfunction caused electrical fire, injuring two workers.",Main Gate Security,Accident,Yes,Puncture wound from misplaced tool
Blake Johnson,Casey Murphy,18 March 2024,18:55,Facilities,Exposure to high-voltage wiring led to a fractured leg.,Tool Crib,Accident,Yes,Puncture wound from misplaced tool
Chris Smith,Elliot Foster,03 May 2024,10:25,Research & Development,"grinder malfunction caused a steel beam to drop, injuring a contractor.",Office - Admin Block,Accident,Yes,Electric shock from faulty wiring
Sydney Pearson,Jamie Johnson,12 April 2024,08:28,Environmental Services,"forklift malfunction caused electrical fire, injuring the operator.",Maintenance Shed,Accident,Yes,Hearing damage from loud machinery
Blake Clark,Sydney Graham,20 April 2025,14:15,Environmental Services,"Worker fell from scaffolding while painting, resulting in a fractured leg.",Cafeteria,Accident,Yes,Trip hazard fall resulting in bruising
Elliot Davis,Taylor Johnson,07 February 2024,11:17,Finance,"grinder malfunction caused a steel beam to drop, injuring two workers.",Warehouse B,Accident,Yes,Hearing damage from loud machinery
Jamie Ward,Peyton Reed,14 June 2024,23:46,Customer Service,"Worker fell from scaffolding while painting, resulting in concussion.",Electrical Bay,Accident,Yes,Concussion from falling object
Emerson Cooper,Jesse Fisher,24 November 2024,04:47,Environmental Services,"Worker fell from ladder while welding, resulting in a fractured leg.",Warehouse B,Accident,Yes,Concussion from falling object
Drew Johnson,Casey Cooper,16 April 2025,05:55,Communications,"Worker fell from ship deck while painting, resulting in burns.",Shipyard Pier,Accident,Yes,Heat exhaustion from prolonged outdoor work
Spencer Robinson,Alex Bailey,10 February 2025,16:27,Operations,"Worker fell from ship deck while welding, resulting in a fractured leg.",Cafeteria,Accident,Yes,Puncture wound from misplaced tool
Sawyer Murphy,Drew Smith,24 March 2025,09:07,Training & Development,Exposure to high-voltage wiring led to concussion.,Warehouse B,Accident,Yes,Dislocated shoulder during equipment maintenance
Spencer Fisher,Frankie Sullivan,25 June 2024,19:00,HR,"Worker fell from ladder while painting, resulting in burns.",Warehouse A,Accident,Yes,Hearing damage from loud machinery
Harper Robinson,Elliot Brown,23 June 2024,08:57,Engineering,Exposure to asbestos led to burns.,Dry Dock 2,Accident,Yes,Electric shock from faulty wiring
Cameron Smith,Alex Fisher,03 July 2025,00:43,Quality Assurance,"forklift malfunction caused a fuel leak, injuring two workers.",Electrical Bay,Accident,Yes,Compressed air injury during maintenance
Jordan Murray,Jordan Mitchell,03 August 2024,19:05,Fleet Management,Exposure to high-voltage wiring led to a fractured leg.,Tool Crib,Accident,Yes,Heat exhaustion from prolonged outdoor work
Rowan Payne,Peyton West,26 December 2024,03:57,Facilities,"grinder malfunction caused electrical fire, injuring the operator.",Electrical Bay,Accident,Yes,Compressed air injury during maintenance
Riley Brown,Sawyer Foster,29 February 2024,06:40,Training & Development,Exposure to toxic fumes led to burns.,Paint Shop,Accident,Yes,Back strain from improper lifting
Reese Graham,Jamie Hughes,18 January 2025,05:41,Health & Safety,"Worker fell from ladder while welding, resulting in concussion.",Shipyard Pier,Accident,Yes,Heat exhaustion from prolonged outdoor work
Elliot Davis,Morgan Sullivan,03 October 2024,09:16,Training & Development,"crane malfunction caused electrical fire, injuring the operator.",Shipyard Pier,Accident,Yes,Laceration from sharp metal panel
Kai Pearson,Jordan Graham,15 September 2024,02:07,Communications,"grinder malfunction caused a fuel leak, injuring a contractor.",Main Gate Security,Accident,Yes,Smoke inhalation from fire in electrical bay
Jesse Payne,Finley Sullivan,29 January 2025,16:21,Ship Maintenance,"Worker fell from ship deck while painting, resulting in a fractured leg.",Electrical Bay,Accident,Yes,Dislocated shoulder during equipment maintenance
Kai Clark,Morgan Kennedy,26 March 2024,08:10,Fleet Management,Exposure to toxic fumes led to a fractured leg.,Dockyard South,Accident,Yes,Crush injury to hand from hydraulic press
Blake Smith,Sydney Davis,01 February 2025,23:40,HR,"forklift malfunction caused a fuel leak, injuring the operator.",Electrical Bay,Accident,Yes,Trip hazard fall resulting in bruising
Riley Mitchell,Rowan Morgan,16 July 2024,19:50,Health & Safety,"Worker fell from scaffolding while welding, resulting in a fractured leg.",Dry Dock 2,Accident,Yes,Foreign object in eye from grinding debris
Dakota Reed,Reese Holmes,10 May 2025,21:20,Logistics,"Worker fell from ship deck while painting, resulting in burns.",Warehouse B,Accident,Yes,Fractured wrist from fall on wet surface
Emerson Parker,Spencer Murray,31 March 2025,03:35,Facilities,Exposure to toxic fumes led to a fractured leg.,IT Server Room,Accident,Yes,Eye irritation from chemical fumes
Cameron Allen,Elliot Holmes,29 November 2024,04:26,Facilities,Exposure to asbestos led to a fractured leg.,IT Server Room,Accident,Yes,Foreign object in eye from grinding debris
Sawyer Fisher,Casey Johnson,10 June 2024,10:45,Environmental Services,"Worker fell from ship deck while painting, resulting in burns.",Warehouse A,Accident,Yes,Smoke inhalation from fire in electrical bay
Kai Ward,Elliot Kennedy,21 February 2024,06:36,Operations,Exposure to toxic fumes led to concussion.,Paint Shop,Accident,Yes,Fractured ankle due to fall from scaffolding
Quinn Johnson,Spencer Pearson,08 January 2025,18:02,Environmental Services,Exposure to toxic fumes led to concussion.,Dockyard South,Accident,Yes,Electric shock from faulty wiring
Taylor Foster,Sawyer Parker,24 May 2024,03:57,Logistics,"Worker fell from ship deck while welding, resulting in concussion.",Office - Admin Block,Accident,Yes,Burn from hot welding equipment
Blake Foster,Charlie Morgan,14 April 2025,01:27,IT,"forklift malfunction caused electrical fire, injuring a contractor.",Paint Shop,Accident,Yes,Back strain from improper lifting
Logan Cooper,Avery Payne,16 April 2025,19:30,IT,Exposure to high-voltage wiring led to concussion.,Fuel Depot,Accident,Yes,Electric shock from faulty wiring
Chris Cooper,Sydney Reed,04 January 2025,23:59,Quality Assurance,"grinder malfunction caused electrical fire, injuring a contractor.",Warehouse A,Accident,Yes,Laceration from sharp metal panel
Logan Ward,Taylor Ward,19 March 2025,23:31,Finance,"forklift malfunction caused a steel beam to drop, injuring the operator.",Tool Crib,Accident,Yes,Compressed air injury during maintenance
Frankie Graham,Dakota Bailey,06 March 2024,19:43,Dockyard Operations,"forklift malfunction caused a fuel leak, injuring the operator.",Warehouse B,Accident,Yes,Electric shock from faulty wiring
Sydney Pearson,Alex Fisher,24 September 2024,20:46,Warehouse,"crane malfunction caused a steel beam to drop, injuring the operator.",Cafeteria,Accident,Yes,Chemical burn from solvent exposure
Blake Cooper,Avery Reed,14 December 2024,11:17,Environmental Services,"grinder malfunction caused electrical fire, injuring two workers.",Main Gate Security,Accident,Yes,Trip hazard fall resulting in bruising
Sawyer Pearson,Morgan Brown,30 November 2024,23:21,Health & Safety,"Worker fell from ladder while painting, resulting in a fractured leg.",Shipyard Pier,Accident,Yes,Smoke inhalation from fire in electrical bay
Morgan Parker,Reese Johnson,08 May 2024,14:25,IT,"Worker fell from ladder while painting, resulting in concussion.",Fleet Garage,Accident,Yes,Puncture wound from misplaced tool
Spencer Lee,Spencer Graham,12 March 2024,14:07,Legal,"grinder malfunction caused a fuel leak, injuring two workers.",Warehouse B,Accident,Yes,Electric shock from faulty wiring
Skyler Pearson,Jamie Morgan,14 March 2024,23:50,Facilities,"Worker fell from scaffolding while welding, resulting in concussion.",Dockyard South,Accident,Yes,Fractured ankle due to fall from scaffolding
Skyler Davis,Charlie Cooper,19 November 2024,23:24,Facilities,"crane malfunction caused electrical fire, injuring the operator.",Dry Dock 2,Accident,Yes,Chemical burn from solvent exposure
Drew Pearson,Spencer Davis,28 May 2024,17:19,Finance,Exposure to asbestos led to concussion.,Dry Dock 1,Accident,Yes,Heat exhaustion from prolonged outdoor work
Jamie Murray,Harper West,14 August 2024,03:56,Procurement,Exposure to high-voltage wiring led to concussion.,Engineering Workshop,Accident,Yes,Back strain from improper lifting
Drew Murphy,Rowan Bailey,10 March 2025,05:22,Facilities,"Worker fell from ladder while repairing the hull, resulting in burns.",Warehouse B,Accident,Yes,Heat exhaustion from prolonged outdoor work
Drew Parker,Logan Murphy,27 October 2024,01:12,Logistics,"Worker fell from scaffolding while painting, resulting in burns.",Engineering Workshop,Accident,Yes,Fractured wrist from fall on wet surface
Avery Hughes,Avery Brown,24 January 2025,11:36,Logistics,"crane malfunction caused a fuel leak, injuring the operator.",Shipyard Pier,Accident,Yes,Smoke inhalation from fire in electrical bay
Cameron Morgan,Spencer Morgan,20 February 2025,13:00,Dockyard Operations,Exposure to toxic fumes led to a fractured leg.,Dockyard South,Accident,Yes,Burn from hot welding equipment
Spencer West,Sawyer Fisher,20 April 2025,03:57,HR,"crane malfunction caused a steel beam to drop, injuring two workers.",Dockyard North,Accident,Yes,Dislocated shoulder during equipment maintenance
Skyler Mitchell,Cameron Lee,11 October 2024,07:06,Operations,Exposure to asbestos led to concussion.,Tool Crib,Accident,Yes,Chemical burn from solvent exposure
Jesse Robinson,Harper West,06 November 2024,14:16,Engineering,"forklift malfunction caused a fuel leak, injuring two workers.",Dockyard North,Accident,Yes,Puncture wound from misplaced tool
Skyler Lewis,Peyton Payne,16 October 2024,07:24,Customer Service,"forklift malfunction caused a fuel leak, injuring two workers.",Fuel Depot,Accident,Yes,Minor cuts and bruises
Elliot Sullivan,Dakota Fisher,13 January 2024,20:37,Operations,"Worker fell from scaffolding while repairing the hull, resulting in burns.",Dry Dock 1,Accident,Yes,Back strain from improper lifting
Sydney Bennett,Rowan Davis,23 February 2024,19:16,Communications,"crane malfunction caused a fuel leak, injuring a contractor.",Electrical Bay,Accident,Yes,Smoke inhalation from fire in electrical bay
Avery Graham,Sydney Ward,26 February 2025,14:39,Operations,Exposure to high-voltage wiring led to concussion.,IT Server Room,Accident,Yes,Hearing damage from loud machinery
Cameron Morgan,Riley Payne,12 April 2024,03:03,Ship Maintenance,"Worker fell from ladder while repairing the hull, resulting in a fractured leg.",Shipyard Pier,Accident,Yes,Chemical burn from solvent exposure
Rowan Lewis,Dakota Brown,27 November 2024,16:06,Health & Safety,Exposure to asbestos led to burns.,Main Gate Security,Accident,Yes,Chemical burn from solvent exposure
Dakota Payne,Elliot Ward,18 May 2024,00:47,Quality Assurance,"crane malfunction caused a steel beam to drop, injuring a contractor.",Paint Shop,Accident,Yes,Puncture wound from misplaced tool
Taylor Bailey,Finley Holmes,09 September 2024,21:22,Research & Development,"crane malfunction caused a steel beam to drop, injuring a contractor.",Office - Admin Block,Accident,Yes,Foreign object in eye from grinding debris
Jesse Sullivan,Finley Murphy,30 January 2024,21:14,Engineering,Exposure to toxic fumes led to burns.,IT Server Room,Accident,Yes,Crush injury to hand from hydraulic press
Avery Mitchell,Cameron Cooper,30 May 2024,15:47,Security,"crane malfunction caused a fuel leak, injuring a contractor.",Dockyard North,Accident,Yes,Compressed air injury during maintenance
Skyler Smith,Rowan Parker,21 January 2025,00:56,Customer Service,Exposure to asbestos led to a fractured leg.,Paint Shop,Accident,Yes,Heat exhaustion from prolonged outdoor work
Skyler Walker,Reese Payne,30 October 2024,00:19,Security,Exposure to high-voltage wiring led to burns.,Warehouse B,Accident,Yes,Chemical burn from solvent exposure
Spencer Walker,Spencer Brown,10 August 2024,15:30,Finance,Exposure to high-voltage wiring led to burns.,Dockyard South,Accident,Yes,Concussion from falling object
Frankie Pearson,Frankie Mitchell,05 April 2025,07:06,Fleet Management,Exposure to asbestos led to a fractured leg.,Shipyard Pier,Accident,Yes,Dislocated shoulder during equipment maintenance
Avery Ward,Kai Murphy,16 March 2025,00:15,IT,"Worker fell from ship deck while welding, resulting in concussion.",Electrical Bay,Accident,Yes,Heat exhaustion from prolonged outdoor work
Sydney Sullivan,Riley Bailey,18 May 2025,01:03,Training & Development,Exposure to asbestos led to a fractured leg.,Tool Crib,Accident,Yes,Foreign object in eye from grinding debris
Peyton Bennett,Reese Payne,31 October 2024,10:05,Ship Maintenance,"crane malfunction caused a fuel leak, injuring two workers.",Maintenance Shed,Accident,Yes,Chemical burn from solvent exposure
Cameron Smith,Avery Morgan,05 March 2024,13:07,Training & Development,Exposure to toxic fumes led to concussion.,Dry Dock 2,Accident,Yes,Burn from hot welding equipment
Reese Robinson,Harper Davis,24 February 2025,20:26,Training & Development,"grinder malfunction caused a steel beam to drop, injuring two workers.",Paint Shop,Accident,Yes,Crush injury to hand from hydraulic press
Alex Holmes,Blake Sullivan,03 February 2025,17:57,Communications,"Worker fell from ship deck while repairing the hull, resulting in burns.",Office - Admin Block,Accident,Yes,Heat exhaustion from prolonged outdoor work
Drew Clark,Chris Lee,20 October 2024,11:30,Security,"crane malfunction caused a steel beam to drop, injuring the operator.",Paint Shop,Accident,Yes,Burn from hot welding equipment
Peyton Fisher,Drew Fisher,21 June 2025,09:41,IT,"Worker fell from ladder while welding, resulting in concussion.",Engineering Workshop,Accident,Yes,Eye irritation from chemical fumes
Finley Lee,Sawyer Clark,30 January 2024,04:30,Procurement,"Worker fell from ladder while welding, resulting in burns.",Shipyard Pier,Accident,Yes,Heat exhaustion from prolonged outdoor work
Alex Smith,Rowan Holmes,15 June 2025,04:00,Ship Maintenance,"Worker fell from ladder while repairing the hull, resulting in a fractured leg.",Dockyard South,Accident,Yes,Burn from hot welding equipment
Blake Bailey,Chris Bailey,26 June 2025,05:26,Legal,"Worker fell from ladder while repairing the hull, resulting in burns.",Warehouse A,Accident,Yes,Back strain from improper lifting
Frankie Ward,Sawyer Reed,07 March 2024,02:11,Logistics,"grinder malfunction caused electrical fire, injuring a contractor.",Dockyard South,Accident,Yes,Minor cuts and bruises
Finley Morgan,Sawyer Holmes,15 March 2025,21:36,Customer Service,Exposure to toxic fumes led to burns.,Main Gate Security,Accident,Yes,Crush injury to hand from hydraulic press
Morgan Cooper,Riley Payne,08 February 2024,18:18,Dockyard Operations,Exposure to toxic fumes led to a fractured leg.,Maintenance Shed,Accident,Yes,Puncture wound from misplaced tool
Peyton Holmes,Avery Holmes,12 February 2025,21:52,Finance,"grinder malfunction caused a fuel leak, injuring two workers.",Electrical Bay,Accident,Yes,Laceration from sharp metal panel
Reese Johnson,Rowan Brown,15 April 2024,06:53,Facilities,"crane malfunction caused a fuel leak, injuring two workers.",Cafeteria,Accident,Yes,Compressed air injury during maintenance
Harper Morgan,Casey Brown,09 April 2025,13:34,HR,Exposure to asbestos led to concussion.,Fleet Garage,Accident,Yes,Heat exhaustion from prolonged outdoor work
Frankie Graham,Frankie Bennett,11 March 2024,14:10,Security,Exposure to asbestos led to a fractured leg.,Dry Dock 1,Accident,Yes,Crush injury to hand from hydraulic press
Logan Foster,Taylor Mitchell,27 September 2024,00:56,Quality Assurance,"forklift malfunction caused a fuel leak, injuring two workers.",Office - Admin Block,Accident,Yes,Minor cuts and bruises
Riley Clark,Blake Bennett,17 December 2024,15:35,Quality Assurance,Exposure to asbestos led to burns.,Engineering Workshop,Accident,Yes,Trip hazard fall resulting in bruising
Blake Davis,Taylor Lee,08 March 2025,11:10,Ship Maintenance,Exposure to asbestos led to a fractured leg.,Maintenance Shed,Accident,Yes,Compressed air injury during maintenance
Quinn Bailey,Taylor Robinson,20 October 2024,21:45,Security,"Worker fell from scaffolding while repairing the hull, resulting in a fractured leg.",Electrical Bay,Accident,Yes,Puncture wound from misplaced tool
Taylor Lee,Taylor Walker,25 September 2024,12:06,Quality Assurance,"forklift malfunction caused a fuel leak, injuring two workers.",Main Gate Security,Accident,Yes,Laceration from sharp metal panel
Frankie Brown,Alex Robinson,10 February 2025,07:20,Environmental Services,"Worker fell from ship deck while painting, resulting in burns.",Dry Dock 2,Accident,Yes,Dislocated shoulder during equipment maintenance
Taylor Johnson,Sawyer Murray,08 August 2025,19:53,Dockyard Operations,Exposure to asbestos led to burns.,Cafeteria,Accident,Yes,Electric shock from faulty wiring
Skyler Lee,Dakota Hughes,08 January 2024,18:25,Dockyard Operations,Exposure to high-voltage wiring led to burns.,Dockyard North,Accident,Yes,Burn from hot welding equipment
Elliot Clark,Jesse Clark,26 January 2025,12:52,Communications,Exposure to high-voltage wiring led to concussion.,IT Server Room,Accident,Yes,Fractured ankle due to fall from scaffolding
Blake Graham,Dakota Davis,29 April 2025,07:26,Ship Maintenance,"grinder malfunction caused a fuel leak, injuring two workers.",Dockyard North,Accident,Yes,Compressed air injury during maintenance
Chris Walker,Rowan Graham,22 January 2024,17:22,Finance,"crane malfunction caused electrical fire, injuring a contractor.",Dry Dock 2,Accident,Yes,Fractured wrist from fall on wet surface
Taylor Smith,Jamie Murray,04 April 2025,12:25,Security,"forklift malfunction caused a fuel leak, injuring the operator.",Warehouse B,Accident,Yes,Electric shock from faulty wiring
Sawyer Foster,Reese Ward,24 December 2024,15:35,Environmental Services,"Worker fell from ladder while welding, resulting in burns.",Engineering Workshop,Accident,Yes,Burn from hot welding equipment
Riley Ward,Morgan Lee,02 May 2024,15:49,Dockyard Operations,Exposure to asbestos led to burns.,Tool Crib,Accident,Yes,Hearing damage from loud machinery
Harper West,Morgan Allen,04 December 2024,09:22,Environmental Services,"Worker fell from ship deck while repairing the hull, resulting in concussion.",Cafeteria,Accident,Yes,Concussion from falling object
Jamie Foster,Elliot Brown,13 November 2024,23:23,Quality Assurance,Exposure to high-voltage wiring led to burns.,Dry Dock 1,Accident,Yes,Hearing damage from loud machinery
Drew Davis,Harper Brown,24 July 2024,08:46,Fleet Management,"grinder malfunction caused a steel beam to drop, injuring two workers.",Dockyard South,Accident,Yes,Heat exhaustion from prolonged outdoor work
Chris Murray,Alex Kennedy,26 June 2024,18:36,Engineering,"grinder malfunction caused a steel beam to drop, injuring two workers.",Dry Dock 2,Accident,Yes,Fractured wrist from fall on wet surface
Drew Walker,Peyton Brown,25 March 2024,08:17,Communications,Exposure to high-voltage wiring led to burns.,Tool Crib,Accident,Yes,Hearing damage from loud machinery
Jesse Sullivan,Emerson Fisher,29 March 2024,05:51,Operations,"Worker fell from scaffolding while welding, resulting in concussion.",IT Server Room,Accident,Yes,Fractured wrist from fall on wet surface
Rowan West,Quinn Foster,18 June 2025,21:12,Warehouse,"grinder malfunction caused a fuel leak, injuring two workers.",Dockyard North,Accident,Yes,Puncture wound from misplaced tool
Cameron Foster,Blake Murray,22 May 2024,03:34,Fleet Management,Exposure to high-voltage wiring led to burns.,Engineering Workshop,Accident,Yes,Burn from hot welding equipment
Alex Graham,Cameron Hughes,21 February 2025,12:23,Warehouse,"Worker fell from scaffolding while welding, resulting in concussion.",Dockyard South,Accident,Yes,Severe abrasion from slip on deck
Spencer Allen,Jesse Reed,29 July 2025,23:14,Training & Development,"Worker fell from ship deck while repairing the hull, resulting in burns.",Main Gate Security,Accident,Yes,Smoke inhalation from fire in electrical bay
Riley Allen,Sydney Hughes,03 September 2024,10:07,Dockyard Operations,Exposure to asbestos led to a fractured leg.,Maintenance Shed,Accident,Yes,Crush injury to hand from hydraulic press
Emerson Bennett,Jamie Parker,23 April 2024,07:18,Fleet Management,"Worker fell from ship deck while painting, resulting in concussion.",Warehouse A,Accident,Yes,Trip hazard fall resulting in bruising
Jordan Payne,Logan Bennett,31 May 2024,04:48,Customer Service,"Worker fell from ship deck while repairing the hull, resulting in concussion.",Dry Dock 2,Accident,Yes,Laceration from sharp metal panel
Sawyer Foster,Quinn Brown,04 October 2024,23:07,Ship Maintenance,Exposure to high-voltage wiring led to concussion.,Office - Admin Block,Accident,Yes,Chemical burn from solvent exposure
Dakota Morgan,Spencer Murray,20 June 2024,04:38,IT,"crane malfunction caused electrical fire, injuring a contractor.",Warehouse A,Accident,Yes,Electric shock from faulty wiring
Sawyer Mitchell,Jamie Sullivan,29 January 2025,13:26,Legal,Exposure to high-voltage wiring led to a fractured leg.,Engineering Workshop,Accident,Yes,Hearing damage from loud machinery
Jordan Hughes,Jesse Holmes,27 May 2025,11:27,Security,"Worker fell from ship deck while repairing the hull, resulting in a fractured leg.",IT Server Room,Accident,Yes,Compressed air injury during maintenance
Rowan Parker,Charlie Fisher,19 October 2024,11:10,Customer Service,"Worker fell from ship deck while painting, resulting in burns.",Warehouse B,Accident,Yes,Fractured ankle due to fall from scaffolding
Sydney Walker,Peyton Murray,20 May 2024,15:47,Facilities,"forklift malfunction caused a steel beam to drop, injuring the operator.",Shipyard Pier,Accident,Yes,Burn from hot welding equipment
Dakota Holmes,Spencer Davis,09 May 2025,15:05,Dockyard Operations,Exposure to asbestos led to burns.,Cafeteria,Accident,Yes,Chemical burn from solvent exposure
Emerson Cooper,Peyton Morgan,06 June 2025,11:00,Facilities,"crane malfunction caused a fuel leak, injuring the operator.",Main Gate Security,Accident,Yes,Eye irritation from chemical fumes
Finley Ward,Cameron Payne,04 May 2025,22:06,Ship Maintenance,Exposure to asbestos led to a fractured leg.,Electrical Bay,Accident,Yes,Severe abrasion from slip on deck
Skyler Graham,Peyton Graham,24 April 2024,01:12,Quality Assurance,"Worker fell from scaffolding while painting, resulting in concussion.",Fuel Depot,Accident,Yes,Hearing damage from loud machinery
Emerson Mitchell,Blake Walker,29 June 2025,11:11,Security,Exposure to asbestos led to burns.,Office - Admin Block,Accident,Yes,Foreign object in eye from grinding debris
Elliot Holmes,Sydney Lee,01 February 2025,21:48,Finance,Exposure to asbestos led to a fractured leg.,Warehouse B,Accident,Yes,Laceration from sharp metal panel
Peyton Lee,Avery Allen,08 February 2024,07:01,Dockyard Operations,"Worker fell from scaffolding while welding, resulting in burns.",Training Room,Accident,Yes,Compressed air injury during maintenance
Dakota Mitchell,Peyton Pearson,02 November 2024,05:14,Facilities,"Worker fell from ladder while painting, resulting in a fractured leg.",IT Server Room,Accident,Yes,Heat exhaustion from prolonged outdoor work
Dakota West,Avery Ward,15 January 2024,07:50,Fleet Management,"crane malfunction caused electrical fire, injuring a contractor.",Dockyard North,Accident,Yes,Puncture wound from misplaced tool
Peyton Fisher,Jesse Walker,04 June 2025,05:26,Finance,"Worker fell from ship deck while welding, resulting in a fractured leg.",Dry Dock 1,Accident,Yes,Heat exhaustion from prolonged outdoor work
Peyton Ward,Frankie Payne,05 February 2024,12:48,Dockyard Operations,Exposure to toxic fumes led to concussion.,Warehouse A,Accident,Yes,Smoke inhalation from fire in electrical bay
Spencer Cooper,Jamie Lewis,23 December 2024,00:44,Legal,Exposure to toxic fumes led to burns.,Fleet Garage,Accident,Yes,Puncture wound from misplaced tool
Cameron Hughes,Sawyer West,01 January 2024,00:32,Training & Development,"grinder malfunction caused electrical fire, injuring two workers.",Tool Crib,Accident,Yes,Smoke inhalation from fire in electrical bay
Chris Reed,Cameron Walker,27 April 2025,13:56,Operations,Exposure to toxic fumes led to concussion.,Training Room,Accident,Yes,Back strain from improper lifting
Frankie West,Elliot Bennett,24 January 2024,02:17,Operations,"Worker fell from scaffolding while painting, resulting in a fractured leg.",Warehouse B,Accident,Yes,Laceration from sharp metal panel
Peyton Murphy,Frankie Hughes,15 August 2025,04:12,Fleet Management,Exposure to toxic fumes led to concussion.,Fleet Garage,Accident,Yes,Foreign object in eye from grinding debris
Jordan Cooper,Rowan Cooper,16 September 2024,08:44,Warehouse,"crane malfunction caused a fuel leak, injuring a contractor.",Office - Admin Block,Accident,Yes,Heat exhaustion from prolonged outdoor work
Spencer Robinson,Elliot Johnson,15 June 2025,04:13,Ship Maintenance,"grinder malfunction caused a steel beam to drop, injuring the operator.",Shipyard Pier,Accident,Yes,Smoke inhalation from fire in electrical bay
Rowan Parker,Emerson Murray,13 November 2024,18:57,Dockyard Operations,"Worker fell from scaffolding while repairing the hull, resulting in burns.",Fuel Depot,Accident,Yes,Back strain from improper lifting
Sydney Murphy,Dakota Cooper,24 June 2024,22:01,Ship Maintenance,"Worker fell from ladder while welding, resulting in burns.",Paint Shop,Accident,Yes,Burn from hot welding equipment
Dakota Allen,Jesse West,30 April 2025,00:00,Facilities,"grinder malfunction caused electrical fire, injuring the operator.",Warehouse A,Accident,Yes,Eye irritation from chemical fumes
Charlie Mitchell,Charlie Bailey,12 June 2025,03:24,Finance,"grinder malfunction caused electrical fire, injuring two workers.",Reception Area,Accident,Yes,Smoke inhalation from fire in electrical bay
Logan Smith,Sydney Foster,19 September 2024,21:50,Facilities,Exposure to asbestos led to concussion.,Warehouse A,Accident,Yes,Trip hazard fall resulting in bruising
Jamie Murray,Alex Murray,15 June 2024,06:50,Customer Service,"Worker fell from ladder while painting, resulting in concussion.",Dockyard South,Accident,Yes,Minor cuts and bruises
Peyton Bailey,Logan Ward,12 February 2025,11:52,Operations,"crane malfunction caused a fuel leak, injuring a contractor.",Maintenance Shed,Accident,Yes,Heat exhaustion from prolonged outdoor work
Alex Holmes,Frankie Lee,16 August 2024,10:18,Fleet Management,Exposure to asbestos led to a fractured leg.,Maintenance Shed,Accident,Yes,Smoke inhalation from fire in electrical bay
Jamie Bailey,Kai Pearson,27 November 2024,16:03,Finance,"Worker fell from ladder while welding, resulting in concussion.",Dockyard North,Accident,Yes,Puncture wound from misplaced tool
Spencer West,Jesse Morgan,06 December 2024,09:38,Legal,"Worker fell from ladder while painting, resulting in a fractured leg.",Office - Admin Block,Accident,Yes,Severe abrasion from slip on deck
Frankie Kennedy,Kai Bailey,20 February 2025,11:44,Engineering,"crane malfunction caused electrical fire, injuring the operator.",Office - Admin Block,Accident,Yes,Back strain from improper lifting
Morgan Allen,Drew Morgan,03 October 2024,05:53,Facilities,Exposure to high-voltage wiring led to a fractured leg.,Dry Dock 1,Accident,Yes,Hearing damage from loud machinery
Jesse Sullivan,Logan Bailey,01 July 2025,13:02,Quality Assurance,"forklift malfunction caused electrical fire, injuring a contractor.",Fleet Garage,Accident,Yes,Crush injury to hand from hydraulic press
Finley Lee,Skyler Sullivan,25 April 2024,10:43,Customer Service,Exposure to toxic fumes led to a fractured leg.,Shipyard Pier,Accident,Yes,Heat exhaustion from prolonged outdoor work
Sawyer Robinson,Charlie Davis,24 December 2024,17:47,Health & Safety,"Worker fell from ship deck while repairing the hull, resulting in concussion.",IT Server Room,Accident,Yes,Compressed air injury during maintenance
Blake Davis,Peyton Mitchell,08 August 2024,06:34,HR,"Worker fell from ladder while repairing the hull, resulting in concussion.",IT Server Room,Accident,Yes,Back strain from improper lifting
Casey Allen,Sydney Sullivan,08 May 2024,17:12,Customer Service,"Worker fell from scaffolding while repairing the hull, resulting in burns.",Engineering Workshop,Accident,Yes,Electric shock from faulty wiring
Logan Kennedy,Elliot Allen,28 November 2024,20:47,Ship Maintenance,"Worker fell from scaffolding while repairing the hull, resulting in a fractured leg.",Training Room,Accident,Yes,Electric shock from faulty wiring
Jamie Ward,Spencer Robinson,16 May 2025,17:02,Legal,"Worker fell from scaffolding while painting, resulting in burns.",Cafeteria,Accident,Yes,Severe abrasion from slip on deck
Taylor Payne,Emerson Davis,04 February 2024,00:12,Logistics,Exposure to asbestos led to a fractured leg.,Office - Admin Block,Accident,Yes,Electric shock from faulty wiring
Spencer Payne,Riley Davis,22 September 2024,04:44,Training & Development,"Worker fell from ship deck while repairing the hull, resulting in a fractured leg.",Shipyard Pier,Accident,Yes,Puncture wound from misplaced tool
Sydney Allen,Rowan Walker,25 March 2025,12:27,Security,"grinder malfunction caused a steel beam to drop, injuring a contractor.",Main Gate Security,Accident,Yes,Concussion from falling object
Sydney West,Jamie Payne,23 August 2024,09:34,Engineering,"Worker fell from ship deck while welding, resulting in concussion.",Reception Area,Accident,Yes,Heat exhaustion from prolonged outdoor work
Peyton Brown,Quinn Pearson,12 February 2024,20:49,Facilities,Exposure to high-voltage wiring led to concussion.,Paint Shop,Accident,Yes,Back strain from improper lifting
Elliot Kennedy,Skyler Pearson,13 August 2024,01:16,Quality Assurance,"forklift malfunction caused a fuel leak, injuring two workers.",Dry Dock 1,Accident,Yes,Hearing damage from loud machinery
Riley Kennedy,Charlie Robinson,03 June 2025,19:31,Health & Safety,"grinder malfunction caused a fuel leak, injuring the operator.",Warehouse A,Accident,Yes,Fractured wrist from fall on wet surface
Sydney Bennett,Alex Robinson,17 October 2024,22:00,Customer Service,"crane malfunction caused electrical fire, injuring a contractor.",Warehouse B,Accident,Yes,Hearing damage from loud machinery
Reese Clark,Alex Smith,04 August 2024,03:23,Research & Development,Exposure to asbestos led to burns.,Training Room,Accident,Yes,Electric shock from faulty wiring
Morgan Graham,Drew Brown,13 August 2024,21:45,Training & Development,"forklift malfunction caused a steel beam to drop, injuring a contractor.",Dry Dock 2,Accident,Yes,Fractured wrist from fall on wet surface
Kai West,Dakota Sullivan,07 January 2025,03:37,Security,"forklift malfunction caused a fuel leak, injuring a contractor.",Reception Area,Accident,Yes,Burn from hot welding equipment
Logan Fisher,Drew Lee,22 June 2024,18:26,Environmental Services,"grinder malfunction caused a steel beam to drop, injuring a contractor.",Paint Shop,Accident,Yes,Severe abrasion from slip on deck
Taylor Walker,Dakota Kennedy,10 June 2025,17:57,HR,"forklift malfunction caused a fuel leak, injuring the operator.",Fleet Garage,Accident,Yes,Crush injury to hand from hydraulic press
Sawyer Lewis,Chris Allen,01 August 2025,17:06,Legal,"Worker fell from scaffolding while painting, resulting in a fractured leg.",IT Server Room,Accident,Yes,Electric shock from faulty wiring
Quinn Allen,Harper Brown,28 August 2024,16:41,IT,"Worker fell from scaffolding while welding, resulting in burns.",Tool Crib,Accident,Yes,Eye irritation from chemical fumes
Charlie Clark,Jordan Lee,18 June 2024,23:08,Customer Service,"Worker fell from ladder while painting, resulting in concussion.",Main Gate Security,Accident,Yes,Electric shock from faulty wiring
Taylor Reed,Rowan Holmes,28 February 2025,04:30,Dockyard Operations,"crane malfunction caused a steel beam to drop, injuring the operator.",Fleet Garage,Accident,Yes,Laceration from sharp metal panel
Peyton Lewis,Cameron Ward,14 March 2024,15:01,Quality Assurance,"forklift malfunction caused a fuel leak, injuring a contractor.",Main Gate Security,Accident,Yes,Back strain from improper lifting
Alex Murray,Riley Reed,11 November 2024,15:48,Training & Development,"Worker fell from scaffolding while painting, resulting in concussion.",Tool Crib,Accident,Yes,Fractured wrist from fall on wet surface
Peyton Fisher,Frankie Johnson,11 June 2024,07:44,Customer Service,"grinder malfunction caused a fuel leak, injuring a contractor.",Training Room,Accident,Yes,Minor cuts and bruises
Quinn Clark,Jamie Brown,05 January 2024,02:22,Customer Service,Exposure to toxic fumes led to burns.,Reception Area,Accident,Yes,Minor cuts and bruises
Avery Brown,Peyton Sullivan,21 March 2025,09:25,Procurement,"grinder malfunction caused electrical fire, injuring a contractor.",Engineering Workshop,Accident,Yes,Puncture wound from misplaced tool
Cameron Mitchell,Avery Ward,12 January 2024,11:19,Quality Assurance,"forklift malfunction caused electrical fire, injuring the operator.",Dockyard South,Accident,Yes,Severe abrasion from slip on deck
Harper Fisher,Cameron Robinson,21 February 2024,08:49,Fleet Management,"Worker fell from ladder while painting, resulting in burns.",Office - Admin Block,Accident,Yes,Compressed air injury during maintenance
Logan Davis,Rowan Murphy,12 September 2024,07:02,Logistics,Exposure to toxic fumes led to burns.,Cafeteria,Accident,Yes,Laceration from sharp metal panel
Quinn Pearson,Casey Lewis,21 July 2024,07:47,Procurement,"Worker fell from ship deck while painting, resulting in burns.",Office - Admin Block,Accident,Yes,Laceration from sharp metal panel
Jamie Bailey,Harper Hughes,04 July 2025,11:49,Quality Assurance,"Worker fell from ladder while welding, resulting in burns.",Tool Crib,Accident,Yes,Back strain from improper lifting
Jamie Clark,Jordan Fisher,09 November 2024,21:41,Procurement,Exposure to high-voltage wiring led to a fractured leg.,Dockyard South,Accident,Yes,Dislocated shoulder during equipment maintenance
Riley Walker,Jamie Bennett,14 April 2024,15:28,Security,"Worker fell from ladder while welding, resulting in burns.",Warehouse A,Accident,Yes,Crush injury to hand from hydraulic press
Quinn Reed,Avery Kennedy,01 June 2024,08:37,Operations,Exposure to asbestos led to a fractured leg.,Shipyard Pier,Accident,Yes,Severe abrasion from slip on deck
Jamie Sullivan,Peyton Bailey,17 June 2025,15:25,Health & Safety,"Worker fell from scaffolding while welding, resulting in concussion.",Dry Dock 1,Accident,Yes,Trip hazard fall resulting in bruising
Finley Graham,Alex Mitchell,29 October 2024,20:22,Procurement,Exposure to toxic fumes led to burns.,Dry Dock 2,Accident,Yes,Trip hazard fall resulting in bruising
Kai Murphy,Emerson Smith,25 February 2025,03:32,Environmental Services,"Worker fell from ship deck while painting, resulting in concussion.",Paint Shop,Accident,Yes,Severe abrasion from slip on deck
Jamie Johnson,Dakota Cooper,21 May 2024,09:47,Procurement,"Worker fell from scaffolding while repairing the hull, resulting in burns.",Tool Crib,Accident,Yes,Dislocated shoulder during equipment maintenance
Emerson Morgan,Avery Kennedy,11 November 2024,13:20,Customer Service,"Worker fell from ladder while welding, resulting in a fractured leg.",Dockyard South,Accident,Yes,Foreign object in eye from grinding debris
Morgan Allen,Morgan Payne,15 January 2024,06:42,Quality Assurance,"forklift malfunction caused electrical fire, injuring the operator.",Cafeteria,Accident,Yes,Laceration from sharp metal panel
Morgan Johnson,Cameron Lee,14 September 2024,04:35,Training & Development,Exposure to toxic fumes led to a fractured leg.,Tool Crib,Accident,Yes,Concussion from falling object
Morgan Smith,Cameron Parker,20 March 2024,06:13,Health & Safety,"Worker fell from scaffolding while painting, resulting in concussion.",Office - Admin Block,Accident,Yes,Fractured wrist from fall on wet surface
Sydney Mitchell,Jordan Bailey,20 July 2025,13:28,Training & Development,"Worker fell from ladder while painting, resulting in concussion.",Dockyard North,Accident,Yes,Fractured wrist from fall on wet surface
Sawyer Davis,Harper Bailey,09 May 2025,05:31,Quality Assurance,"forklift malfunction caused a fuel leak, injuring a contractor.",Warehouse B,Accident,Yes,Eye irritation from chemical fumes
Alex Murphy,Alex Ward,16 March 2025,07:25,Procurement,"Worker fell from ship deck while painting, resulting in a fractured leg.",Engineering Workshop,Accident,Yes,Eye irritation from chemical fumes
Spencer Holmes,Riley Foster,14 April 2024,14:42,Warehouse,"Worker fell from ship deck while repairing the hull, resulting in burns.",Warehouse A,Accident,Yes,Puncture wound from misplaced tool
Emerson Parker,Logan Lewis,10 May 2024,22:17,Fleet Management,Exposure to toxic fumes led to burns.,Paint Shop,Accident,Yes,Concussion from falling object
Casey Parker,Casey Walker,25 February 2024,20:23,Environmental Services,"forklift malfunction caused a steel beam to drop, injuring a contractor.",Shipyard Pier,Accident,Yes,Smoke inhalation from fire in electrical bay
Jesse Allen,Cameron Parker,18 August 2024,08:30,Quality Assurance,Exposure to toxic fumes led to concussion.,Tool Crib,Accident,Yes,Minor cuts and bruises
Morgan Lewis,Cameron Foster,19 April 2024,17:37,Legal,"Worker fell from scaffolding while painting, resulting in concussion.",Dry Dock 1,Accident,Yes,Trip hazard fall resulting in bruising
Emerson Smith,Harper Robinson,03 May 2025,11:39,Engineering,Exposure to high-voltage wiring led to burns.,Dry Dock 2,Accident,Yes,Foreign object in eye from grinding debris
Rowan Reed,Charlie Parker,03 May 2025,14:57,Research & Development,"grinder malfunction caused a steel beam to drop, injuring two workers.",Dry Dock 1,Accident,Yes,Trip hazard fall resulting in bruising
Spencer Clark,Cameron Kennedy,16 May 2024,16:42,Ship Maintenance,Exposure to asbestos led to burns.,Warehouse B,Accident,Yes,Burn from hot welding equipment
Rowan Walker,Harper Payne,24 January 2024,22:33,Ship Maintenance,Exposure to high-voltage wiring led to a fractured leg.,Shipyard Pier,Accident,Yes,Back strain from improper lifting
Spencer Fisher,Sydney Allen,09 January 2025,10:13,Training & Development,"Worker fell from ship deck while repairing the hull, resulting in concussion.",Main Gate Security,Accident,Yes,Concussion from falling object
Frankie Smith,Quinn Hughes,28 February 2024,17:31,Fleet Management,Exposure to toxic fumes led to concussion.,Office - Admin Block,Accident,Yes,Eye irritation from chemical fumes
Cameron Morgan,Harper Kennedy,21 January 2024,00:52,Security,"grinder malfunction caused a steel beam to drop, injuring two workers.",Electrical Bay,Accident,Yes,Electric shock from faulty wiring
Reese Walker,Sawyer Clark,23 August 2025,04:11,Research & Development,"Worker fell from ship deck while painting, resulting in concussion.",Paint Shop,Accident,Yes,Chemical burn from solvent exposure
Quinn Murray,Finley Allen,07 January 2025,23:01,Fleet Management,Exposure to high-voltage wiring led to a fractured leg.,Office - Admin Block,Accident,Yes,Chemical burn from solvent exposure
Casey Kennedy,Elliot Lee,19 August 2025,14:04,Engineering,"Worker fell from scaffolding while painting, resulting in concussion.",Warehouse A,Accident,Yes,Electric shock from faulty wiring
Jamie Lewis,Peyton Mitchell,09 September 2024,04:08,Customer Service,Exposure to asbestos led to concussion.,Warehouse A,Accident,Yes,Electric shock from faulty wiring
Taylor Holmes,Blake Fisher,12 January 2025,08:19,Warehouse,Exposure to high-voltage wiring led to burns.,Dry Dock 2,Accident,Yes,Foreign object in eye from grinding debris
Alex Sullivan,Sawyer Smith,01 September 2024,23:50,Facilities,"Worker fell from scaffolding while painting, resulting in burns.",Office - Admin Block,Accident,Yes,Compressed air injury during maintenance
Emerson Reed,Drew Davis,13 November 2024,00:23,Customer Service,Exposure to high-voltage wiring led to burns.,Office - Admin Block,Accident,Yes,Dislocated shoulder during equipment maintenance
Sydney Reed,Sawyer Brown,06 February 2024,16:15,Logistics,"Worker fell from scaffolding while painting, resulting in burns.",Reception Area,Accident,Yes,Heat exhaustion from prolonged outdoor work
Riley Brown,Finley Cooper,21 April 2024,20:28,Research & Development,"Worker fell from scaffolding while welding, resulting in burns.",Main Gate Security,Accident,Yes,Chemical burn from solvent exposure
Taylor Payne,Reese Johnson,24 January 2025,11:46,Legal,"Worker fell from ship deck while painting, resulting in burns.",Warehouse B,Accident,Yes,Laceration from sharp metal panel
Drew Johnson,Jamie Murray,02 February 2025,02:14,Training & Development,"Worker fell from ship deck while welding, resulting in concussion.",Fleet Garage,Accident,Yes,Foreign object in eye from grinding debris
Sydney Brown,Jordan Murray,05 October 2024,02:02,Dockyard Operations,Exposure to asbestos led to a fractured leg.,Dockyard North,Accident,Yes,Foreign object in eye from grinding debris
Kai Cooper,Chris Clark,31 May 2024,11:28,Security,Exposure to asbestos led to concussion.,Office - Admin Block,Accident,Yes,Eye irritation from chemical fumes
Logan Murray,Morgan Bennett,18 March 2025,09:53,Communications,"crane malfunction caused electrical fire, injuring a contractor.",Warehouse A,Accident,Yes,Smoke inhalation from fire in electrical bay
Rowan Smith,Riley Graham,04 February 2025,05:39,Communications,"forklift malfunction caused a fuel leak, injuring two workers.",Dockyard South,Accident,Yes,Concussion from falling object
Jamie Smith,Logan Bailey,12 January 2024,14:03,Security,"forklift malfunction caused a fuel leak, injuring two workers.",Main Gate Security,Accident,Yes,Electric shock from faulty wiring
Finley Robinson,Emerson Cooper,01 July 2024,10:11,IT,"grinder malfunction caused a fuel leak, injuring the operator.",IT Server Room,Accident,Yes,Back strain from improper lifting
Kai Allen,Taylor Davis,09 August 2024,07:09,Fleet Management,Exposure to high-voltage wiring led to burns.,Main Gate Security,Accident,Yes,Foreign object in eye from grinding debris
Charlie Reed,Jordan Holmes,15 August 2024,10:35,Facilities,"crane malfunction caused a fuel leak, injuring a contractor.",Paint Shop,Accident,Yes,Concussion from falling object
Rowan Bailey,Casey Ward,16 January 2024,13:19,Ship Maintenance,"Worker fell from scaffolding while painting, resulting in concussion.",Maintenance Shed,Accident,Yes,Back strain from improper lifting
Finley Bailey,Quinn Murray,29 July 2025,06:30,Warehouse,"Worker fell from ship deck while painting, resulting in burns.",Dry Dock 2,Accident,Yes,Laceration from sharp metal panel
Sydney Reed,Reese Kennedy,02 August 2025,18:35,Quality Assurance,"Worker fell from ladder while painting, resulting in a fractured leg.",Reception Area,Accident,Yes,Burn from hot welding equipment
Sydney Robinson,Spencer Clark,17 March 2024,14:48,Warehouse,Exposure to asbestos led to a fractured leg.,Dockyard South,Accident,Yes,Trip hazard fall resulting in bruising
Cameron Murphy,Elliot Payne,16 April 2024,23:44,Quality Assurance,"forklift malfunction caused a steel beam to drop, injuring a contractor.",Reception Area,Accident,Yes,Fractured wrist from fall on wet surface
Drew Mitchell,Blake West,12 July 2024,05:45,Fleet Management,"forklift malfunction caused a fuel leak, injuring the operator.",Dry Dock 2,Accident,Yes,Burn from hot welding equipment
Quinn Brown,Drew Parker,27 July 2024,21:10,Fleet Management,Exposure to asbestos led to a fractured leg.,Dockyard South,Accident,Yes,Crush injury to hand from hydraulic press
Blake Cooper,Jordan Clark,22 December 2024,21:04,Legal,"Worker fell from ladder while painting, resulting in a fractured leg.",Electrical Bay,Accident,Yes,Smoke inhalation from fire in electrical bay
Harper Fisher,Jesse Sullivan,31 July 2024,10:00,Environmental Services,"forklift malfunction caused a steel beam to drop, injuring the operator.",Dockyard South,Accident,Yes,Minor cuts and bruises
Casey Fisher,Drew Holmes,28 February 2025,10:23,Fleet Management,Exposure to asbestos led to burns.,IT Server Room,Accident,Yes,Laceration from sharp metal panel
Jordan Davis,Skyler Smith,06 July 2024,15:05,Environmental Services,Exposure to toxic fumes led to a fractured leg.,Fleet Garage,Accident,Yes,Eye irritation from chemical fumes
Harper Parker,Morgan Reed,27 December 2024,17:30,Finance,"forklift malfunction caused a steel beam to drop, injuring two workers.",Dockyard South,Accident,Yes,Fractured wrist from fall on wet surface
Frankie Cooper,Peyton Reed,30 May 2024,21:07,HR,"Worker fell from scaffolding while welding, resulting in burns.",Maintenance Shed,Accident,Yes,Compressed air injury during maintenance
Morgan Murray,Spencer Cooper,13 October 2024,10:21,Warehouse,"forklift malfunction caused electrical fire, injuring the operator.",Electrical Bay,Accident,Yes,Severe abrasion from slip on deck
Jordan Bailey,Kai Ward,02 June 2025,04:10,Logistics,"Worker fell from ladder while welding, resulting in burns.",Dockyard South,Accident,Yes,Electric shock from faulty wiring
Cameron Parker,Skyler Ward,02 August 2025,19:16,Facilities,"Worker fell from scaffolding while welding, resulting in burns.",Shipyard Pier,Accident,Yes,Fractured ankle due to fall from scaffolding
Charlie Pearson,Quinn Foster,18 November 2024,02:50,Customer Service,"Worker fell from ladder while repairing the hull, resulting in a fractured leg.",Electrical Bay,Accident,Yes,Chemical burn from solvent exposure
Sydney Davis,Chris Graham,21 March 2024,02:59,Communications,"Worker fell from ship deck while painting, resulting in burns.",Fleet Garage,Accident,Yes,Dislocated shoulder during equipment maintenance
Dakota Mitchell,Finley Bailey,15 July 2024,13:11,Logistics,"grinder malfunction caused a steel beam to drop, injuring two workers.",Dockyard North,Accident,Yes,Smoke inhalation from fire in electrical bay
Finley Cooper,Reese Cooper,20 July 2025,02:18,Ship Maintenance,"grinder malfunction caused electrical fire, injuring two workers.",Tool Crib,Accident,Yes,Hearing damage from loud machinery
Frankie Hughes,Alex Kennedy,25 January 2025,19:22,Health & Safety,"forklift malfunction caused a fuel leak, injuring two workers.",Dockyard South,Accident,Yes,Electric shock from faulty wiring
Taylor Clark,Sydney Murphy,25 May 2024,03:44,Research & Development,"forklift malfunction caused a fuel leak, injuring two workers.",Shipyard Pier,Accident,Yes,Minor cuts and bruises
Reese Reed,Jamie Foster,01 August 2025,06:19,Ship Maintenance,"Worker fell from scaffolding while welding, resulting in concussion.",Engineering Workshop,Accident,Yes,Hearing damage from loud machinery
Avery West,Drew Murray,08 December 2024,03:48,Ship Maintenance,"crane malfunction caused electrical fire, injuring a contractor.",Electrical Bay,Accident,Yes,Burn from hot welding equipment
Logan Allen,Chris Reed,03 April 2025,22:58,Customer Service,"grinder malfunction caused electrical fire, injuring the operator.",Main Gate Security,Accident,Yes,Severe abrasion from slip on deck
Harper Murphy,Riley Sullivan,14 January 2024,23:00,Logistics,"grinder malfunction caused electrical fire, injuring a contractor.",Dry Dock 2,Accident,Yes,Trip hazard fall resulting in bruising
Rowan Holmes,Skyler Pearson,02 June 2024,01:47,Warehouse,"Worker fell from scaffolding while painting, resulting in concussion.",Maintenance Shed,Accident,Yes,Dislocated shoulder during equipment maintenance
Jesse Lee,Reese Clark,05 February 2025,18:30,IT,"crane malfunction caused a steel beam to drop, injuring a contractor.",Training Room,Accident,Yes,Heat exhaustion from prolonged outdoor work
Blake Smith,Kai West,30 August 2024,16:52,Security,"Worker fell from scaffolding while welding, resulting in burns.",Training Room,Accident,Yes,Fractured ankle due to fall from scaffolding
Spencer Holmes,Finley West,04 May 2024,10:57,Engineering,Exposure to asbestos led to burns.,Dry Dock 2,Accident,Yes,Compressed air injury during maintenance
Sydney Smith,Taylor Cooper,11 August 2024,03:18,Engineering,Exposure to toxic fumes led to concussion.,Maintenance Shed,Accident,Yes,Fractured ankle due to fall from scaffolding
Alex Robinson,Elliot Allen,21 April 2025,11:38,Dockyard Operations,"Worker fell from ladder while repairing the hull, resulting in a fractured leg.",Warehouse B,Accident,Yes,Back strain from improper lifting
Taylor Payne,Morgan Murray,05 September 2024,10:39,Warehouse,Exposure to asbestos led to a fractured leg.,Maintenance Shed,Accident,Yes,Concussion from falling object
Rowan Kennedy,Cameron Mitchell,10 July 2025,02:31,Ship Maintenance,Exposure to toxic fumes led to burns.,Paint Shop,Accident,Yes,Heat exhaustion from prolonged outdoor work
Dakota West,Jamie Murray,25 December 2024,16:17,Quality Assurance,"Worker fell from ship deck while repairing the hull, resulting in burns.",Warehouse B,Accident,Yes,Hearing damage from loud machinery
Blake Holmes,Frankie Parker,18 November 2024,09:54,Logistics,"Worker fell from scaffolding while painting, resulting in concussion.",Shipyard Pier,Accident,Yes,Crush injury to hand from hydraulic press
Charlie Kennedy,Elliot Brown,26 April 2025,16:48,Customer Service,Exposure to toxic fumes led to a fractured leg.,Maintenance Shed,Accident,Yes,Fractured ankle due to fall from scaffolding
Rowan Walker,Jordan Johnson,18 September 2024,03:00,Engineering,Exposure to asbestos led to burns.,Electrical Bay,Accident,Yes,Fractured wrist from fall on wet surface
Elliot Foster,Spencer Pearson,05 February 2024,03:13,Fleet Management,"forklift malfunction caused a steel beam to drop, injuring a contractor.",Warehouse A,Accident,Yes,Laceration from sharp metal panel
Drew Reed,Skyler Fisher,25 February 2025,04:51,Health & Safety,"crane malfunction caused a fuel leak, injuring two workers.",Reception Area,Accident,Yes,Compressed air injury during maintenance
Avery Mitchell,Morgan Lee,20 February 2025,00:32,Dockyard Operations,"crane malfunction caused a steel beam to drop, injuring two workers.",Fuel Depot,Accident,Yes,Foreign object in eye from grinding debris
Chris Brown,Peyton Lewis,08 January 2025,14:40,Communications,"Worker fell from ship deck while painting, resulting in burns.",Tool Crib,Accident,Yes,Fractured wrist from fall on wet surface
Frankie Bailey,Cameron Kennedy,15 January 2024,21:21,Operations,"forklift malfunction caused a fuel leak, injuring the operator.",Dockyard North,Accident,Yes,Heat exhaustion from prolonged outdoor work
Morgan Cooper,Taylor Clark,28 April 2024,08:21,Ship Maintenance,Exposure to asbestos led to concussion.,Office - Admin Block,Accident,Yes,Foreign object in eye from grinding debris
Morgan Bennett,Cameron Smith,09 February 2024,14:18,Engineering,Exposure to toxic fumes led to a fractured leg.,Maintenance Shed,Accident,Yes,Trip hazard fall resulting in bruising
Taylor Mitchell,Kai Lewis,12 December 2024,14:42,Quality Assurance,"Worker fell from ladder while painting, resulting in concussion.",Dockyard North,Accident,Yes,Dislocated shoulder during equipment maintenance
Peyton Ward,Morgan Murray,10 February 2025,08:13,Research & Development,"Worker fell from ladder while welding, resulting in burns.",Fleet Garage,Accident,Yes,Fractured wrist from fall on wet surface
Spencer Allen,Drew Hughes,26 March 2024,02:48,Fleet Management,"Worker fell from ladder while painting, resulting in a fractured leg.",Dockyard South,Accident,Yes,Puncture wound from misplaced tool
Chris Cooper,Charlie Foster,18 March 2024,18:54,Finance,"forklift malfunction caused electrical fire, injuring a contractor.",Shipyard Pier,Accident,Yes,Burn from hot welding equipment
Morgan Bailey,Jordan Walker,19 May 2025,23:30,Environmental Services,"grinder malfunction caused electrical fire, injuring two workers.",Paint Shop,Accident,Yes,Crush injury to hand from hydraulic press
Reese Foster,Jamie Holmes,01 May 2025,01:09,Environmental Services,"crane malfunction caused a steel beam to drop, injuring a contractor.",Tool Crib,Accident,Yes,Concussion from falling object
Avery West,Finley Murray,13 July 2024,04:43,Engineering,"Worker fell from ship deck while welding, resulting in concussion.",Cafeteria,Accident,Yes,Crush injury to hand from hydraulic press
Peyton Bennett,Avery Walker,15 April 2025,12:20,Engineering,"forklift malfunction caused electrical fire, injuring a contractor.",IT Server Room,Accident,Yes,Back strain from improper lifting
Harper Allen,Riley Robinson,06 March 2024,19:13,Fleet Management,"Worker fell from ship deck while repairing the hull, resulting in a fractured leg.",Dry Dock 1,Accident,Yes,Dislocated shoulder during equipment maintenance
Jordan Clark,Sydney Sullivan,28 February 2024,22:41,IT,"Worker fell from ship deck while repairing the hull, resulting in a fractured leg.",Tool Crib,Accident,Yes,Hearing damage from loud machinery
Logan Sullivan,Logan Reed,20 November 2024,18:59,Finance,Exposure to high-voltage wiring led to burns.,Main Gate Security,Accident,Yes,Severe abrasion from slip on deck
Jordan Bailey,Riley Lee,16 March 2024,02:18,Research & Development,Exposure to asbestos led to a fractured leg.,Training Room,Accident,Yes,Fractured wrist from fall on wet surface
Riley Robinson,Spencer Ward,28 July 2025,14:19,Procurement,"Worker fell from ship deck while painting, resulting in concussion.",Reception Area,Accident,Yes,Crush injury to hand from hydraulic press
Peyton Payne,Spencer Bailey,25 January 2024,02:08,Finance,"forklift malfunction caused a fuel leak, injuring a contractor.",Electrical Bay,Accident,Yes,Smoke inhalation from fire in electrical bay
Frankie Pearson,Harper Cooper,14 August 2025,10:20,Warehouse,Exposure to asbestos led to a fractured leg.,Dockyard North,Accident,Yes,Fractured wrist from fall on wet surface
Jesse Kennedy,Avery Reed,01 August 2025,16:38,Procurement,"forklift malfunction caused electrical fire, injuring a contractor.",Electrical Bay,Accident,Yes,Minor cuts and bruises
Drew Sullivan,Sawyer Bennett,07 June 2025,15:23,Training & Development,"crane malfunction caused electrical fire, injuring the operator.",Training Room,Accident,Yes,Foreign object in eye from grinding debris
Sydney Cooper,Reese Parker,04 January 2024,01:38,Health & Safety,"forklift malfunction caused a fuel leak, injuring two workers.",IT Server Room,Accident,Yes,Severe abrasion from slip on deck
Chris West,Cameron Bailey,06 October 2024,00:25,IT,Exposure to high-voltage wiring led to a fractured leg.,Main Gate Security,Accident,Yes,Laceration from sharp metal panel
Finley Brown,Jamie Reed,26 February 2024,05:24,Training & Development,"Worker fell from ship deck while repairing the hull, resulting in a fractured leg.",Dockyard North,Accident,Yes,Fractured ankle due to fall from scaffolding
Cameron Pearson,Logan Morgan,04 March 2025,17:42,Research & Development,"grinder malfunction caused a steel beam to drop, injuring a contractor.",Engineering Workshop,Accident,Yes,Compressed air injury during maintenance
Sydney Holmes,Cameron Bennett,25 October 2024,17:39,Communications,Exposure to toxic fumes led to burns.,Training Room,Accident,Yes,Burn from hot welding equipment
Chris Parker,Skyler Parker,20 June 2024,11:54,Dockyard Operations,"crane malfunction caused a fuel leak, injuring two workers.",Main Gate Security,Accident,Yes,Foreign object in eye from grinding debris
Finley Reed,Jesse Robinson,26 April 2024,18:24,IT,"Worker fell from ship deck while painting, resulting in concussion.",Warehouse B,Accident,Yes,Trip hazard fall resulting in bruising
Dakota Brown,Jesse Robinson,20 October 2024,12:28,Ship Maintenance,"crane malfunction caused a fuel leak, injuring the operator.",Fleet Garage,Accident,Yes,Fractured ankle due to fall from scaffolding
Logan Brown,Casey Kennedy,25 April 2025,20:52,Security,"crane malfunction caused a steel beam to drop, injuring a contractor.",Office - Admin Block,Accident,Yes,Electric shock from faulty wiring
Spencer Smith,Finley Holmes,07 June 2024,03:50,Dockyard Operations,"forklift malfunction caused a steel beam to drop, injuring a contractor.",Warehouse A,Accident,Yes,Foreign object in eye from grinding debris
Charlie Clark,Reese Cooper,06 December 2024,23:03,Communications,"Worker fell from ship deck while welding, resulting in concussion.",Dry Dock 1,Accident,Yes,Severe abrasion from slip on deck
Finley Mitchell,Frankie Robinson,13 June 2025,01:20,HR,"Worker fell from ladder while welding, resulting in concussion.",Dockyard North,Accident,Yes,Back strain from improper lifting
Elliot Kennedy,Morgan Walker,09 January 2024,18:57,Finance,"Worker fell from ladder while painting, resulting in burns.",Dry Dock 2,Accident,Yes,Trip hazard fall resulting in bruising
Casey Davis,Jesse Cooper,31 January 2025,11:46,Engineering,Exposure to asbestos led to concussion.,Maintenance Shed,Accident,Yes,Electric shock from faulty wiring
Cameron Allen,Chris Morgan,28 July 2024,23:50,Procurement,Exposure to high-voltage wiring led to burns.,Tool Crib,Accident,Yes,Trip hazard fall resulting in bruising
Emerson Brown,Reese Cooper,28 May 2024,12:51,Quality Assurance,"Worker fell from ladder while repairing the hull, resulting in burns.",Tool Crib,Accident,Yes,Chemical burn from solvent exposure
Charlie Reed,Charlie Robinson,19 January 2025,06:19,Ship Maintenance,"Worker fell from scaffolding while welding, resulting in a fractured leg.",Dry Dock 1,Accident,Yes,Trip hazard fall resulting in bruising
Morgan Bailey,Alex Fisher,06 May 2025,14:26,Research & Development,"grinder malfunction caused electrical fire, injuring a contractor.",Cafeteria,Accident,Yes,Crush injury to hand from hydraulic press
Jordan Cooper,Spencer Johnson,01 May 2025,04:08,HR,"Worker fell from ladder while repairing the hull, resulting in burns.",Reception Area,Accident,Yes,Puncture wound from misplaced tool
Logan Reed,Harper Robinson,05 March 2024,06:35,Finance,"crane malfunction caused a steel beam to drop, injuring the operator.",Warehouse B,Accident,Yes,Concussion from falling object
Finley Murphy,Blake Clark,12 May 2024,07:58,Communications,"Worker fell from scaffolding while welding, resulting in concussion.",Fuel Depot,Accident,Yes,Back strain from improper lifting
Jordan Fisher,Emerson Ward,26 January 2024,12:33,Training & Development,"grinder malfunction caused electrical fire, injuring a contractor.",Electrical Bay,Accident,Yes,Minor cuts and bruises
Frankie Allen,Blake Bennett,12 February 2024,03:11,Research & Development,"Worker fell from ladder while painting, resulting in burns.",Dry Dock 1,Accident,Yes,Eye irritation from chemical fumes
Dakota Lee,Casey Davis,15 February 2024,22:17,Procurement,Exposure to asbestos led to a fractured leg.,Fleet Garage,Accident,Yes,Burn from hot welding equipment
Quinn Parker,Alex Holmes,20 March 2024,11:40,Training & Development,"forklift malfunction caused a fuel leak, injuring two workers.",Engineering Workshop,Accident,Yes,Chemical burn from solvent exposure
Frankie Murphy,Reese Davis,25 April 2024,09:30,Warehouse,Exposure to toxic fumes led to burns.,Electrical Bay,Accident,Yes,Eye irritation from chemical fumes
Reese Parker,Morgan Foster,14 January 2025,16:02,IT,"Worker fell from scaffolding while repairing the hull, resulting in burns.",Reception Area,Accident,Yes,Fractured ankle due to fall from scaffolding
Dakota Brown,Taylor Holmes,07 January 2024,10:00,Training & Development,"forklift malfunction caused electrical fire, injuring the operator.",Maintenance Shed,Accident,Yes,Burn from hot welding equipment
Sawyer Reed,Chris Smith,22 July 2024,06:19,Dockyard Operations,"forklift malfunction caused electrical fire, injuring two workers.",Reception Area,Accident,Yes,Dislocated shoulder during equipment maintenance
Sydney Davis,Drew Foster,01 June 2024,02:18,Ship Maintenance,"Worker fell from scaffolding while repairing the hull, resulting in concussion.",Warehouse B,Accident,Yes,Hearing damage from loud machinery
Taylor West,Elliot Payne,04 August 2025,16:08,Research & Development,Exposure to asbestos led to a fractured leg.,Main Gate Security,Accident,Yes,Heat exhaustion from prolonged outdoor work
Harper Pearson,Drew Bailey,10 October 2024,00:41,Engineering,"forklift malfunction caused a steel beam to drop, injuring the operator.",Main Gate Security,Accident,Yes,Fractured wrist from fall on wet surface
Logan Smith,Sawyer Cooper,24 April 2025,06:47,Ship Maintenance,Exposure to high-voltage wiring led to concussion.,IT Server Room,Accident,Yes,Fractured ankle due to fall from scaffolding
Kai Clark,Reese Foster,20 August 2025,02:15,Communications,"Worker fell from scaffolding while repairing the hull, resulting in a fractured leg.",Dockyard North,Accident,Yes,Fractured ankle due to fall from scaffolding
Taylor Graham,Riley Lee,21 June 2024,01:27,Health & Safety,"Worker fell from scaffolding while painting, resulting in a fractured leg.",Warehouse A,Accident,Yes,Foreign object in eye from grinding debris
Taylor Foster,Jesse Bailey,15 April 2024,01:23,Logistics,"Worker fell from scaffolding while repairing the hull, resulting in burns.",Fuel Depot,Accident,Yes,Back strain from improper lifting
Emerson Reed,Jesse Hughes,04 January 2024,23:33,Research & Development,Exposure to high-voltage wiring led to burns.,Fleet Garage,Accident,Yes,Back strain from improper lifting
Reese Mitchell,Casey Fisher,18 June 2024,13:06,Warehouse,"Worker fell from scaffolding while repairing the hull, resulting in concussion.",Electrical Bay,Accident,Yes,Fractured ankle due to fall from scaffolding
Dakota Bailey,Sydney Murray,03 March 2025,05:01,Ship Maintenance,"forklift malfunction caused a fuel leak, injuring the operator.",Shipyard Pier,Accident,Yes,Burn from hot welding equipment
Jesse Graham,Jesse Murray,23 May 2024,08:12,Security,"grinder malfunction caused electrical fire, injuring a contractor.",Maintenance Shed,Accident,Yes,Fractured wrist from fall on wet surface
Kai Cooper,Harper Kennedy,12 May 2024,23:08,Security,"Worker fell from ladder while repairing the hull, resulting in burns.",Warehouse B,Accident,Yes,Fractured ankle due to fall from scaffolding
Elliot Bennett,Dakota Bennett,05 July 2025,05:48,Dockyard Operations,"crane malfunction caused a fuel leak, injuring two workers.",Dockyard North,Accident,Yes,Smoke inhalation from fire in electrical bay
Casey Kennedy,Harper Smith,20 December 2024,06:12,HR,"Worker fell from ladder while welding, resulting in concussion.",Fuel Depot,Accident,Yes,Foreign object in eye from grinding debris
Riley Clark,Chris Graham,12 April 2024,16:22,Communications,"Worker fell from scaffolding while repairing the hull, resulting in concussion.",Maintenance Shed,Accident,Yes,Crush injury to hand from hydraulic press
Alex Sullivan,Jesse Payne,07 March 2024,01:54,Procurement,"forklift malfunction caused electrical fire, injuring two workers.",Dry Dock 1,Accident,Yes,Foreign object in eye from grinding debris
Harper Murray,Riley Murray,29 September 2024,15:35,Warehouse,Exposure to high-voltage wiring led to concussion.,Office - Admin Block,Accident,Yes,Chemical burn from solvent exposure
Rowan Lewis,Jamie Bennett,02 December 2024,06:27,HR,"forklift malfunction caused a fuel leak, injuring a contractor.",Warehouse A,Accident,Yes,Severe abrasion from slip on deck
Taylor Brown,Skyler Walker,16 July 2024,12:19,Training & Development,"Worker fell from ship deck while painting, resulting in a fractured leg.",Fleet Garage,Accident,Yes,Compressed air injury during maintenance
Avery Reed,Emerson Allen,19 January 2024,16:34,Communications,Exposure to high-voltage wiring led to burns.,Tool Crib,Accident,Yes,Severe abrasion from slip on deck
Sydney Reed,Kai Allen,11 September 2024,05:52,Communications,"Worker fell from ship deck while repairing the hull, resulting in burns.",Warehouse A,Accident,Yes,Foreign object in eye from grinding debris
Frankie Murphy,Riley Bennett,27 May 2024,08:56,Operations,Exposure to high-voltage wiring led to a fractured leg.,Tool Crib,Accident,Yes,Dislocated shoulder during equipment maintenance
Elliot Johnson,Kai Walker,02 June 2025,22:38,Fleet Management,Exposure to asbestos led to a fractured leg.,Reception Area,Accident,Yes,Concussion from falling object
Chris Parker,Finley Smith,11 August 2024,04:33,Fleet Management,Oil spill contaminated paint shop.,Reception Area,Incident,Yes,Electric shock from faulty wiring
Reese Reed,Rowan Sullivan,10 February 2025,11:07,IT,crane failure caused electrical fire to ship propeller.,Engineering Workshop,Incident,Yes,Laceration from sharp metal panel
Sydney Payne,Jesse Morgan,09 June 2025,00:09,HR,grinder failure caused a fuel leak to storage area.,Warehouse B,Incident,Yes,Fractured ankle due to fall from scaffolding
Casey Pearson,Frankie Mitchell,15 January 2025,19:01,Warehouse,forklift failure caused electrical fire to storage area.,Engineering Workshop,Incident,Yes,Electric shock from faulty wiring
Spencer Bailey,Taylor Kennedy,09 July 2025,00:55,Ship Maintenance,crane failure caused a fuel leak to storage area.,Dry Dock 1,Incident,Yes,Heat exhaustion from prolonged outdoor work
Alex Lewis,Elliot Davis,30 May 2025,08:15,Research & Development,Hydraulic fluid spill contaminated dock area.,Warehouse A,Incident,Yes,Puncture wound from misplaced tool
Logan Murray,Reese Murphy,13 January 2024,04:14,Procurement,Hydraulic fluid spill contaminated engine room.,Warehouse B,Incident,Yes,Laceration from sharp metal panel
Skyler Clark,Peyton Allen,27 July 2024,15:35,Ship Maintenance,grinder failure caused electrical fire to storage area.,Fuel Depot,Incident,Yes,Minor cuts and bruises
Riley Sullivan,Blake Reed,14 February 2025,20:44,Dockyard Operations,Oil spill contaminated paint shop.,Maintenance Shed,Incident,Yes,Crush injury to hand from hydraulic press
Reese Clark,Frankie Fisher,05 November 2024,20:46,Quality Assurance,crane failure caused a fuel leak to storage area.,Dockyard North,Incident,Yes,Crush injury to hand from hydraulic press
Avery Clark,Cameron Bennett,15 June 2025,13:52,Legal,Structural collapse in dry dock due to corrosion.,IT Server Room,Incident,Yes,Minor cuts and bruises
Charlie Holmes,Taylor Ward,12 June 2024,17:01,Procurement,Oil spill contaminated dock area.,Warehouse B,Incident,Yes,Heat exhaustion from prolonged outdoor work
Emerson Davis,Casey Johnson,03 April 2025,21:54,Environmental Services,grinder failure caused electrical fire to storage area.,Engineering Workshop,Incident,Yes,Puncture wound from misplaced tool
Casey Bennett,Sawyer Reed,12 May 2024,03:07,Training & Development,Oil spill contaminated dock area.,Dry Dock 1,Incident,Yes,Concussion from falling object
Casey Murphy,Blake Morgan,25 June 2025,08:57,Environmental Services,forklift failure caused electrical fire to ship propeller.,Office - Admin Block,Incident,Yes,Trip hazard fall resulting in bruising
Chris Lee,Chris Graham,09 March 2025,02:03,Security,forklift failure caused a fuel leak to ship propeller.,Electrical Bay,Incident,Yes,Eye irritation from chemical fumes
Taylor Johnson,Kai Davis,15 January 2024,21:18,Engineering,Oil spill contaminated paint shop.,Dry Dock 1,Incident,Yes,Smoke inhalation from fire in electrical bay
Jordan Pearson,Frankie Parker,30 April 2024,11:01,Research & Development,grinder failure caused a fuel leak to storage area.,Fleet Garage,Incident,Yes,Minor cuts and bruises
Charlie Bennett,Jordan Johnson,19 August 2024,19:31,Environmental Services,crane failure caused a fuel leak to storage area.,Warehouse A,Incident,Yes,Foreign object in eye from grinding debris
Blake Smith,Dakota Lewis,15 May 2025,23:11,Warehouse,Structural collapse in pier due to improper maintenance.,Training Room,Incident,Yes,Back strain from improper lifting
Drew Fisher,Kai Mitchell,23 March 2025,23:48,Procurement,grinder failure caused electrical fire to dry dock floor.,Fuel Depot,Incident,Yes,Compressed air injury during maintenance
Quinn West,Drew Johnson,22 July 2025,20:14,Training & Development,Oil spill contaminated engine room.,Dry Dock 2,Incident,Yes,Foreign object in eye from grinding debris
Sawyer Walker,Avery Kennedy,01 September 2024,12:03,Facilities,forklift failure caused electrical fire to ship propeller.,Reception Area,Incident,Yes,Smoke inhalation from fire in electrical bay
Riley Johnson,Reese Graham,24 November 2024,05:28,Finance,Structural collapse in pier due to corrosion.,Engineering Workshop,Incident,Yes,Dislocated shoulder during equipment maintenance
Taylor Ward,Sydney Johnson,31 March 2025,13:32,Health & Safety,Structural collapse in shipyard warehouse due to improper maintenance.,Office - Admin Block,Incident,Yes,Laceration from sharp metal panel
Riley Pearson,Finley Lee,06 March 2025,02:21,Operations,Structural collapse in pier due to improper maintenance.,Dockyard North,Incident,Yes,Compressed air injury during maintenance
Sawyer Johnson,Frankie Ward,12 February 2024,15:57,Customer Service,Structural collapse in dry dock due to improper maintenance.,Training Room,Incident,Yes,Heat exhaustion from prolonged outdoor work
Avery Johnson,Emerson Pearson,30 July 2024,05:44,Ship Maintenance,Structural collapse in pier due to improper maintenance.,Dry Dock 2,Incident,Yes,Back strain from improper lifting
Quinn Clark,Dakota Parker,23 July 2024,06:00,Research & Development,Structural collapse in shipyard warehouse due to corrosion.,Office - Admin Block,Incident,Yes,Burn from hot welding equipment
Emerson Sullivan,Reese Holmes,22 November 2024,22:06,Research & Development,Oil spill contaminated engine room.,Cafeteria,Incident,Yes,Crush injury to hand from hydraulic press
Rowan Johnson,Morgan Kennedy,01 August 2025,11:21,Legal,crane failure caused a fuel leak to storage area.,Fuel Depot,Incident,Yes,Minor cuts and bruises
Taylor Reed,Charlie Robinson,02 April 2025,19:53,Ship Maintenance,grinder failure caused a fuel leak to dry dock floor.,Dry Dock 1,Incident,Yes,Back strain from improper lifting
Reese Pearson,Quinn Holmes,22 April 2024,01:55,Fleet Management,Oil spill contaminated engine room.,Dockyard North,Incident,Yes,Puncture wound from misplaced tool
Skyler Hughes,Jamie Ward,01 March 2025,11:11,Finance,Oil spill contaminated engine room.,Dry Dock 2,Incident,Yes,Foreign object in eye from grinding debris
Cameron Robinson,Jordan Lewis,20 April 2024,22:01,Fleet Management,Structural collapse in pier due to improper maintenance.,Paint Shop,Incident,Yes,Minor cuts and bruises
Spencer Allen,Finley Hughes,15 April 2024,04:49,Quality Assurance,Hydraulic fluid spill contaminated engine room.,IT Server Room,Incident,Yes,Chemical burn from solvent exposure
Frankie Walker,Blake Mitchell,15 July 2024,03:26,Operations,Structural collapse in pier due to overload.,Paint Shop,Incident,Yes,Puncture wound from misplaced tool
Sydney Johnson,Jesse Parker,07 February 2025,10:31,Procurement,Hydraulic fluid spill contaminated engine room.,IT Server Room,Incident,Yes,Laceration from sharp metal panel
Harper Parker,Sawyer Fisher,25 October 2024,10:04,Finance,Structural collapse in shipyard warehouse due to improper maintenance.,Dry Dock 1,Incident,Yes,Crush injury to hand from hydraulic press
Dakota Foster,Kai Murray,30 March 2024,08:36,Research & Development,Chemicals spill contaminated paint shop.,Dockyard South,Incident,Yes,Puncture wound from misplaced tool
Casey Lewis,Rowan Graham,18 August 2025,05:47,Finance,Hydraulic fluid spill contaminated dock area.,Engineering Workshop,Incident,Yes,Laceration from sharp metal panel
Sydney Walker,Jamie Reed,09 August 2025,14:48,Ship Maintenance,Structural collapse in pier due to overload.,Reception Area,Incident,Yes,Back strain from improper lifting
Frankie Hughes,Morgan West,28 October 2024,12:52,HR,Structural collapse in pier due to improper maintenance.,Shipyard Pier,Incident,Yes,Smoke inhalation from fire in electrical bay
Alex Holmes,Peyton Brown,01 October 2024,18:12,Finance,grinder failure caused electrical fire to ship propeller.,Engineering Workshop,Incident,Yes,Eye irritation from chemical fumes
Blake Walker,Harper Allen,13 January 2025,12:16,Warehouse,grinder failure caused a steel beam to drop to storage area.,Warehouse B,Incident,Yes,Hearing damage from loud machinery
Kai Allen,Elliot Davis,28 February 2024,20:04,Operations,Structural collapse in dry dock due to overload.,Dockyard South,Incident,Yes,Crush injury to hand from hydraulic press
Logan Pearson,Jordan Brown,04 June 2025,18:28,Engineering,grinder failure caused electrical fire to ship propeller.,Engineering Workshop,Incident,Yes,Smoke inhalation from fire in electrical bay
Morgan Clark,Blake West,23 April 2025,07:10,Finance,crane failure caused electrical fire to ship propeller.,Main Gate Security,Incident,Yes,Fractured wrist from fall on wet surface
Avery Brown,Casey Allen,19 August 2024,17:32,Ship Maintenance,grinder failure caused electrical fire to ship propeller.,Reception Area,Incident,Yes,Puncture wound from misplaced tool
Casey Mitchell,Rowan Holmes,09 January 2025,19:18,Dockyard Operations,Structural collapse in pier due to corrosion.,Training Room,Incident,Yes,Concussion from falling object
Finley Bennett,Charlie Hughes,25 January 2025,16:52,Security,grinder failure caused electrical fire to dry dock floor.,Main Gate Security,Incident,Yes,Compressed air injury during maintenance
Skyler Morgan,Avery Allen,10 June 2024,18:54,Communications,Structural collapse in pier due to corrosion.,Training Room,Incident,Yes,Fractured wrist from fall on wet surface
Jesse Smith,Morgan Hughes,08 July 2024,15:22,Quality Assurance,Structural collapse in dry dock due to overload.,Shipyard Pier,Incident,Yes,Electric shock from faulty wiring
Elliot Davis,Dakota Smith,16 November 2024,04:01,Engineering,grinder failure caused electrical fire to ship propeller.,Shipyard Pier,Incident,Yes,Minor cuts and bruises
Finley West,Finley Brown,18 July 2025,19:10,Finance,Chemicals spill contaminated engine room.,Dockyard South,Incident,Yes,Puncture wound from misplaced tool
Logan Lee,Spencer Reed,10 August 2025,16:58,Procurement,Structural collapse in pier due to corrosion.,Office - Admin Block,Incident,Yes,Smoke inhalation from fire in electrical bay
Sydney Graham,Alex Davis,24 April 2024,23:36,Warehouse,Structural collapse in pier due to overload.,Office - Admin Block,Incident,Yes,Fractured wrist from fall on wet surface
Sawyer Graham,Kai Lee,08 March 2024,16:38,HR,Oil spill contaminated dock area.,Office - Admin Block,Incident,Yes,Fractured wrist from fall on wet surface
Spencer Lewis,Skyler Parker,20 January 2024,05:26,HR,grinder failure caused a steel beam to drop to ship propeller.,Dry Dock 2,Incident,Yes,Hearing damage from loud machinery
Jesse Bailey,Jamie Fisher,10 September 2024,08:07,Warehouse,crane failure caused a steel beam to drop to ship propeller.,Engineering Workshop,Incident,Yes,Chemical burn from solvent exposure
Quinn Johnson,Sydney Walker,09 September 2024,15:25,Logistics,Chemicals spill contaminated dock area.,Maintenance Shed,Incident,Yes,Trip hazard fall resulting in bruising
Logan Lewis,Peyton Johnson,09 December 2024,03:08,Health & Safety,Chemicals spill contaminated engine room.,Dry Dock 1,Incident,Yes,Hearing damage from loud machinery
Morgan Bailey,Cameron Smith,02 March 2025,21:47,Dockyard Operations,Oil spill contaminated paint shop.,Cafeteria,Incident,Yes,Fractured ankle due to fall from scaffolding
Sydney Smith,Logan Reed,28 March 2025,02:01,Training & Development,crane failure caused a steel beam to drop to storage area.,Warehouse A,Incident,Yes,Foreign object in eye from grinding debris
Morgan Reed,Chris Fisher,16 August 2024,11:24,Training & Development,grinder failure caused a fuel leak to dry dock floor.,Dockyard North,Incident,Yes,Puncture wound from misplaced tool
Jesse Murray,Reese Johnson,19 March 2025,18:01,Communications,crane failure caused electrical fire to dry dock floor.,Dockyard South,Incident,Yes,Puncture wound from misplaced tool
Quinn Johnson,Skyler Pearson,26 July 2024,09:14,Procurement,Oil spill contaminated dock area.,Training Room,Incident,Yes,Minor cuts and bruises
Dakota Reed,Finley Lee,17 July 2024,16:01,Health & Safety,Structural collapse in shipyard warehouse due to improper maintenance.,Dockyard North,Incident,Yes,Electric shock from faulty wiring
Emerson Lewis,Jordan Smith,09 October 2024,07:18,Procurement,forklift failure caused electrical fire to dry dock floor.,Warehouse A,Incident,Yes,Puncture wound from misplaced tool
Frankie Murphy,Alex Mitchell,26 April 2025,20:46,Ship Maintenance,crane failure caused electrical fire to storage area.,Paint Shop,Incident,Yes,Electric shock from faulty wiring
Jesse Davis,Skyler Robinson,22 February 2025,09:50,Engineering,Chemicals spill contaminated paint shop.,Dry Dock 1,Incident,Yes,Dislocated shoulder during equipment maintenance
Logan Payne,Avery Graham,22 July 2024,00:51,Warehouse,Chemicals spill contaminated dock area.,Training Room,Incident,Yes,Fractured ankle due to fall from scaffolding
Riley Ward,Frankie Morgan,29 November 2024,00:12,Ship Maintenance,Structural collapse in shipyard warehouse due to overload.,Dockyard South,Incident,Yes,Heat exhaustion from prolonged outdoor work
Blake Bailey,Jordan Robinson,21 January 2024,09:21,Operations,Structural collapse in pier due to improper maintenance.,Warehouse B,Incident,Yes,Fractured wrist from fall on wet surface
Frankie Fisher,Drew Lewis,17 July 2025,22:32,Research & Development,Oil spill contaminated paint shop.,Cafeteria,Incident,Yes,Dislocated shoulder during equipment maintenance
Blake Mitchell,Jamie Pearson,11 October 2024,20:35,Quality Assurance,Hydraulic fluid spill contaminated dock area.,IT Server Room,Incident,Yes,Back strain from improper lifting
Drew Sullivan,Kai Bennett,22 December 2024,06:20,Security,crane failure caused a steel beam to drop to ship propeller.,Dry Dock 1,Incident,Yes,Back strain from improper lifting
Casey Walker,Casey Lewis,30 December 2024,19:35,Operations,Hydraulic fluid spill contaminated paint shop.,Main Gate Security,Incident,Yes,Chemical burn from solvent exposure
Kai Murphy,Reese Payne,03 May 2025,23:28,HR,Chemicals spill contaminated dock area.,Training Room,Incident,Yes,Dislocated shoulder during equipment maintenance
Riley Parker,Riley Davis,20 May 2025,11:07,Customer Service,Structural collapse in shipyard warehouse due to improper maintenance.,Dry Dock 1,Incident,Yes,Crush injury to hand from hydraulic press
Sawyer Robinson,Dakota Smith,02 March 2025,10:47,Quality Assurance,crane failure caused a steel beam to drop to dry dock floor.,Paint Shop,Incident,Yes,Chemical burn from solvent exposure
Jamie Ward,Sydney Smith,07 March 2024,18:31,Legal,Chemicals spill contaminated dock area.,Tool Crib,Incident,Yes,Back strain from improper lifting
Blake Brown,Sydney Payne,07 August 2024,12:03,Engineering,Chemicals spill contaminated dock area.,Tool Crib,Incident,Yes,Fractured wrist from fall on wet surface
Sawyer Parker,Quinn Payne,19 February 2025,10:56,Communications,crane failure caused a steel beam to drop to dry dock floor.,Tool Crib,Incident,Yes,Severe abrasion from slip on deck
Quinn Lee,Spencer Brown,20 June 2024,12:19,Dockyard Operations,Oil spill contaminated paint shop.,Dry Dock 2,Incident,Yes,Chemical burn from solvent exposure
Sydney Murphy,Quinn Smith,14 January 2024,07:29,IT,forklift failure caused a steel beam to drop to dry dock floor.,Warehouse A,Incident,Yes,Dislocated shoulder during equipment maintenance
Cameron Walker,Cameron Morgan,24 May 2025,17:51,Operations,crane failure caused a fuel leak to dry dock floor.,Dockyard North,Incident,Yes,Burn from hot welding equipment
Elliot Allen,Casey Ward,11 June 2024,20:30,Communications,Hydraulic fluid spill contaminated paint shop.,Fuel Depot,Incident,Yes,Compressed air injury during maintenance
Riley Bennett,Logan Parker,25 May 2025,13:10,Legal,Structural collapse in pier due to corrosion.,Reception Area,Incident,Yes,Minor cuts and bruises
Rowan Payne,Blake Bennett,02 June 2024,04:03,Security,Structural collapse in pier due to corrosion.,Warehouse B,Incident,Yes,Heat exhaustion from prolonged outdoor work
Emerson Lewis,Reese West,01 July 2025,10:10,IT,Structural collapse in pier due to improper maintenance.,Shipyard Pier,Incident,Yes,Dislocated shoulder during equipment maintenance
Quinn Holmes,Frankie Lee,02 June 2025,10:40,Fleet Management,forklift failure caused electrical fire to storage area.,Office - Admin Block,Incident,Yes,Smoke inhalation from fire in electrical bay
Dakota Cooper,Charlie Parker,23 September 2024,22:12,Facilities,forklift failure caused electrical fire to dry dock floor.,IT Server Room,Incident,Yes,Laceration from sharp metal panel
Taylor Parker,Alex Pearson,25 August 2024,14:31,Procurement,grinder failure caused a fuel leak to dry dock floor.,Warehouse A,Incident,Yes,Fractured ankle due to fall from scaffolding
Jesse Smith,Spencer Morgan,04 April 2024,11:22,Quality Assurance,Structural collapse in shipyard warehouse due to overload.,Fleet Garage,Incident,Yes,Concussion from falling object
Cameron Morgan,Quinn Parker,25 April 2025,16:58,Logistics,crane failure caused a fuel leak to dry dock floor.,Dockyard North,Incident,Yes,Foreign object in eye from grinding debris
Harper Smith,Sydney Fisher,28 March 2024,03:53,Quality Assurance,grinder failure caused a steel beam to drop to storage area.,Office - Admin Block,Incident,Yes,Puncture wound from misplaced tool
Harper Reed,Quinn Lewis,21 March 2025,08:41,Environmental Services,Hydraulic fluid spill contaminated paint shop.,Warehouse B,Incident,Yes,Burn from hot welding equipment
Elliot Lewis,Jamie West,11 December 2024,07:54,HR,Structural collapse in pier due to corrosion.,Maintenance Shed,Incident,Yes,Fractured ankle due to fall from scaffolding
Cameron Kennedy,Morgan Lewis,14 April 2024,01:46,Legal,grinder failure caused a steel beam to drop to dry dock floor.,Engineering Workshop,Incident,Yes,Burn from hot welding equipment
Alex Bennett,Spencer Davis,23 July 2024,22:27,IT,Structural collapse in shipyard warehouse due to overload.,Office - Admin Block,Incident,Yes,Hearing damage from loud machinery
Taylor Bennett,Charlie Bailey,06 February 2024,11:45,Engineering,Chemicals spill contaminated engine room.,Office - Admin Block,Incident,Yes,Heat exhaustion from prolonged outdoor work
Finley Robinson,Chris Allen,14 November 2024,10:07,Warehouse,Structural collapse in dry dock due to improper maintenance.,Dockyard South,Incident,Yes,Minor cuts and bruises
Skyler Brown,Emerson Murray,28 January 2025,12:46,Legal,Structural collapse in shipyard warehouse due to overload.,Electrical Bay,Incident,Yes,Fractured ankle due to fall from scaffolding
Dakota Bailey,Taylor Bennett,09 May 2024,18:27,Operations,forklift failure caused a steel beam to drop to dry dock floor.,Paint Shop,Incident,Yes,Foreign object in eye from grinding debris
Rowan Mitchell,Sawyer Bennett,12 March 2025,12:19,Finance,Hydraulic fluid spill contaminated dock area.,Reception Area,Incident,Yes,Dislocated shoulder during equipment maintenance
Peyton Murphy,Taylor Murphy,23 February 2025,12:20,IT,Chemicals spill contaminated engine room.,Fuel Depot,Incident,Yes,Dislocated shoulder during equipment maintenance
Alex Kennedy,Blake Mitchell,03 May 2024,01:30,Legal,Structural collapse in pier due to overload.,Warehouse B,Incident,Yes,Severe abrasion from slip on deck
Emerson Reed,Jesse Brown,14 May 2025,12:37,Procurement,Chemicals spill contaminated paint shop.,Fuel Depot,Incident,Yes,Crush injury to hand from hydraulic press
Quinn Pearson,Rowan Hughes,03 March 2024,01:49,IT,Structural collapse in shipyard warehouse due to improper maintenance.,Engineering Workshop,Incident,Yes,Crush injury to hand from hydraulic press
Taylor Reed,Chris Robinson,21 July 2025,09:38,Research & Development,Structural collapse in dry dock due to improper maintenance.,Main Gate Security,Incident,Yes,Eye irritation from chemical fumes
Harper Brown,Jordan Smith,17 September 2024,19:06,Fleet Management,Oil spill contaminated paint shop.,Tool Crib,Incident,Yes,Hearing damage from loud machinery
Morgan Reed,Quinn Fisher,29 May 2024,23:28,Logistics,Chemicals spill contaminated dock area.,Paint Shop,Incident,Yes,Electric shock from faulty wiring
Jesse Bennett,Riley Cooper,13 January 2025,21:10,Dockyard Operations,Structural collapse in shipyard warehouse due to corrosion.,Training Room,Incident,Yes,Burn from hot welding equipment
Chris Clark,Jamie Morgan,14 August 2025,00:51,Research & Development,Structural collapse in pier due to overload.,Paint Shop,Incident,Yes,Minor cuts and bruises
Chris Kennedy,Emerson Ward,03 December 2024,03:20,Research & Development,Oil spill contaminated engine room.,Cafeteria,Incident,Yes,Concussion from falling object
Blake Brown,Jordan Davis,04 September 2024,07:18,Research & Development,Hydraulic fluid spill contaminated engine room.,Fleet Garage,Incident,Yes,Eye irritation from chemical fumes
Elliot Fisher,Dakota Bailey,07 April 2025,15:58,Fleet Management,Oil spill contaminated paint shop.,Fleet Garage,Incident,Yes,Hearing damage from loud machinery
Emerson Ward,Riley West,14 April 2025,00:33,Finance,Oil spill contaminated engine room.,Dry Dock 1,Incident,Yes,Dislocated shoulder during equipment maintenance
Sydney Payne,Finley Brown,21 February 2024,17:29,IT,forklift failure caused electrical fire to dry dock floor.,Reception Area,Incident,Yes,Fractured wrist from fall on wet surface
Elliot Parker,Elliot Sullivan,28 July 2024,04:30,IT,Chemicals spill contaminated engine room.,Shipyard Pier,Incident,Yes,Dislocated shoulder during equipment maintenance
Blake Davis,Logan Lee,01 February 2024,17:44,HR,Chemicals spill contaminated paint shop.,Fuel Depot,Incident,Yes,Hearing damage from loud machinery
Skyler Reed,Jamie Fisher,25 March 2025,01:27,Quality Assurance,forklift failure caused a steel beam to drop to ship propeller.,Tool Crib,Incident,Yes,Back strain from improper lifting
Harper Brown,Dakota Murray,12 April 2024,11:16,Ship Maintenance,crane failure caused a fuel leak to ship propeller.,Maintenance Shed,Incident,Yes,Trip hazard fall resulting in bruising
Kai Bailey,Alex Bennett,10 April 2024,23:45,Operations,Structural collapse in shipyard warehouse due to corrosion.,Reception Area,Incident,Yes,Burn from hot welding equipment
Quinn Sullivan,Kai Parker,19 April 2025,20:17,HR,Chemicals spill contaminated dock area.,Office - Admin Block,Incident,Yes,Severe abrasion from slip on deck
Jamie Murphy,Riley Walker,22 April 2025,21:21,Environmental Services,grinder failure caused a fuel leak to ship propeller.,Shipyard Pier,Incident,Yes,Crush injury to hand from hydraulic press
Kai Davis,Blake Graham,09 March 2024,19:07,Training & Development,Chemicals spill contaminated paint shop.,Warehouse A,Incident,Yes,Puncture wound from misplaced tool
Alex Bennett,Sydney Johnson,12 March 2024,04:49,Facilities,crane failure caused a fuel leak to dry dock floor.,Warehouse A,Incident,Yes,Heat exhaustion from prolonged outdoor work
Riley Murray,Quinn Kennedy,04 January 2024,11:18,Communications,Structural collapse in shipyard warehouse due to improper maintenance.,Office - Admin Block,Incident,Yes,Heat exhaustion from prolonged outdoor work
Sawyer West,Frankie West,05 March 2025,20:35,Operations,Chemicals spill contaminated paint shop.,Dockyard South,Incident,Yes,Electric shock from faulty wiring
Alex Morgan,Dakota Reed,18 December 2024,12:25,Environmental Services,Structural collapse in dry dock due to corrosion.,Reception Area,Incident,Yes,Chemical burn from solvent exposure
Harper Robinson,Alex Graham,17 February 2024,20:34,Training & Development,Structural collapse in dry dock due to overload.,Maintenance Shed,Incident,Yes,Crush injury to hand from hydraulic press
Sydney Morgan,Taylor Walker,15 February 2025,17:12,Training & Development,Hydraulic fluid spill contaminated dock area.,Dry Dock 2,Incident,Yes,Puncture wound from misplaced tool
Finley Kennedy,Reese Walker,18 August 2024,06:09,Legal,forklift failure caused electrical fire to storage area.,Main Gate Security,Incident,Yes,Smoke inhalation from fire in electrical bay
Morgan Lewis,Quinn Kennedy,25 September 2024,01:21,IT,Structural collapse in dry dock due to corrosion.,Training Room,Incident,Yes,Puncture wound from misplaced tool
Taylor Davis,Alex Fisher,23 July 2024,11:53,Finance,Structural collapse in pier due to improper maintenance.,Shipyard Pier,Incident,Yes,Fractured ankle due to fall from scaffolding
Frankie Foster,Emerson Hughes,13 January 2024,05:48,Facilities,Structural collapse in pier due to overload.,Dockyard North,Incident,Yes,Eye irritation from chemical fumes
Chris West,Taylor Bailey,16 March 2025,09:18,IT,Hydraulic fluid spill contaminated paint shop.,Fleet Garage,Incident,Yes,Crush injury to hand from hydraulic press
Quinn Davis,Casey Clark,31 October 2024,08:13,IT,Oil spill contaminated paint shop.,Dry Dock 1,Incident,Yes,Severe abrasion from slip on deck
Casey Sullivan,Cameron Davis,13 December 2024,10:10,Research & Development,Chemicals spill contaminated engine room.,Dockyard North,Incident,Yes,Electric shock from faulty wiring
Chris Holmes,Cameron Allen,12 March 2024,06:49,Research & Development,grinder failure caused a steel beam to drop to dry dock floor.,Maintenance Shed,Incident,Yes,Smoke inhalation from fire in electrical bay
Spencer Mitchell,Charlie Reed,03 August 2024,02:07,Customer Service,Oil spill contaminated engine room.,Paint Shop,Incident,Yes,Electric shock from faulty wiring
Jesse West,Avery Lewis,15 May 2025,18:05,Warehouse,forklift failure caused a steel beam to drop to ship propeller.,Cafeteria,Incident,Yes,Fractured wrist from fall on wet surface
Chris Sullivan,Skyler Smith,09 May 2024,11:33,Fleet Management,forklift failure caused a steel beam to drop to dry dock floor.,IT Server Room,Incident,Yes,Eye irritation from chemical fumes
Morgan Robinson,Drew Lee,09 August 2024,02:49,Procurement,Structural collapse in pier due to corrosion.,Fuel Depot,Incident,Yes,Concussion from falling object
Jesse Ward,Morgan Davis,12 August 2025,08:36,Environmental Services,Oil spill contaminated paint shop.,Paint Shop,Incident,Yes,Smoke inhalation from fire in electrical bay
Peyton Bennett,Morgan Fisher,31 July 2024,13:42,Operations,Hydraulic fluid spill contaminated dock area.,Cafeteria,Incident,Yes,Compressed air injury during maintenance
Sydney Graham,Cameron Brown,01 May 2024,01:55,Operations,grinder failure caused a steel beam to drop to storage area.,Shipyard Pier,Incident,Yes,Back strain from improper lifting
Avery Graham,Chris Cooper,10 April 2024,18:01,Research & Development,forklift failure caused a fuel leak to storage area.,Main Gate Security,Incident,Yes,Trip hazard fall resulting in bruising
Cameron West,Cameron Lee,29 November 2024,22:56,Legal,grinder failure caused a steel beam to drop to ship propeller.,Tool Crib,Incident,Yes,Compressed air injury during maintenance
Sawyer Ward,Chris Bailey,07 August 2024,04:23,Customer Service,Oil spill contaminated dock area.,Fuel Depot,Incident,Yes,Crush injury to hand from hydraulic press
Finley Morgan,Riley Johnson,12 June 2024,02:29,Research & Development,Structural collapse in shipyard warehouse due to improper maintenance.,IT Server Room,Incident,Yes,Fractured ankle due to fall from scaffolding
Frankie Bailey,Cameron Murray,05 June 2024,19:12,Research & Development,forklift failure caused a fuel leak to ship propeller.,Tool Crib,Incident,Yes,Laceration from sharp metal panel
Spencer Allen,Reese Allen,02 August 2025,10:18,Procurement,Hydraulic fluid spill contaminated paint shop.,Fleet Garage,Incident,Yes,Severe abrasion from slip on deck
Jesse Sullivan,Jordan Parker,23 March 2024,14:48,Security,Chemicals spill contaminated engine room.,Tool Crib,Incident,Yes,Puncture wound from misplaced tool
Kai Kennedy,Alex Smith,28 June 2025,16:30,Quality Assurance,Structural collapse in shipyard warehouse due to improper maintenance.,Dockyard South,Incident,Yes,Trip hazard fall resulting in bruising
Drew Cooper,Kai Brown,11 January 2025,07:19,Training & Development,Chemicals spill contaminated dock area.,Reception Area,Incident,Yes,Foreign object in eye from grinding debris
Jesse Parker,Emerson Murray,21 January 2025,21:36,Facilities,forklift failure caused a fuel leak to dry dock floor.,Electrical Bay,Incident,Yes,Hearing damage from loud machinery
Riley Bailey,Spencer Clark,17 December 2024,18:33,Logistics,Oil spill contaminated dock area.,IT Server Room,Incident,Yes,Trip hazard fall resulting in bruising
Drew West,Emerson Lee,08 February 2025,00:24,Operations,Structural collapse in shipyard warehouse due to overload.,Cafeteria,Incident,Yes,Laceration from sharp metal panel
Reese West,Cameron Sullivan,27 July 2024,08:48,Training & Development,Chemicals spill contaminated engine room.,Maintenance Shed,Incident,Yes,Fractured wrist from fall on wet surface
Kai Morgan,Frankie Foster,05 May 2024,05:28,Finance,forklift failure caused a fuel leak to dry dock floor.,Fuel Depot,Incident,Yes,Fractured ankle due to fall from scaffolding
Blake Cooper,Kai Brown,06 July 2024,11:15,Dockyard Operations,Structural collapse in shipyard warehouse due to overload.,Dockyard North,Incident,Yes,Trip hazard fall resulting in bruising
Emerson Pearson,Sydney Davis,15 November 2024,03:28,Fleet Management,grinder failure caused a steel beam to drop to ship propeller.,Shipyard Pier,Incident,Yes,Electric shock from faulty wiring
Charlie Lee,Charlie Foster,31 December 2024,20:22,Procurement,Structural collapse in dry dock due to improper maintenance.,Fleet Garage,Incident,Yes,Foreign object in eye from grinding debris
Avery Morgan,Chris Pearson,08 July 2024,12:26,IT,Chemicals spill contaminated paint shop.,Dockyard North,Incident,Yes,Concussion from falling object
Kai Bailey,Blake Bennett,21 January 2024,20:46,Logistics,Structural collapse in dry dock due to improper maintenance.,Dockyard North,Incident,Yes,Smoke inhalation from fire in electrical bay
Riley Mitchell,Harper Graham,12 June 2025,03:12,Fleet Management,Chemicals spill contaminated engine room.,Reception Area,Incident,Yes,Crush injury to hand from hydraulic press
Sydney Bennett,Chris Pearson,26 November 2024,06:50,Legal,Structural collapse in shipyard warehouse due to overload.,Main Gate Security,Incident,Yes,Fractured wrist from fall on wet surface
Quinn Robinson,Emerson Murray,16 July 2025,00:23,Dockyard Operations,grinder failure caused a steel beam to drop to ship propeller.,Fuel Depot,Incident,Yes,Minor cuts and bruises
Blake Reed,Riley Robinson,04 March 2024,02:24,Engineering,crane failure caused a steel beam to drop to storage area.,Main Gate Security,Incident,Yes,Compressed air injury during maintenance
Quinn Brown,Morgan Davis,13 February 2025,13:42,Research & Development,Structural collapse in pier due to overload.,Electrical Bay,Incident,Yes,Minor cuts and bruises
Kai Davis,Cameron Reed,13 August 2025,09:59,Logistics,grinder failure caused a fuel leak to ship propeller.,IT Server Room,Incident,Yes,Concussion from falling object
Sawyer Murphy,Elliot Reed,26 September 2024,22:21,Environmental Services,Oil spill contaminated engine room.,Electrical Bay,Incident,Yes,Eye irritation from chemical fumes
Jesse Kennedy,Dakota Johnson,30 March 2024,15:18,Fleet Management,Structural collapse in shipyard warehouse due to overload.,Dockyard South,Incident,Yes,Back strain from improper lifting
Kai Mitchell,Alex Morgan,01 August 2025,21:20,HR,Chemicals spill contaminated paint shop.,Engineering Workshop,Incident,Yes,Eye irritation from chemical fumes
Jordan Mitchell,Elliot Davis,27 July 2024,13:55,Ship Maintenance,Structural collapse in dry dock due to improper maintenance.,IT Server Room,Incident,Yes,Smoke inhalation from fire in electrical bay
Skyler Brown,Finley Kennedy,19 January 2024,12:10,Environmental Services,crane failure caused a steel beam to drop to dry dock floor.,Main Gate Security,Incident,Yes,Laceration from sharp metal panel
Elliot West,Sydney Foster,04 June 2024,11:57,Fleet Management,Hydraulic fluid spill contaminated dock area.,Office - Admin Block,Incident,Yes,Laceration from sharp metal panel
Harper Ward,Jesse Fisher,13 July 2025,02:05,Environmental Services,Chemicals spill contaminated paint shop.,Dockyard North,Incident,Yes,Hearing damage from loud machinery
Avery Cooper,Spencer Holmes,14 July 2025,02:07,Communications,Structural collapse in dry dock due to corrosion.,Fleet Garage,Incident,Yes,Eye irritation from chemical fumes
Reese West,Morgan Bailey,18 July 2025,17:29,Environmental Services,Structural collapse in dry dock due to overload.,IT Server Room,Incident,Yes,Concussion from falling object
Jamie Robinson,Quinn Clark,30 June 2024,17:44,Legal,Chemicals spill contaminated dock area.,Cafeteria,Incident,Yes,Severe abrasion from slip on deck
Charlie Fisher,Jesse Mitchell,23 February 2025,09:25,Training & Development,Oil spill contaminated engine room.,Paint Shop,Incident,Yes,Burn from hot welding equipment
Spencer Mitchell,Reese Hughes,05 April 2024,21:14,Communications,crane failure caused a fuel leak to dry dock floor.,Maintenance Shed,Incident,Yes,Minor cuts and bruises
Harper Brown,Charlie Clark,02 May 2025,12:20,Ship Maintenance,Structural collapse in dry dock due to improper maintenance.,Warehouse B,Incident,Yes,Hearing damage from loud machinery
Charlie Allen,Sydney Clark,28 August 2024,16:03,Health & Safety,Hydraulic fluid spill contaminated dock area.,Engineering Workshop,Incident,Yes,Eye irritation from chemical fumes
Alex Payne,Morgan Morgan,16 January 2024,06:17,Ship Maintenance,Hydraulic fluid spill contaminated dock area.,Dockyard South,Incident,Yes,Concussion from falling object
Reese Mitchell,Spencer Graham,16 November 2024,10:28,Facilities,Hydraulic fluid spill contaminated engine room.,Dockyard North,Incident,Yes,Chemical burn from solvent exposure
Dakota Payne,Riley Bennett,14 April 2024,12:48,Customer Service,Oil spill contaminated dock area.,Paint Shop,Incident,Yes,Smoke inhalation from fire in electrical bay
Logan Holmes,Emerson Holmes,05 February 2024,00:04,Quality Assurance,forklift failure caused electrical fire to ship propeller.,Fleet Garage,Incident,Yes,Puncture wound from misplaced tool
Elliot Kennedy,Reese Kennedy,17 July 2024,20:46,Fleet Management,Hydraulic fluid spill contaminated paint shop.,Shipyard Pier,Incident,Yes,Compressed air injury during maintenance
Elliot Reed,Drew Johnson,16 April 2024,07:25,Dockyard Operations,Structural collapse in pier due to corrosion.,Maintenance Shed,Incident,Yes,Laceration from sharp metal panel
Riley Johnson,Drew Smith,03 May 2024,16:19,Legal,forklift failure caused a fuel leak to storage area.,Fuel Depot,Incident,Yes,Concussion from falling object
Jordan Brown,Skyler Parker,27 May 2024,12:13,Training & Development,crane failure caused a fuel leak to storage area.,Paint Shop,Incident,Yes,Trip hazard fall resulting in bruising
Harper Hughes,Logan Brown,20 April 2025,01:31,Finance,Oil spill contaminated engine room.,Dry Dock 1,Incident,Yes,Severe abrasion from slip on deck
Logan Allen,Logan Lee,31 March 2024,21:02,Finance,Oil spill contaminated engine room.,Paint Shop,Incident,Yes,Electric shock from faulty wiring
Reese Davis,Rowan Johnson,19 January 2024,22:21,Environmental Services,grinder failure caused a steel beam to drop to dry dock floor.,Fuel Depot,Incident,Yes,Severe abrasion from slip on deck
Logan Allen,Jordan Robinson,01 April 2024,13:49,Customer Service,Structural collapse in dry dock due to improper maintenance.,Warehouse B,Incident,Yes,Foreign object in eye from grinding debris
Charlie Pearson,Harper Morgan,22 September 2024,09:35,Warehouse,Structural collapse in shipyard warehouse due to improper maintenance.,Warehouse B,Incident,Yes,Severe abrasion from slip on deck
Reese Parker,Alex Graham,12 March 2024,05:35,Warehouse,Structural collapse in pier due to improper maintenance.,Dockyard South,Incident,Yes,Foreign object in eye from grinding debris
Cameron Payne,Logan Murray,27 July 2024,21:19,Warehouse,Structural collapse in dry dock due to improper maintenance.,IT Server Room,Incident,Yes,Foreign object in eye from grinding debris
Spencer Kennedy,Logan Kennedy,31 May 2025,21:36,Health & Safety,Structural collapse in pier due to improper maintenance.,Engineering Workshop,Incident,Yes,Severe abrasion from slip on deck
Sydney Johnson,Harper Pearson,01 June 2024,13:26,IT,Oil spill contaminated paint shop.,Dockyard South,Incident,Yes,Hearing damage from loud machinery
Jamie Holmes,Chris Allen,28 May 2024,08:53,Operations,Chemicals spill contaminated paint shop.,Training Room,Incident,Yes,Smoke inhalation from fire in electrical bay
Casey Reed,Kai Lewis,08 October 2024,22:12,Operations,Structural collapse in dry dock due to corrosion.,Maintenance Shed,Incident,Yes,Eye irritation from chemical fumes
Peyton Allen,Elliot Lee,12 October 2024,01:19,Training & Development,forklift failure caused a fuel leak to ship propeller.,Warehouse A,Incident,Yes,Electric shock from faulty wiring
Taylor Foster,Harper Parker,24 May 2024,16:34,Health & Safety,Chemicals spill contaminated engine room.,Paint Shop,Incident,Yes,Trip hazard fall resulting in bruising
Elliot Reed,Kai Cooper,20 May 2024,11:56,Environmental Services,Structural collapse in pier due to overload.,Dockyard South,Incident,Yes,Severe abrasion from slip on deck
Cameron Lewis,Quinn Lee,02 September 2024,16:38,Engineering,Structural collapse in pier due to corrosion.,Engineering Workshop,Incident,Yes,Hearing damage from loud machinery
Chris Fisher,Reese Morgan,08 April 2025,15:12,HR,Structural collapse in shipyard warehouse due to overload.,Engineering Workshop,Incident,Yes,Heat exhaustion from prolonged outdoor work
Emerson Kennedy,Sydney Cooper,25 March 2025,17:25,Security,Structural collapse in dry dock due to improper maintenance.,Dockyard North,Incident,Yes,Heat exhaustion from prolonged outdoor work
Emerson Fisher,Frankie Johnson,04 August 2024,02:38,Logistics,forklift failure caused a fuel leak to ship propeller.,Warehouse A,Incident,Yes,Minor cuts and bruises
Elliot Walker,Sydney Foster,19 May 2025,10:57,Research & Development,Hydraulic fluid spill contaminated dock area.,Warehouse A,Incident,Yes,Dislocated shoulder during equipment maintenance
Jamie Cooper,Harper Davis,22 August 2024,05:57,Environmental Services,crane failure caused a fuel leak to dry dock floor.,Electrical Bay,Incident,Yes,Fractured wrist from fall on wet surface
Emerson Mitchell,Cameron Mitchell,06 July 2025,02:43,Security,Structural collapse in shipyard warehouse due to corrosion.,Engineering Workshop,Incident,Yes,Chemical burn from solvent exposure
Jordan Graham,Taylor Bennett,03 January 2025,13:56,Finance,forklift failure caused a fuel leak to storage area.,Shipyard Pier,Incident,Yes,Hearing damage from loud machinery
Cameron Fisher,Jordan Cooper,06 April 2024,11:27,Operations,crane failure caused electrical fire to storage area.,Paint Shop,Incident,Yes,Trip hazard fall resulting in bruising
Jesse Robinson,Cameron Clark,16 April 2025,00:01,Security,Structural collapse in dry dock due to improper maintenance.,Electrical Bay,Incident,Yes,Heat exhaustion from prolonged outdoor work
Kai Reed,Jordan Walker,24 April 2024,13:00,Security,crane failure caused a fuel leak to dry dock floor.,Main Gate Security,Incident,Yes,Trip hazard fall resulting in bruising
Sawyer Allen,Morgan Hughes,25 January 2025,11:23,Environmental Services,Chemicals spill contaminated paint shop.,Reception Area,Incident,Yes,Trip hazard fall resulting in bruising
Dakota Bailey,Frankie Lewis,11 July 2025,15:09,Legal,Chemicals spill contaminated engine room.,Fuel Depot,Incident,Yes,Crush injury to hand from hydraulic press
Blake Clark,Jesse Murphy,14 April 2024,03:40,Procurement,crane failure caused a fuel leak to storage area.,Dockyard North,Incident,Yes,Hearing damage from loud machinery
Jamie Murphy,Sawyer Foster,31 March 2025,15:51,Customer Service,Oil spill contaminated dock area.,Training Room,Incident,Yes,Back strain from improper lifting
Emerson Johnson,Morgan Clark,24 December 2024,00:50,Finance,Hydraulic fluid spill contaminated engine room.,Engineering Workshop,Incident,Yes,Electric shock from faulty wiring
Kai Smith,Cameron Mitchell,01 May 2025,08:47,Health & Safety,Hydraulic fluid spill contaminated dock area.,Fuel Depot,Incident,Yes,Smoke inhalation from fire in electrical bay
Finley Hughes,Jamie Bailey,07 July 2024,21:43,Communications,Oil spill contaminated paint shop.,IT Server Room,Incident,Yes,Smoke inhalation from fire in electrical bay
Chris Mitchell,Avery Clark,17 May 2024,00:25,HR,crane failure caused electrical fire to storage area.,Tool Crib,Incident,Yes,Dislocated shoulder during equipment maintenance
Frankie Morgan,Frankie Murray,18 April 2024,20:32,Facilities,Chemicals spill contaminated dock area.,IT Server Room,Incident,Yes,Fractured wrist from fall on wet surface
Peyton Ward,Sawyer Allen,20 May 2024,16:52,Health & Safety,grinder failure caused electrical fire to ship propeller.,Tool Crib,Incident,Yes,Minor cuts and bruises
Casey Mitchell,Emerson Cooper,14 November 2024,18:19,Research & Development,Oil spill contaminated engine room.,Cafeteria,Incident,Yes,Laceration from sharp metal panel
Frankie Davis,Sydney Payne,10 April 2024,05:49,Security,Structural collapse in pier due to improper maintenance.,Warehouse B,Incident,Yes,Dislocated shoulder during equipment maintenance
Jordan Parker,Skyler West,13 September 2024,18:48,Health & Safety,crane failure caused electrical fire to ship propeller.,Cafeteria,Incident,Yes,Chemical burn from solvent exposure
Kai Davis,Skyler Cooper,17 March 2025,06:56,Health & Safety,Structural collapse in pier due to improper maintenance.,Cafeteria,Incident,Yes,Fractured wrist from fall on wet surface
Jordan Johnson,Cameron Foster,24 October 2024,21:27,Communications,Structural collapse in pier due to corrosion.,Training Room,Incident,Yes,Fractured wrist from fall on wet surface
Avery Cooper,Jordan Parker,04 June 2025,09:31,Operations,forklift failure caused electrical fire to dry dock floor.,Engineering Workshop,Incident,Yes,Burn from hot welding equipment
Quinn Lewis,Jesse Payne,27 February 2025,08:03,Procurement,Structural collapse in dry dock due to overload.,Cafeteria,Incident,Yes,Foreign object in eye from grinding debris
Emerson Mitchell,Dakota Murray,15 October 2024,09:06,IT,forklift failure caused a steel beam to drop to storage area.,Office - Admin Block,Incident,Yes,Minor cuts and bruises
Avery Fisher,Jordan Payne,26 March 2025,22:29,Operations,forklift failure caused a fuel leak to ship propeller.,Reception Area,Incident,Yes,Minor cuts and bruises
Sydney Reed,Jordan Fisher,31 July 2024,06:54,Customer Service,Oil spill contaminated dock area.,Cafeteria,Incident,Yes,Compressed air injury during maintenance
Emerson Allen,Frankie Cooper,19 August 2025,21:41,Legal,Structural collapse in dry dock due to improper maintenance.,Warehouse A,Incident,Yes,Heat exhaustion from prolonged outdoor work
Morgan Kennedy,Frankie Johnson,11 August 2025,20:02,Environmental Services,Structural collapse in pier due to improper maintenance.,Office - Admin Block,Incident,Yes,Back strain from improper lifting
Morgan Fisher,Reese Robinson,05 April 2025,21:30,Communications,Oil spill contaminated dock area.,Electrical Bay,Incident,Yes,Hearing damage from loud machinery
Drew Parker,Sawyer Ward,05 March 2024,17:51,Finance,Oil spill contaminated paint shop.,Electrical Bay,Incident,Yes,Laceration from sharp metal panel
Jordan Lewis,Jordan Ward,13 April 2025,17:33,Finance,Structural collapse in shipyard warehouse due to corrosion.,Dockyard South,Incident,Yes,Fractured wrist from fall on wet surface
Elliot Murphy,Logan Walker,01 October 2024,10:38,Finance,Hydraulic fluid spill contaminated dock area.,IT Server Room,Incident,Yes,Back strain from improper lifting
Jesse Allen,Jamie Payne,23 June 2024,12:59,Customer Service,crane failure caused a steel beam to drop to ship propeller.,Warehouse A,Incident,Yes,Trip hazard fall resulting in bruising
Spencer Walker,Alex Foster,18 September 2024,07:29,HR,Oil spill contaminated paint shop.,Dockyard North,Incident,Yes,Foreign object in eye from grinding debris
Jamie Murray,Sawyer Fisher,05 August 2024,05:04,Legal,Structural collapse in dry dock due to improper maintenance.,Office - Admin Block,Incident,Yes,Foreign object in eye from grinding debris
Harper Mitchell,Finley Lee,16 January 2024,19:43,HR,Chemicals spill contaminated engine room.,Dockyard North,Incident,Yes,Puncture wound from misplaced tool
Quinn Morgan,Finley Parker,16 October 2024,08:38,HR,forklift failure caused electrical fire to dry dock floor.,Dockyard South,Incident,Yes,Fractured ankle due to fall from scaffolding
Frankie Allen,Avery Brown,10 September 2024,22:37,Legal,Chemicals spill contaminated engine room.,Office - Admin Block,Incident,Yes,Burn from hot welding equipment
Quinn Brown,Jesse Reed,15 July 2025,18:18,Security,Structural collapse in shipyard warehouse due to overload.,Electrical Bay,Incident,Yes,Puncture wound from misplaced tool
Chris Kennedy,Finley Robinson,30 September 2024,11:09,Ship Maintenance,forklift failure caused a steel beam to drop to ship propeller.,Tool Crib,Incident,Yes,Trip hazard fall resulting in bruising
Logan Brown,Dakota Murray,18 April 2024,13:57,Engineering,Oil spill contaminated paint shop.,Tool Crib,Incident,Yes,Foreign object in eye from grinding debris
Avery Parker,Jordan Fisher,21 July 2024,06:25,Fleet Management,Hydraulic fluid spill contaminated paint shop.,Fuel Depot,Incident,Yes,Foreign object in eye from grinding debris
Logan Sullivan,Alex Morgan,01 July 2024,22:23,Ship Maintenance,Structural collapse in dry dock due to corrosion.,Fleet Garage,Incident,Yes,Dislocated shoulder during equipment maintenance
Casey Parker,Kai Davis,09 August 2024,11:24,Customer Service,crane failure caused a steel beam to drop to storage area.,Dockyard North,Incident,Yes,Hearing damage from loud machinery
Avery Lewis,Morgan Clark,21 March 2024,23:20,Finance,Structural collapse in pier due to overload.,IT Server Room,Incident,Yes,Laceration from sharp metal panel
Rowan Pearson,Casey Ward,11 October 2024,23:57,Security,forklift failure caused electrical fire to storage area.,Maintenance Shed,Incident,Yes,Fractured wrist from fall on wet surface
Drew Parker,Emerson Morgan,18 March 2025,07:11,Legal,crane failure caused electrical fire to dry dock floor.,Dockyard North,Incident,Yes,Smoke inhalation from fire in electrical bay
Logan Lewis,Riley Johnson,19 May 2024,11:56,Warehouse,crane failure caused electrical fire to dry dock floor.,Maintenance Shed,Incident,Yes,Concussion from falling object
Harper Ward,Charlie Bennett,16 January 2025,14:04,Facilities,Structural collapse in pier due to improper maintenance.,Engineering Workshop,Incident,Yes,Burn from hot welding equipment
Logan Brown,Dakota Allen,15 January 2024,06:42,Fleet Management,Structural collapse in pier due to overload.,Dry Dock 1,Incident,Yes,Crush injury to hand from hydraulic press
Cameron Reed,Jesse Johnson,16 June 2025,19:27,Customer Service,Hydraulic fluid spill contaminated paint shop.,Warehouse A,Incident,Yes,Hearing damage from loud machinery
Skyler Johnson,Quinn Ward,01 February 2025,09:44,Finance,crane failure caused a steel beam to drop to ship propeller.,Tool Crib,Incident,Yes,Compressed air injury during maintenance
Avery Bailey,Frankie Fisher,20 August 2024,04:26,Logistics,Structural collapse in shipyard warehouse due to overload.,Office - Admin Block,Incident,Yes,Concussion from falling object
Chris Holmes,Drew Kennedy,09 March 2024,21:15,Warehouse,crane failure caused electrical fire to dry dock floor.,Main Gate Security,Incident,Yes,Smoke inhalation from fire in electrical bay
Finley Parker,Harper Hughes,15 September 2024,06:42,Finance,Structural collapse in pier due to overload.,Warehouse A,Incident,Yes,Electric shock from faulty wiring
Rowan Brown,Cameron Murray,25 December 2024,18:24,Communications,Structural collapse in pier due to improper maintenance.,Reception Area,Incident,Yes,Trip hazard fall resulting in bruising
Riley Davis,Finley Mitchell,02 March 2024,20:45,HR,forklift failure caused a steel beam to drop to ship propeller.,Tool Crib,Incident,Yes,Hearing damage from loud machinery
Jordan Cooper,Kai Mitchell,18 March 2024,22:59,Ship Maintenance,forklift failure caused a steel beam to drop to ship propeller.,Fleet Garage,Incident,Yes,Back strain from improper lifting
Cameron Holmes,Charlie Allen,03 January 2024,07:42,Fleet Management,Structural collapse in shipyard warehouse due to corrosion.,Warehouse B,Incident,Yes,Severe abrasion from slip on deck
Frankie Clark,Riley Lewis,04 July 2024,22:21,Health & Safety,Oil spill contaminated dock area.,Warehouse B,Incident,Yes,Crush injury to hand from hydraulic press
Drew Kennedy,Peyton West,04 August 2025,07:14,Security,Structural collapse in pier due to overload.,Main Gate Security,Incident,Yes,Puncture wound from misplaced tool
Reese Hughes,Logan Morgan,07 April 2025,17:27,Finance,Structural collapse in dry dock due to corrosion.,Warehouse A,Incident,Yes,Trip hazard fall resulting in bruising
Quinn Murray,Reese Brown,13 May 2024,18:30,Dockyard Operations,Structural collapse in dry dock due to overload.,Warehouse A,Incident,Yes,Dislocated shoulder during equipment maintenance
Avery Holmes,Frankie Brown,08 April 2024,14:53,IT,Structural collapse in shipyard warehouse due to corrosion.,Warehouse A,Incident,Yes,Foreign object in eye from grinding debris
Morgan Holmes,Avery Sullivan,19 April 2024,00:33,Logistics,Hydraulic fluid spill contaminated dock area.,Paint Shop,Incident,Yes,Chemical burn from solvent exposure
Logan Reed,Jamie West,13 May 2024,04:20,Dockyard Operations,grinder failure caused a steel beam to drop to dry dock floor.,Fuel Depot,Incident,Yes,Dislocated shoulder during equipment maintenance
Jordan Bailey,Skyler Foster,06 August 2025,08:28,HR,Oil spill contaminated dock area.,Office - Admin Block,Incident,Yes,Crush injury to hand from hydraulic press
Sydney West,Elliot Murray,03 November 2024,03:40,Customer Service,Chemicals spill contaminated engine room.,Maintenance Shed,Incident,Yes,Concussion from falling object
Harper Payne,Sydney Lewis,17 January 2024,10:42,Legal,forklift failure caused electrical fire to storage area.,Training Room,Incident,Yes,Fractured wrist from fall on wet surface
Casey Walker,Sawyer Reed,05 August 2024,23:19,Warehouse,Structural collapse in shipyard warehouse due to overload.,Dockyard North,Incident,Yes,Fractured wrist from fall on wet surface
Casey Reed,Peyton Smith,03 April 2024,13:51,Communications,grinder failure caused a fuel leak to dry dock floor.,Fleet Garage,Incident,Yes,Severe abrasion from slip on deck
Cameron West,Dakota Kennedy,23 August 2024,06:56,Health & Safety,Structural collapse in pier due to corrosion.,Engineering Workshop,Incident,Yes,Back strain from improper lifting
Peyton Morgan,Rowan Bennett,21 July 2025,08:04,Research & Development,grinder failure caused a fuel leak to storage area.,Dry Dock 2,Incident,Yes,Smoke inhalation from fire in electrical bay
Skyler Graham,Jordan Morgan,03 June 2025,11:37,IT,crane failure caused electrical fire to dry dock floor.,Dockyard South,Incident,Yes,Foreign object in eye from grinding debris
Dakota Sullivan,Elliot Murray,10 July 2025,05:08,Fleet Management,Structural collapse in pier due to corrosion.,Main Gate Security,Incident,Yes,Compressed air injury during maintenance
Harper Bennett,Skyler Graham,01 January 2025,14:25,Finance,Hydraulic fluid spill contaminated engine room.,Reception Area,Incident,Yes,Smoke inhalation from fire in electrical bay
Rowan Bennett,Riley Parker,06 October 2024,20:11,Operations,Oil spill contaminated dock area.,Dockyard North,Incident,Yes,Trip hazard fall resulting in bruising
Reese Ward,Taylor Smith,08 August 2024,18:51,Environmental Services,Chemicals spill contaminated paint shop.,Reception Area,Incident,Yes,Fractured ankle due to fall from scaffolding
Jamie Sullivan,Alex Robinson,07 April 2024,13:10,Environmental Services,Structural collapse in shipyard warehouse due to corrosion.,Dockyard South,Incident,Yes,Chemical burn from solvent exposure
Peyton Bennett,Morgan West,12 December 2024,19:34,IT,Hydraulic fluid spill contaminated paint shop.,Fuel Depot,Incident,Yes,Trip hazard fall resulting in bruising
Quinn Foster,Jordan Murphy,04 February 2025,16:04,HR,Hydraulic fluid spill contaminated engine room.,Electrical Bay,Incident,Yes,Crush injury to hand from hydraulic press
Reese Brown,Emerson Holmes,29 September 2024,08:18,Health & Safety,Hydraulic fluid spill contaminated paint shop.,Cafeteria,Incident,Yes,Minor cuts and bruises
Sydney Ward,Jordan Foster,20 August 2024,22:31,Fleet Management,Structural collapse in shipyard warehouse due to improper maintenance.,Dockyard South,Incident,Yes,Crush injury to hand from hydraulic press
Reese Kennedy,Frankie Mitchell,24 June 2024,15:44,Health & Safety,Chemicals spill contaminated engine room.,Engineering Workshop,Incident,Yes,Electric shock from faulty wiring
Harper Holmes,Kai Lewis,13 January 2024,21:28,Logistics,Oil spill contaminated paint shop.,Cafeteria,Incident,Yes,Dislocated shoulder during equipment maintenance
Reese Walker,Taylor Kennedy,27 July 2025,03:24,Legal,Structural collapse in pier due to overload.,Cafeteria,Incident,Yes,Fractured wrist from fall on wet surface
Rowan Murray,Blake Walker,19 September 2024,20:18,Finance,grinder failure caused a fuel leak to ship propeller.,Dry Dock 1,Incident,Yes,Electric shock from faulty wiring
Avery Bennett,Logan Bennett,16 August 2025,18:02,Quality Assurance,Oil spill contaminated engine room.,Dry Dock 2,Incident,Yes,Foreign object in eye from grinding debris
Dakota Pearson,Frankie Murray,21 May 2024,11:05,Research & Development,Oil spill contaminated dock area.,Paint Shop,Incident,Yes,Laceration from sharp metal panel
Dakota Cooper,Avery Johnson,06 March 2025,10:16,Dockyard Operations,Oil spill contaminated dock area.,Fuel Depot,Incident,Yes,Fractured ankle due to fall from scaffolding
Peyton Parker,Charlie Ward,03 June 2024,01:03,Engineering,Structural collapse in pier due to corrosion.,IT Server Room,Incident,Yes,Foreign object in eye from grinding debris
Spencer Kennedy,Riley Reed,24 July 2024,19:24,Fleet Management,Hydraulic fluid spill contaminated engine room.,Main Gate Security,Incident,Yes,Chemical burn from solvent exposure
Elliot Morgan,Morgan Davis,08 January 2024,00:20,Operations,Chemicals spill contaminated dock area.,IT Server Room,Incident,Yes,Severe abrasion from slip on deck
Jamie Foster,Elliot Murray,23 November 2024,10:05,Dockyard Operations,Chemicals spill contaminated engine room.,Training Room,Incident,Yes,Electric shock from faulty wiring
Alex Murphy,Reese Hughes,20 August 2024,01:49,Quality Assurance,Structural collapse in shipyard warehouse due to corrosion.,Cafeteria,Incident,Yes,Dislocated shoulder during equipment maintenance
Avery Murray,Harper West,26 November 2024,06:43,Customer Service,forklift failure caused a steel beam to drop to ship propeller.,Training Room,Incident,Yes,Concussion from falling object
Taylor Graham,Cameron West,25 March 2024,12:20,Training & Development,Structural collapse in pier due to overload.,Warehouse A,Incident,Yes,Dislocated shoulder during equipment maintenance
Quinn Murray,Spencer Mitchell,22 May 2025,11:33,Training & Development,Oil spill contaminated paint shop.,Reception Area,Incident,Yes,Chemical burn from solvent exposure
Jordan Morgan,Casey Cooper,13 July 2024,01:48,Warehouse,Structural collapse in pier due to corrosion.,Fleet Garage,Incident,Yes,Burn from hot welding equipment
Avery Murray,Morgan Brown,16 June 2024,17:35,HR,Chemicals spill contaminated dock area.,IT Server Room,Incident,Yes,Eye irritation from chemical fumes
Quinn Johnson,Blake Pearson,24 August 2024,17:37,Research & Development,Structural collapse in shipyard warehouse due to corrosion.,Dry Dock 2,Incident,Yes,Smoke inhalation from fire in electrical bay
Jamie West,Alex Sullivan,09 March 2025,09:47,Facilities,Structural collapse in dry dock due to improper maintenance.,Maintenance Shed,Incident,Yes,Laceration from sharp metal panel
Frankie Reed,Alex Clark,14 August 2024,04:02,Communications,Oil spill contaminated paint shop.,Maintenance Shed,Incident,Yes,Eye irritation from chemical fumes
Jamie Allen,Cameron Bailey,04 March 2025,15:58,Ship Maintenance,crane failure caused electrical fire to dry dock floor.,Cafeteria,Incident,Yes,Foreign object in eye from grinding debris
Peyton Foster,Elliot Lee,13 September 2024,03:26,Finance,Hydraulic fluid spill contaminated paint shop.,Fuel Depot,Incident,Yes,Heat exhaustion from prolonged outdoor work
Skyler Lewis,Riley Davis,13 January 2024,19:24,Quality Assurance,Structural collapse in shipyard warehouse due to corrosion.,IT Server Room,Incident,Yes,Foreign object in eye from grinding debris
Harper Morgan,Sydney Allen,03 March 2025,10:49,Facilities,Chemicals spill contaminated dock area.,Cafeteria,Incident,Yes,Burn from hot welding equipment
Charlie Mitchell,Jamie Walker,18 August 2025,05:12,Procurement,crane failure caused a fuel leak to ship propeller.,Maintenance Shed,Incident,Yes,Hearing damage from loud machinery
Jesse West,Emerson Graham,18 December 2024,12:48,Engineering,forklift failure caused a steel beam to drop to ship propeller.,Dockyard North,Incident,Yes,Minor cuts and bruises
Emerson Cooper,Jordan Sullivan,23 July 2025,15:59,Operations,Structural collapse in dry dock due to corrosion.,Shipyard Pier,Incident,Yes,Compressed air injury during maintenance
Spencer Fisher,Frankie Allen,05 November 2024,03:19,Communications,Hydraulic fluid spill contaminated dock area.,Warehouse A,Incident,Yes,Smoke inhalation from fire in electrical bay
Casey Allen,Rowan Morgan,11 May 2024,14:22,Fleet Management,Structural collapse in dry dock due to overload.,Dry Dock 1,Incident,Yes,Fractured wrist from fall on wet surface
Emerson Murphy,Logan Lewis,30 May 2025,12:29,Customer Service,Chemicals spill contaminated dock area.,Dockyard South,Incident,Yes,Smoke inhalation from fire in electrical bay
Avery Parker,Morgan Ward,20 May 2024,17:04,Logistics,Structural collapse in pier due to corrosion.,Dry Dock 2,Incident,Yes,Trip hazard fall resulting in bruising
Reese Lee,Skyler Bennett,24 October 2024,18:28,Engineering,crane failure caused a steel beam to drop to storage area.,Paint Shop,Incident,Yes,Electric shock from faulty wiring
Riley Holmes,Drew Lee,24 July 2025,07:38,Health & Safety,Chemicals spill contaminated dock area.,Reception Area,Incident,Yes,Fractured wrist from fall on wet surface
Skyler Payne,Jordan Bailey,11 July 2025,22:52,Finance,Hydraulic fluid spill contaminated dock area.,Reception Area,Incident,Yes,Dislocated shoulder during equipment maintenance
Taylor Mitchell,Spencer Fisher,25 December 2024,10:21,Customer Service,Structural collapse in pier due to improper maintenance.,Shipyard Pier,Incident,Yes,Minor cuts and bruises
Cameron Ward,Riley Murray,12 November 2024,01:35,Operations,Structural collapse in pier due to improper maintenance.,Reception Area,Incident,Yes,Heat exhaustion from prolonged outdoor work
Rowan Brown,Harper Brown,17 July 2024,11:58,IT,crane failure caused a steel beam to drop to storage area.,Dry Dock 1,Incident,Yes,Eye irritation from chemical fumes
Finley Murphy,Sawyer Lewis,24 August 2024,00:49,Logistics,Oil spill contaminated engine room.,Warehouse A,Incident,Yes,Laceration from sharp metal panel
Chris Walker,Taylor Allen,07 July 2025,15:04,Operations,crane failure caused a fuel leak to storage area.,IT Server Room,Incident,Yes,Laceration from sharp metal panel
Peyton Murphy,Drew Davis,12 April 2025,10:18,Customer Service,forklift failure caused a fuel leak to dry dock floor.,Dockyard South,Incident,Yes,Puncture wound from misplaced tool
Drew Lee,Charlie Murray,16 April 2025,00:20,Operations,Hydraulic fluid spill contaminated dock area.,Training Room,Incident,Yes,Crush injury to hand from hydraulic press
Logan Brown,Riley Holmes,23 March 2024,01:19,Health & Safety,forklift failure caused electrical fire to storage area.,Shipyard Pier,Incident,Yes,Concussion from falling object
Emerson Bennett,Logan Murray,11 May 2025,22:59,Facilities,Hydraulic fluid spill contaminated paint shop.,Office - Admin Block,Incident,Yes,Smoke inhalation from fire in electrical bay
Logan Morgan,Chris Brown,10 May 2025,20:58,Quality Assurance,grinder failure caused a fuel leak to ship propeller.,Dry Dock 1,Incident,Yes,Compressed air injury during maintenance
Elliot Mitchell,Frankie Fisher,14 October 2024,03:17,HR,forklift failure caused electrical fire to ship propeller.,Reception Area,Incident,Yes,Severe abrasion from slip on deck
Skyler Bailey,Taylor Clark,16 January 2025,14:03,Research & Development,Hydraulic fluid spill contaminated paint shop.,Warehouse B,Incident,Yes,Dislocated shoulder during equipment maintenance
Avery Bennett,Dakota Graham,02 May 2025,14:14,Engineering,Structural collapse in pier due to overload.,Warehouse A,Incident,Yes,Laceration from sharp metal panel
Peyton Cooper,Riley Walker,02 April 2025,19:20,Fleet Management,Structural collapse in dry dock due to corrosion.,Tool Crib,Incident,Yes,Severe abrasion from slip on deck
Blake Davis,Skyler Holmes,15 July 2025,00:18,Environmental Services,Chemicals spill contaminated paint shop.,Electrical Bay,Incident,Yes,Severe abrasion from slip on deck
Skyler West,Quinn Brown,14 May 2025,11:10,Dockyard Operations,Structural collapse in dry dock due to improper maintenance.,Shipyard Pier,Incident,Yes,Severe abrasion from slip on deck
Dakota Morgan,Finley Hughes,26 September 2024,12:17,Training & Development,forklift failure caused a fuel leak to storage area.,Dry Dock 1,Incident,Yes,Foreign object in eye from grinding debris
Charlie Hughes,Alex Reed,01 June 2024,08:48,Legal,Hydraulic fluid spill contaminated paint shop.,Fuel Depot,Incident,Yes,Puncture wound from misplaced tool
Charlie Cooper,Avery Pearson,20 March 2024,15:55,Health & Safety,grinder failure caused a fuel leak to storage area.,Shipyard Pier,Incident,Yes,Trip hazard fall resulting in bruising
Frankie Murray,Finley Davis,12 June 2025,18:25,Environmental Services,Structural collapse in pier due to corrosion.,Paint Shop,Incident,Yes,Minor cuts and bruises
Peyton Davis,Alex Brown,20 May 2024,14:32,Logistics,Hydraulic fluid spill contaminated paint shop.,Engineering Workshop,Incident,Yes,Compressed air injury during maintenance
Alex Clark,Sydney Holmes,25 January 2024,21:44,Environmental Services,Structural collapse in shipyard warehouse due to corrosion.,Training Room,Incident,Yes,Chemical burn from solvent exposure
Alex Sullivan,Sawyer Sullivan,01 June 2025,01:56,Fleet Management,Structural collapse in shipyard warehouse due to corrosion.,Cafeteria,Incident,Yes,Concussion from falling object
Frankie Lee,Peyton Graham,05 July 2024,00:02,Warehouse,crane failure caused a steel beam to drop to ship propeller.,Dockyard South,Incident,Yes,Foreign object in eye from grinding debris
Harper Parker,Morgan Davis,12 April 2024,12:59,IT,Hydraulic fluid spill contaminated paint shop.,Tool Crib,Incident,Yes,Fractured ankle due to fall from scaffolding
Taylor Smith,Rowan Walker,05 February 2024,06:24,Finance,Hydraulic fluid spill contaminated paint shop.,Dockyard South,Incident,Yes,Chemical burn from solvent exposure
Riley Robinson,Morgan West,29 June 2025,17:25,Research & Development,Hydraulic fluid spill contaminated paint shop.,Fleet Garage,Incident,Yes,Burn from hot welding equipment
Sydney Graham,Jesse Ward,10 February 2025,07:32,Legal,grinder failure caused a fuel leak to ship propeller.,Maintenance Shed,Incident,Yes,Minor cuts and bruises
Kai Bailey,Taylor Cooper,21 June 2024,15:15,Facilities,crane failure caused a steel beam to drop to ship propeller.,Warehouse A,Incident,Yes,Fractured ankle due to fall from scaffolding
Jordan Johnson,Alex Brown,01 October 2024,00:38,IT,Structural collapse in shipyard warehouse due to improper maintenance.,Engineering Workshop,Incident,Yes,Crush injury to hand from hydraulic press
Skyler Holmes,Chris Payne,06 March 2024,06:23,Environmental Services,forklift failure caused a fuel leak to storage area.,Dry Dock 2,Incident,Yes,Minor cuts and bruises
Peyton Allen,Drew Graham,04 December 2024,16:02,Training & Development,Oil spill contaminated paint shop.,Electrical Bay,Incident,Yes,Puncture wound from misplaced tool
Avery Morgan,Dakota Reed,12 May 2024,13:58,Health & Safety,Hydraulic fluid spill contaminated engine room.,Maintenance Shed,Incident,Yes,Crush injury to hand from hydraulic press
Elliot Allen,Jamie Lewis,23 June 2025,05:09,IT,Hydraulic fluid spill contaminated dock area.,Warehouse A,Incident,Yes,Back strain from improper lifting
Riley Cooper,Taylor Foster,19 August 2025,05:38,Warehouse,Structural collapse in shipyard warehouse due to corrosion.,Cafeteria,Incident,Yes,Trip hazard fall resulting in bruising
Skyler Payne,Dakota Foster,05 April 2024,06:34,Customer Service,forklift failure caused a fuel leak to storage area.,Dockyard North,Incident,Yes,Fractured ankle due to fall from scaffolding
Elliot Johnson,Reese Parker,01 July 2024,22:24,Dockyard Operations,grinder failure caused electrical fire to dry dock floor.,Engineering Workshop,Incident,Yes,Minor cuts and bruises
Alex Kennedy,Quinn Cooper,05 May 2025,15:04,Finance,Structural collapse in dry dock due to overload.,Paint Shop,Incident,Yes,Smoke inhalation from fire in electrical bay
Reese Lewis,Logan Holmes,21 March 2024,01:52,Logistics,Structural collapse in pier due to overload.,Electrical Bay,Incident,Yes,Eye irritation from chemical fumes
Jesse Payne,Reese Allen,21 December 2024,12:34,Procurement,forklift failure caused electrical fire to dry dock floor.,Fuel Depot,Incident,Yes,Eye irritation from chemical fumes
Riley Ward,Spencer Graham,05 April 2024,15:18,Health & Safety,Chemicals spill contaminated paint shop.,Reception Area,Incident,Yes,Crush injury to hand from hydraulic press
Morgan Foster,Frankie Pearson,05 May 2025,09:47,Customer Service,Structural collapse in shipyard warehouse due to overload.,Electrical Bay,Incident,Yes,Heat exhaustion from prolonged outdoor work
Chris Brown,Alex Murray,19 April 2025,01:42,Warehouse,Structural collapse in shipyard warehouse due to improper maintenance.,Reception Area,Incident,Yes,Crush injury to hand from hydraulic press
Spencer Murphy,Riley Cooper,02 January 2024,06:27,Quality Assurance,grinder failure caused a fuel leak to dry dock floor.,Dry Dock 2,Incident,Yes,Dislocated shoulder during equipment maintenance
Jordan Foster,Morgan Brown,16 February 2025,09:30,Security,grinder failure caused a fuel leak to dry dock floor.,Main Gate Security,Incident,Yes,Puncture wound from misplaced tool
Harper Robinson,Elliot Bailey,18 June 2025,14:07,Training & Development,Structural collapse in dry dock due to corrosion.,Fuel Depot,Incident,Yes,Back strain from improper lifting
Casey Bailey,Alex West,05 July 2025,16:12,Customer Service,Hydraulic fluid spill contaminated paint shop.,Cafeteria,Incident,Yes,Hearing damage from loud machinery
Drew Ward,Riley Morgan,22 February 2024,04:48,Procurement,forklift failure caused a fuel leak to dry dock floor.,Warehouse A,Incident,Yes,Chemical burn from solvent exposure
Frankie Parker,Avery Parker,14 January 2024,07:42,Dockyard Operations,crane failure caused a steel beam to drop to ship propeller.,Warehouse A,Incident,Yes,Compressed air injury during maintenance
Quinn Kennedy,Charlie Bailey,17 September 2024,02:51,Procurement,Chemicals spill contaminated engine room.,Maintenance Shed,Incident,Yes,Laceration from sharp metal panel
Avery Murphy,Skyler Lewis,08 July 2024,22:41,Fleet Management,Oil spill contaminated dock area.,Training Room,Incident,Yes,Laceration from sharp metal panel
Blake Davis,Casey Lee,15 July 2024,19:00,HR,Structural collapse in pier due to overload.,Dry Dock 2,Incident,Yes,Back strain from improper lifting
Spencer Smith,Quinn Robinson,06 June 2024,00:54,Health & Safety,Oil spill contaminated paint shop.,Fleet Garage,Incident,Yes,Foreign object in eye from grinding debris
Morgan West,Charlie Robinson,24 November 2024,14:53,Ship Maintenance,Chemicals spill contaminated dock area.,Reception Area,Incident,Yes,Smoke inhalation from fire in electrical bay
Emerson Bennett,Finley Fisher,08 April 2025,13:28,Training & Development,crane failure caused electrical fire to storage area.,Shipyard Pier,Incident,Yes,Trip hazard fall resulting in bruising
Morgan Sullivan,Elliot Bennett,17 January 2024,15:45,Operations,forklift failure caused a fuel leak to storage area.,Office - Admin Block,Incident,Yes,Smoke inhalation from fire in electrical bay
Sydney Bailey,Avery Johnson,12 April 2024,11:13,Legal,Structural collapse in shipyard warehouse due to corrosion.,Engineering Workshop,Incident,Yes,Burn from hot welding equipment
Chris Foster,Frankie Hughes,19 February 2025,22:23,Warehouse,Structural collapse in pier due to corrosion.,Paint Shop,Incident,Yes,Crush injury to hand from hydraulic press
Skyler Foster,Chris Kennedy,10 February 2025,21:24,Communications,Structural collapse in dry dock due to overload.,Engineering Workshop,Incident,Yes,Back strain from improper lifting
Cameron Fisher,Sawyer Reed,20 August 2025,04:22,Security,Structural collapse in pier due to corrosion.,Reception Area,Incident,Yes,Laceration from sharp metal panel
Emerson Walker,Dakota Foster,01 January 2025,10:55,Research & Development,Oil spill contaminated paint shop.,Dry Dock 2,Incident,Yes,Hearing damage from loud machinery
Finley Lee,Harper Fisher,25 July 2025,00:10,Warehouse,crane failure caused electrical fire to ship propeller.,Cafeteria,Incident,Yes,Compressed air injury during maintenance
Jamie Murphy,Alex Lee,01 May 2025,00:05,Environmental Services,Structural collapse in shipyard warehouse due to improper maintenance.,IT Server Room,Incident,Yes,Smoke inhalation from fire in electrical bay
Quinn Morgan,Logan Graham,27 June 2024,01:59,Operations,forklift failure caused a fuel leak to dry dock floor.,Electrical Bay,Incident,Yes,Hearing damage from loud machinery
Kai Reed,Peyton Morgan,01 August 2025,02:58,Dockyard Operations,Structural collapse in dry dock due to overload.,Reception Area,Incident,Yes,Laceration from sharp metal panel
Drew Sullivan,Chris Ward,16 July 2024,12:42,Engineering,Oil spill contaminated paint shop.,Reception Area,Incident,Yes,Concussion from falling object
Spencer Robinson,Avery Murray,03 March 2025,20:28,Environmental Services,Oil spill contaminated dock area.,Dry Dock 1,Incident,Yes,Electric shock from faulty wiring
Casey West,Finley Morgan,07 May 2025,05:04,Health & Safety,Chemicals spill contaminated paint shop.,Dockyard South,Incident,Yes,Crush injury to hand from hydraulic press
Reese Parker,Spencer Hughes,25 February 2025,02:37,Environmental Services,forklift failure caused a fuel leak to storage area.,Electrical Bay,Incident,Yes,Concussion from falling object
Harper Kennedy,Frankie Davis,21 February 2024,00:59,Dockyard Operations,crane failure caused a steel beam to drop to storage area.,Main Gate Security,Incident,Yes,Puncture wound from misplaced tool
Logan West,Cameron West,12 February 2025,08:44,Warehouse,Chemicals spill contaminated dock area.,Engineering Workshop,Incident,Yes,Trip hazard fall resulting in bruising
Sydney Bailey,Dakota Johnson,05 January 2024,09:37,Health & Safety,Structural collapse in shipyard warehouse due to overload.,Warehouse A,Incident,Yes,Minor cuts and bruises
Cameron Smith,Emerson Bailey,07 April 2024,05:03,HR,Structural collapse in dry dock due to corrosion.,Dry Dock 2,Incident,Yes,Compressed air injury during maintenance
Avery West,Casey Lewis,22 March 2025,05:37,Facilities,Structural collapse in pier due to corrosion.,Office - Admin Block,Incident,Yes,Puncture wound from misplaced tool
Spencer Bennett,Elliot Smith,14 May 2024,14:20,Legal,Structural collapse in shipyard warehouse due to corrosion.,Paint Shop,Incident,Yes,Heat exhaustion from prolonged outdoor work
Elliot Cooper,Morgan Holmes,04 August 2025,23:44,Communications,Structural collapse in shipyard warehouse due to improper maintenance.,Engineering Workshop,Incident,Yes,Chemical burn from solvent exposure
Emerson Robinson,Avery Hughes,26 September 2024,23:16,Procurement,Hydraulic fluid spill contaminated paint shop.,Reception Area,Incident,Yes,Crush injury to hand from hydraulic press
Casey Ward,Sydney Fisher,21 January 2024,08:48,HR,Structural collapse in pier due to corrosion.,Dry Dock 2,Incident,Yes,Back strain from improper lifting
Harper Davis,Elliot Payne,13 August 2024,00:22,Training & Development,grinder failure caused electrical fire to storage area.,Fuel Depot,Incident,Yes,Heat exhaustion from prolonged outdoor work
Alex Cooper,Sydney Reed,07 April 2024,19:24,Legal,crane failure caused a steel beam to drop to dry dock floor.,Dry Dock 1,Incident,Yes,Compressed air injury during maintenance
Rowan Murphy,Chris Reed,08 September 2024,13:23,Communications,Structural collapse in pier due to improper maintenance.,Office - Admin Block,Incident,Yes,Concussion from falling object
Jamie Hughes,Skyler Graham,19 April 2024,23:53,Fleet Management,Oil spill contaminated engine room.,Paint Shop,Incident,Yes,Fractured wrist from fall on wet surface
Avery Fisher,Rowan Sullivan,16 July 2024,08:49,Customer Service,Hydraulic fluid spill contaminated dock area.,Fleet Garage,Incident,Yes,Crush injury to hand from hydraulic press
Chris Clark,Emerson Lee,22 March 2024,13:06,Training & Development,Hydraulic fluid spill contaminated paint shop.,Dry Dock 2,Incident,Yes,Fractured wrist from fall on wet surface
Spencer Robinson,Logan Ward,28 February 2025,21:24,HR,Structural collapse in shipyard warehouse due to corrosion.,Reception Area,Incident,Yes,Electric shock from faulty wiring
Harper Ward,Morgan Sullivan,30 April 2025,14:09,Dockyard Operations,Chemicals spill contaminated paint shop.,Maintenance Shed,Incident,Yes,Heat exhaustion from prolonged outdoor work
Rowan Allen,Harper Payne,30 April 2025,13:45,Operations,Structural collapse in dry dock due to overload.,Fuel Depot,Incident,Yes,Foreign object in eye from grinding debris
Finley Bennett,Logan Clark,18 March 2024,11:39,Logistics,grinder failure caused a steel beam to drop to ship propeller.,Cafeteria,Incident,Yes,Hearing damage from loud machinery
Sydney Davis,Frankie Allen,27 February 2024,02:40,Health & Safety,Hydraulic fluid spill contaminated engine room.,Reception Area,Incident,Yes,Compressed air injury during maintenance
Charlie Lee,Avery Parker,21 January 2024,14:31,Training & Development,forklift failure caused a fuel leak to storage area.,Electrical Bay,Incident,Yes,Dislocated shoulder during equipment maintenance
Emerson Pearson,Jesse Johnson,01 May 2025,13:27,Ship Maintenance,forklift failure caused a fuel leak to dry dock floor.,Fuel Depot,Incident,Yes,Foreign object in eye from grinding debris
Kai Bennett,Charlie Lewis,28 March 2025,07:49,HR,grinder failure caused electrical fire to ship propeller.,Warehouse B,Incident,Yes,Electric shock from faulty wiring
Frankie Cooper,Chris Sullivan,29 January 2025,12:57,Facilities,Oil spill contaminated engine room.,Paint Shop,Incident,Yes,Dislocated shoulder during equipment maintenance
Jordan Parker,Blake Reed,29 July 2025,19:06,Environmental Services,Structural collapse in pier due to corrosion.,Dockyard North,Incident,Yes,Foreign object in eye from grinding debris
Jamie Brown,Morgan Hughes,28 February 2024,04:45,Communications,Structural collapse in dry dock due to improper maintenance.,Warehouse A,Incident,Yes,Compressed air injury during maintenance
Elliot Lewis,Finley Murray,30 April 2025,01:13,Customer Service,Oil spill contaminated dock area.,IT Server Room,Incident,Yes,Chemical burn from solvent exposure
Emerson Smith,Morgan Lee,23 March 2025,07:38,Logistics,Structural collapse in dry dock due to corrosion.,Engineering Workshop,Incident,Yes,Eye irritation from chemical fumes
Reese Morgan,Rowan Hughes,01 May 2025,19:28,Logistics,Structural collapse in shipyard warehouse due to overload.,Shipyard Pier,Incident,Yes,Concussion from falling object
Riley Bailey,Rowan Payne,18 January 2024,04:06,HR,Structural collapse in dry dock due to overload.,Fleet Garage,Incident,Yes,Concussion from falling object
Alex Brown,Harper Clark,09 February 2024,05:57,Ship Maintenance,Structural collapse in dry dock due to improper maintenance.,Main Gate Security,Incident,Yes,Heat exhaustion from prolonged outdoor work
Harper Smith,Frankie Kennedy,16 August 2025,21:35,IT,Structural collapse in pier due to corrosion.,Dockyard North,Incident,Yes,Chemical burn from solvent exposure
Kai Bailey,Sawyer Murray,09 January 2025,17:11,Quality Assurance,Structural collapse in shipyard warehouse due to overload.,Electrical Bay,Incident,Yes,Heat exhaustion from prolonged outdoor work
Riley Brown,Riley Morgan,18 February 2024,08:06,Health & Safety,Oil spill contaminated dock area.,Fuel Depot,Incident,Yes,Heat exhaustion from prolonged outdoor work
Alex Pearson,Jordan Murphy,15 May 2024,00:09,Research & Development,grinder failure caused electrical fire to storage area.,Fleet Garage,Incident,Yes,Eye irritation from chemical fumes
Skyler Ward,Emerson Murphy,16 March 2025,23:56,Fleet Management,Chemicals spill contaminated paint shop.,Fuel Depot,Incident,Yes,Eye irritation from chemical fumes
Rowan Sullivan,Elliot Mitchell,16 January 2024,21:54,Dockyard Operations,Structural collapse in dry dock due to corrosion.,Dry Dock 2,Incident,Yes,Heat exhaustion from prolonged outdoor work
Blake Robinson,Rowan Lewis,14 January 2025,00:27,Ship Maintenance,Chemicals spill contaminated engine room.,Main Gate Security,Incident,Yes,Puncture wound from misplaced tool
Alex Graham,Finley Bailey,30 September 2024,17:16,HR,grinder failure caused a steel beam to drop to storage area.,Engineering Workshop,Incident,Yes,Concussion from falling object
Jamie Ward,Skyler Holmes,18 June 2024,09:23,Communications,crane failure caused a fuel leak to storage area.,Office - Admin Block,Incident,Yes,Heat exhaustion from prolonged outdoor work
Taylor Reed,Alex Fisher,11 February 2025,13:40,Security,grinder failure caused a fuel leak to dry dock floor.,Warehouse A,Incident,Yes,Concussion from falling object
Morgan Cooper,Blake Brown,26 August 2024,23:39,Environmental Services,crane failure caused electrical fire to ship propeller.,Fuel Depot,Incident,Yes,Heat exhaustion from prolonged outdoor work
Avery Johnson,Logan Brown,15 March 2024,04:31,Ship Maintenance,Hydraulic fluid spill contaminated engine room.,Maintenance Shed,Incident,Yes,Foreign object in eye from grinding debris
Finley Walker,Harper Davis,23 July 2024,09:02,Logistics,grinder failure caused a fuel leak to dry dock floor.,Dry Dock 2,Incident,Yes,Fractured wrist from fall on wet surface
Casey Foster,Alex Fisher,21 May 2024,10:59,Dockyard Operations,Structural collapse in pier due to corrosion.,Dry Dock 2,Incident,Yes,Crush injury to hand from hydraulic press
Emerson Cooper,Sawyer Mitchell,06 March 2025,04:05,Operations,Oil spill contaminated dock area.,Dockyard North,Incident,Yes,Chemical burn from solvent exposure
Harper Murray,Riley Kennedy,26 January 2024,18:24,Facilities,Oil spill contaminated dock area.,Training Room,Incident,Yes,Dislocated shoulder during equipment maintenance
Rowan Graham,Charlie Murphy,01 August 2025,22:55,Engineering,Hydraulic fluid spill contaminated engine room.,Electrical Bay,Incident,Yes,Chemical burn from solvent exposure
Sawyer Morgan,Elliot Graham,21 March 2025,11:12,Ship Maintenance,forklift failure caused a steel beam to drop to storage area.,Office - Admin Block,Incident,Yes,Minor cuts and bruises
Chris Walker,Reese Ward,08 July 2024,13:58,Fleet Management,Hydraulic fluid spill contaminated engine room.,IT Server Room,Incident,Yes,Smoke inhalation from fire in electrical bay
Frankie Holmes,Jordan Pearson,20 August 2025,09:08,Environmental Services,grinder failure caused electrical fire to ship propeller.,Maintenance Shed,Incident,Yes,Concussion from falling object
Jamie Holmes,Taylor Bailey,31 October 2024,16:01,Quality Assurance,Hydraulic fluid spill contaminated paint shop.,Training Room,Incident,Yes,Hearing damage from loud machinery
Finley Lee,Chris Brown,27 January 2025,01:11,Quality Assurance,Structural collapse in shipyard warehouse due to corrosion.,Reception Area,Incident,Yes,Compressed air injury during maintenance
Jordan Johnson,Spencer West,12 July 2025,04:36,HR,Oil spill contaminated paint shop.,Office - Admin Block,Incident,Yes,Smoke inhalation from fire in electrical bay
Dakota Lewis,Taylor Ward,04 March 2025,01:35,Procurement,grinder failure caused a fuel leak to dry dock floor.,Fuel Depot,Incident,Yes,Dislocated shoulder during equipment maintenance
Sawyer West,Emerson Kennedy,12 August 2024,12:09,IT,crane failure caused a fuel leak to dry dock floor.,Tool Crib,Incident,Yes,Fractured wrist from fall on wet surface
Jesse Davis,Logan Graham,14 December 2024,00:53,HR,Structural collapse in shipyard warehouse due to overload.,Training Room,Incident,Yes,Dislocated shoulder during equipment maintenance
Spencer Graham,Harper Brown,18 February 2024,17:12,Research & Development,Structural collapse in shipyard warehouse due to corrosion.,IT Server Room,Incident,Yes,Burn from hot welding equipment
Quinn Parker,Avery Pearson,09 October 2024,16:02,Facilities,Oil spill contaminated dock area.,Dockyard North,Incident,Yes,Crush injury to hand from hydraulic press
Morgan Walker,Reese Holmes,24 October 2024,03:59,Finance,Structural collapse in dry dock due to overload.,Electrical Bay,Incident,Yes,Heat exhaustion from prolonged outdoor work
Jamie Hughes,Spencer Foster,20 February 2024,02:23,Operations,crane failure caused a fuel leak to dry dock floor.,Dockyard South,Incident,Yes,Crush injury to hand from hydraulic press
Taylor Sullivan,Frankie Murray,12 July 2025,12:36,Environmental Services,Hydraulic fluid spill contaminated paint shop.,Office - Admin Block,Incident,Yes,Severe abrasion from slip on deck
Drew Hughes,Chris Bailey,03 July 2025,02:21,Fleet Management,crane failure caused a fuel leak to ship propeller.,Maintenance Shed,Incident,Yes,Smoke inhalation from fire in electrical bay
Rowan Parker,Taylor Smith,14 February 2025,11:33,IT,Structural collapse in dry dock due to corrosion.,Dry Dock 1,Incident,Yes,Burn from hot welding equipment
Emerson Parker,Finley Fisher,06 December 2024,20:52,Research & Development,Structural collapse in dry dock due to corrosion.,Electrical Bay,Incident,Yes,Foreign object in eye from grinding debris
Finley Clark,Drew Pearson,13 July 2025,20:45,Ship Maintenance,Chemicals spill contaminated engine room.,Reception Area,Incident,Yes,Concussion from falling object
Jesse Holmes,Frankie West,13 February 2025,07:39,Ship Maintenance,Hydraulic fluid spill contaminated dock area.,Maintenance Shed,Incident,Yes,Dislocated shoulder during equipment maintenance
Logan Pearson,Cameron Bailey,01 October 2024,05:39,Facilities,Structural collapse in pier due to improper maintenance.,Dockyard South,Incident,Yes,Hearing damage from loud machinery
Quinn Reed,Drew Foster,11 March 2025,00:18,Fleet Management,Chemicals spill contaminated engine room.,Cafeteria,Incident,Yes,Puncture wound from misplaced tool
Emerson Bennett,Skyler Johnson,26 May 2025,12:05,Customer Service,Structural collapse in shipyard warehouse due to improper maintenance.,Dockyard South,Incident,Yes,Hearing damage from loud machinery
Dakota Bailey,Cameron Ward,08 August 2025,13:47,Operations,Structural collapse in shipyard warehouse due to improper maintenance.,Warehouse B,Incident,Yes,Trip hazard fall resulting in bruising
Skyler Lewis,Morgan Clark,04 August 2025,04:10,Engineering,Hydraulic fluid spill contaminated dock area.,IT Server Room,Incident,Yes,Trip hazard fall resulting in bruising
Finley Walker,Charlie Murphy,07 July 2025,14:50,Customer Service,Chemicals spill contaminated dock area.,Main Gate Security,Incident,Yes,Crush injury to hand from hydraulic press
Peyton Payne,Finley Pearson,12 March 2024,08:46,Finance,Structural collapse in dry dock due to corrosion.,Training Room,Incident,Yes,Eye irritation from chemical fumes
Charlie Hughes,Harper Sullivan,11 April 2024,02:28,Finance,Chemicals spill contaminated dock area.,Cafeteria,Incident,Yes,Dislocated shoulder during equipment maintenance
Avery Reed,Elliot Bennett,11 July 2024,17:34,Security,Structural collapse in shipyard warehouse due to overload.,Dry Dock 1,Incident,Yes,Severe abrasion from slip on deck
Elliot Parker,Logan Clark,25 June 2024,04:35,Engineering,Chemicals spill contaminated engine room.,Training Room,Incident,Yes,Back strain from improper lifting
Cameron Hughes,Charlie Payne,28 March 2025,03:49,Security,grinder failure caused electrical fire to dry dock floor.,Engineering Workshop,Incident,Yes,Puncture wound from misplaced tool
Peyton Graham,Skyler Murphy,16 October 2024,21:31,Warehouse,Oil spill contaminated dock area.,Maintenance Shed,Incident,Yes,Concussion from falling object
Quinn Holmes,Reese Ward,18 May 2025,01:52,Customer Service,Structural collapse in pier due to overload.,Paint Shop,Incident,Yes,Fractured wrist from fall on wet surface
Avery Walker,Blake Fisher,08 June 2025,22:43,Security,Structural collapse in pier due to improper maintenance.,Paint Shop,Incident,Yes,Compressed air injury during maintenance
Rowan Walker,Skyler Bailey,23 March 2024,05:04,Environmental Services,Chemicals spill contaminated paint shop.,Engineering Workshop,Incident,Yes,Fractured ankle due to fall from scaffolding
Dakota Cooper,Taylor Johnson,28 May 2025,20:18,Legal,forklift failure caused electrical fire to ship propeller.,IT Server Room,Incident,Yes,Eye irritation from chemical fumes
Riley Murphy,Skyler Kennedy,05 August 2024,04:24,Engineering,crane failure caused a steel beam to drop to storage area.,Shipyard Pier,Incident,Yes,Dislocated shoulder during equipment maintenance
Drew Brown,Sawyer Kennedy,10 January 2025,18:33,Customer Service,forklift failure caused a steel beam to drop to dry dock floor.,Fuel Depot,Incident,Yes,Crush injury to hand from hydraulic press
Alex Robinson,Reese Smith,17 June 2025,07:43,Engineering,Structural collapse in dry dock due to overload.,Maintenance Shed,Incident,Yes,Chemical burn from solvent exposure
Peyton Bennett,Emerson Clark,25 September 2024,09:36,Facilities,Structural collapse in pier due to overload.,Dockyard North,Incident,Yes,Foreign object in eye from grinding debris
Chris Foster,Avery Graham,07 April 2025,22:26,Facilities,Hydraulic fluid spill contaminated paint shop.,Cafeteria,Incident,Yes,Minor cuts and bruises
Emerson Fisher,Cameron Murphy,31 October 2024,08:51,HR,Structural collapse in pier due to improper maintenance.,Warehouse A,Incident,Yes,Fractured wrist from fall on wet surface
Drew Clark,Elliot Kennedy,23 February 2024,04:22,Ship Maintenance,grinder failure caused a fuel leak to ship propeller.,Engineering Workshop,Incident,Yes,Laceration from sharp metal panel
Finley West,Morgan Ward,17 March 2025,13:26,Environmental Services,Oil spill contaminated engine room.,Electrical Bay,Incident,Yes,Compressed air injury during maintenance
Taylor Davis,Riley Brown,04 March 2024,04:21,HR,Structural collapse in dry dock due to improper maintenance.,Engineering Workshop,Incident,Yes,Hearing damage from loud machinery
Sydney Morgan,Charlie Davis,14 July 2025,12:58,Customer Service,Chemicals spill contaminated dock area.,Dry Dock 2,Incident,Yes,Chemical burn from solvent exposure
Jesse Reed,Peyton Lee,02 July 2024,19:52,Research & Development,Chemicals spill contaminated engine room.,Engineering Workshop,Incident,Yes,Compressed air injury during maintenance
Jamie Lewis,Quinn Smith,07 January 2025,22:58,Customer Service,Structural collapse in dry dock due to improper maintenance.,Dockyard South,Incident,Yes,Foreign object in eye from grinding debris
Emerson Pearson,Harper Fisher,27 April 2025,18:45,Dockyard Operations,Structural collapse in dry dock due to improper maintenance.,Warehouse A,Incident,Yes,Chemical burn from solvent exposure
Skyler Smith,Jordan Morgan,27 May 2025,10:28,HR,grinder failure caused electrical fire to dry dock floor.,Cafeteria,Incident,Yes,Dislocated shoulder during equipment maintenance
Charlie Sullivan,Kai Davis,16 August 2024,13:03,Finance,Oil spill contaminated dock area.,Paint Shop,Incident,Yes,Electric shock from faulty wiring
Cameron Sullivan,Elliot West,10 June 2024,20:25,Communications,Structural collapse in dry dock due to corrosion.,Fuel Depot,Incident,Yes,Laceration from sharp metal panel
Jordan Clark,Emerson Holmes,15 January 2025,00:25,Quality Assurance,Hydraulic fluid spill contaminated dock area.,Dockyard North,Incident,Yes,Trip hazard fall resulting in bruising
Jesse Pearson,Sydney West,30 August 2024,20:50,Procurement,Structural collapse in dry dock due to corrosion.,Cafeteria,Incident,Yes,Foreign object in eye from grinding debris
Cameron Bailey,Sawyer Brown,02 March 2024,00:02,HR,Chemicals spill contaminated dock area.,Fleet Garage,Incident,Yes,Severe abrasion from slip on deck
Sydney Mitchell,Drew West,20 March 2025,00:00,IT,Chemicals spill contaminated dock area.,Fleet Garage,Incident,Yes,Heat exhaustion from prolonged outdoor work
Casey Bailey,Jamie Morgan,21 March 2025,16:25,Quality Assurance,grinder failure caused electrical fire to dry dock floor.,Dockyard South,Incident,Yes,Chemical burn from solvent exposure
Peyton Fisher,Finley Johnson,04 May 2025,23:16,Legal,grinder failure caused a fuel leak to storage area.,Warehouse B,Incident,Yes,Puncture wound from misplaced tool
Charlie Brown,Drew Payne,28 December 2024,07:59,IT,forklift failure caused a steel beam to drop to storage area.,Cafeteria,Incident,Yes,Trip hazard fall resulting in bruising
Finley Davis,Peyton Graham,06 January 2024,06:57,Dockyard Operations,Structural collapse in pier due to corrosion.,Reception Area,Incident,Yes,Dislocated shoulder during equipment maintenance
Alex Holmes,Jamie West,05 April 2025,11:24,Customer Service,crane failure caused a steel beam to drop to storage area.,Paint Shop,Incident,Yes,Dislocated shoulder during equipment maintenance
Kai Foster,Cameron Hughes,03 July 2025,01:38,Engineering,Oil spill contaminated engine room.,Warehouse B,Incident,Yes,Trip hazard fall resulting in bruising
Alex Mitchell,Riley Foster,23 January 2025,16:02,IT,forklift failure caused electrical fire to storage area.,Dockyard North,Incident,Yes,Eye irritation from chemical fumes
Kai Ward,Drew Fisher,27 August 2024,06:24,Ship Maintenance,Structural collapse in pier due to improper maintenance.,Fuel Depot,Incident,Yes,Severe abrasion from slip on deck
Jamie Sullivan,Harper Parker,12 August 2025,08:18,Procurement,grinder failure caused a steel beam to drop to ship propeller.,Tool Crib,Incident,Yes,Eye irritation from chemical fumes
Avery Reed,Finley Bennett,28 October 2024,05:39,Training & Development,crane failure caused a fuel leak to storage area.,Shipyard Pier,Incident,Yes,Smoke inhalation from fire in electrical bay
Charlie Graham,Elliot Pearson,21 April 2025,20:55,Facilities,forklift failure caused electrical fire to ship propeller.,Maintenance Shed,Incident,Yes,Trip hazard fall resulting in bruising
Peyton Graham,Peyton Walker,11 January 2024,17:57,Environmental Services,Chemicals spill contaminated dock area.,Fleet Garage,Incident,Yes,Burn from hot welding equipment
Casey Sullivan,Morgan Sullivan,04 March 2024,13:22,Security,Structural collapse in pier due to corrosion.,Fuel Depot,Incident,Yes,Burn from hot welding equipment
Peyton Graham,Cameron Allen,18 June 2025,19:23,HR,forklift failure caused a fuel leak to dry dock floor.,Maintenance Shed,Incident,Yes,Minor cuts and bruises
Riley Holmes,Rowan Smith,17 February 2024,10:22,Research & Development,Structural collapse in dry dock due to improper maintenance.,Shipyard Pier,Incident,Yes,Back strain from improper lifting
Reese Morgan,Skyler Bennett,09 July 2024,09:04,IT,Structural collapse in shipyard warehouse due to improper maintenance.,Training Room,Incident,Yes,Fractured wrist from fall on wet surface
Casey Reed,Rowan Ward,13 August 2024,18:26,Training & Development,Structural collapse in shipyard warehouse due to overload.,Engineering Workshop,Incident,Yes,Chemical burn from solvent exposure
Logan Sullivan,Morgan Morgan,21 February 2024,04:27,Operations,Structural collapse in shipyard warehouse due to corrosion.,Main Gate Security,Incident,Yes,Compressed air injury during maintenance
Avery Morgan,Harper Walker,27 September 2024,04:41,Training & Development,Structural collapse in shipyard warehouse due to improper maintenance.,Dockyard South,Incident,Yes,Foreign object in eye from grinding debris
Quinn Bennett,Kai Foster,12 June 2025,14:31,IT,Oil spill contaminated engine room.,Engineering Workshop,Incident,Yes,Compressed air injury during maintenance
Sydney Fisher,Skyler Hughes,22 April 2024,19:24,Finance,Structural collapse in dry dock due to overload.,Dockyard South,Incident,Yes,Trip hazard fall resulting in bruising
Frankie Murphy,Cameron Brown,22 July 2025,21:20,Dockyard Operations,Hydraulic fluid spill contaminated paint shop.,Dockyard South,Incident,Yes,Dislocated shoulder during equipment maintenance
Riley Pearson,Alex Allen,04 September 2024,08:29,Communications,Oil spill contaminated dock area.,Office - Admin Block,Incident,Yes,Electric shock from faulty wiring
Rowan Fisher,Harper Payne,04 August 2024,05:04,Security,Structural collapse in shipyard warehouse due to corrosion.,Paint Shop,Incident,Yes,Electric shock from faulty wiring
Charlie Allen,Morgan Davis,21 May 2024,17:31,Ship Maintenance,Hydraulic fluid spill contaminated engine room.,Main Gate Security,Incident,Yes,Electric shock from faulty wiring
Morgan Walker,Sydney Payne,03 July 2025,22:20,IT,Chemicals spill contaminated engine room.,Tool Crib,Incident,Yes,Dislocated shoulder during equipment maintenance
Avery Bennett,Sydney Holmes,23 June 2024,11:51,Procurement,grinder failure caused a steel beam to drop to dry dock floor.,Tool Crib,Incident,Yes,Electric shock from faulty wiring
Harper Allen,Reese Brown,07 June 2025,15:20,Fleet Management,Structural collapse in pier due to overload.,Electrical Bay,Incident,Yes,Crush injury to hand from hydraulic press
Taylor Bailey,Sawyer Lee,21 May 2024,03:30,Legal,Oil spill contaminated paint shop.,Dockyard South,Incident,Yes,Concussion from falling object
Charlie Brown,Peyton West,08 February 2025,20:17,Communications,Hydraulic fluid spill contaminated paint shop.,Electrical Bay,Incident,Yes,Laceration from sharp metal panel
Morgan Holmes,Frankie Murphy,29 July 2025,06:08,Security,grinder failure caused a steel beam to drop to dry dock floor.,Electrical Bay,Incident,Yes,Fractured wrist from fall on wet surface
Dakota Johnson,Skyler Brown,28 June 2024,02:11,Customer Service,Oil spill contaminated paint shop.,Engineering Workshop,Incident,Yes,Crush injury to hand from hydraulic press
Avery Johnson,Jesse Holmes,02 May 2024,12:38,Operations,Oil spill contaminated engine room.,Warehouse B,Incident,Yes,Smoke inhalation from fire in electrical bay
Elliot Kennedy,Sydney Lewis,24 July 2024,19:08,Customer Service,Structural collapse in pier due to overload.,Paint Shop,Incident,Yes,Burn from hot welding equipment
Finley Reed,Peyton Holmes,10 December 2024,06:04,Finance,Structural collapse in pier due to overload.,IT Server Room,Incident,Yes,Crush injury to hand from hydraulic press
Reese Lewis,Harper Brown,22 October 2024,21:22,Ship Maintenance,forklift failure caused a steel beam to drop to dry dock floor.,Electrical Bay,Incident,Yes,Hearing damage from loud machinery
Logan Lewis,Taylor Parker,10 June 2024,05:36,HR,Structural collapse in pier due to corrosion.,Fleet Garage,Incident,Yes,Hearing damage from loud machinery
Sawyer Ward,Spencer Sullivan,22 April 2025,05:13,Fleet Management,grinder failure caused electrical fire to dry dock floor.,Warehouse A,Incident,Yes,Puncture wound from misplaced tool
Alex West,Sawyer Davis,24 November 2024,18:24,Warehouse,Hydraulic fluid spill contaminated paint shop.,Dry Dock 2,Incident,Yes,Compressed air injury during maintenance
Spencer Lewis,Sydney Pearson,31 March 2025,17:44,Communications,Structural collapse in pier due to improper maintenance.,Reception Area,Incident,Yes,Fractured ankle due to fall from scaffolding
Blake Bennett,Sydney Sullivan,26 March 2024,22:59,Fleet Management,Structural collapse in dry dock due to corrosion.,Warehouse A,Incident,Yes,Compressed air injury during maintenance
Elliot Mitchell,Elliot Murphy,13 June 2024,23:33,Communications,forklift failure caused electrical fire to dry dock floor.,Shipyard Pier,Incident,Yes,Laceration from sharp metal panel
Casey Lee,Morgan Allen,15 February 2024,14:10,Quality Assurance,grinder failure caused electrical fire to dry dock floor.,Warehouse A,Incident,Yes,Chemical burn from solvent exposure
Alex Smith,Reese Morgan,09 December 2024,07:58,HR,Structural collapse in pier due to improper maintenance.,Dockyard South,Incident,Yes,Concussion from falling object
Morgan Smith,Quinn Fisher,23 May 2024,12:55,HR,Hydraulic fluid spill contaminated paint shop.,Dry Dock 1,Incident,Yes,Compressed air injury during maintenance
Sydney Clark,Emerson Murray,03 February 2025,11:04,Security,Structural collapse in pier due to corrosion.,Main Gate Security,Incident,Yes,Trip hazard fall resulting in bruising
Casey Smith,Charlie Holmes,20 February 2024,20:07,Logistics,Structural collapse in shipyard warehouse due to improper maintenance.,Dry Dock 1,Incident,Yes,Concussion from falling object
Finley Hughes,Emerson Sullivan,01 January 2024,23:54,Ship Maintenance,Chemicals spill contaminated paint shop.,Reception Area,Incident,Yes,Laceration from sharp metal panel
Avery Murphy,Jesse Mitchell,19 October 2024,18:03,Environmental Services,Structural collapse in pier due to overload.,Dockyard North,Incident,Yes,Puncture wound from misplaced tool
Alex Smith,Harper Reed,29 December 2024,09:57,Security,Chemicals spill contaminated engine room.,Electrical Bay,Incident,Yes,Hearing damage from loud machinery
Quinn Lewis,Sawyer Lewis,11 March 2025,06:54,Facilities,grinder failure caused a fuel leak to ship propeller.,Shipyard Pier,Incident,Yes,Trip hazard fall resulting in bruising
Avery Hughes,Logan Davis,03 April 2025,10:36,Health & Safety,forklift failure caused electrical fire to ship propeller.,Dockyard North,Incident,Yes,Trip hazard fall resulting in bruising
Blake West,Chris Lewis,20 March 2024,23:48,Procurement,Structural collapse in shipyard warehouse due to improper maintenance.,Electrical Bay,Incident,Yes,Minor cuts and bruises
Sydney Kennedy,Morgan Reed,17 May 2025,11:54,Training & Development,Structural collapse in shipyard warehouse due to overload.,Fuel Depot,Incident,Yes,Compressed air injury during maintenance
Chris Payne,Rowan West,10 August 2025,22:43,IT,forklift failure caused electrical fire to storage area.,Engineering Workshop,Incident,Yes,Dislocated shoulder during equipment maintenance
Blake Holmes,Cameron Cooper,15 March 2024,00:17,Training & Development,Structural collapse in pier due to overload.,Tool Crib,Incident,Yes,Hearing damage from loud machinery
Avery Bailey,Jordan Kennedy,21 June 2025,23:16,Health & Safety,Oil spill contaminated dock area.,Fuel Depot,Incident,Yes,Eye irritation from chemical fumes
Casey Johnson,Skyler Mitchell,11 September 2024,16:06,Quality Assurance,grinder failure caused electrical fire to ship propeller.,Shipyard Pier,Incident,Yes,Foreign object in eye from grinding debris
Frankie Payne,Spencer Murphy,23 December 2024,23:59,Quality Assurance,Chemicals spill contaminated dock area.,Main Gate Security,Incident,Yes,Heat exhaustion from prolonged outdoor work
Frankie Johnson,Chris Johnson,29 September 2024,04:25,Security,Oil spill contaminated paint shop.,Fleet Garage,Incident,Yes,Fractured wrist from fall on wet surface
Drew Walker,Peyton Pearson,26 June 2025,00:24,Ship Maintenance,grinder failure caused electrical fire to storage area.,Reception Area,Incident,Yes,Smoke inhalation from fire in electrical bay
Taylor West,Chris Lewis,09 April 2025,20:27,Security,crane failure caused a fuel leak to ship propeller.,Paint Shop,Incident,Yes,Fractured wrist from fall on wet surface
Harper Pearson,Frankie Holmes,11 January 2024,12:41,Ship Maintenance,Structural collapse in shipyard warehouse due to overload.,Fuel Depot,Incident,Yes,Chemical burn from solvent exposure
Finley Bennett,Jesse Kennedy,20 October 2024,22:12,Ship Maintenance,Hydraulic fluid spill contaminated engine room.,Warehouse B,Incident,Yes,Severe abrasion from slip on deck
Casey Walker,Taylor Walker,18 January 2025,14:37,Ship Maintenance,Oil spill contaminated dock area.,IT Server Room,Incident,Yes,Foreign object in eye from grinding debris
Avery Clark,Spencer Brown,22 July 2025,08:22,Training & Development,Chemicals spill contaminated dock area.,Dockyard North,Incident,Yes,Trip hazard fall resulting in bruising
Rowan Ward,Jamie Brown,02 May 2024,06:43,Procurement,grinder failure caused electrical fire to ship propeller.,Fleet Garage,Incident,Yes,Severe abrasion from slip on deck
Charlie Parker,Frankie Graham,19 June 2025,11:41,Operations,crane failure caused a fuel leak to dry dock floor.,Tool Crib,Incident,Yes,Trip hazard fall resulting in bruising
Jesse Ward,Harper Morgan,19 December 2024,06:55,Legal,Oil spill contaminated engine room.,IT Server Room,Incident,Yes,Burn from hot welding equipment
Taylor Morgan,Jamie Davis,25 February 2024,10:35,Communications,Structural collapse in shipyard warehouse due to overload.,Main Gate Security,Incident,Yes,Laceration from sharp metal panel
Elliot Parker,Blake Lewis,10 July 2024,04:57,Quality Assurance,Oil spill contaminated engine room.,Paint Shop,Incident,Yes,Chemical burn from solvent exposure
Logan Murray,Avery Sullivan,27 September 2024,23:51,Facilities,Hydraulic fluid spill contaminated dock area.,Dockyard North,Incident,Yes,Dislocated shoulder during equipment maintenance
Elliot Smith,Jordan Payne,19 July 2024,16:14,Dockyard Operations,crane failure caused electrical fire to storage area.,Main Gate Security,Incident,Yes,Crush injury to hand from hydraulic press
Rowan Pearson,Cameron Morgan,07 November 2024,22:05,HR,Structural collapse in shipyard warehouse due to improper maintenance.,Fuel Depot,Incident,Yes,Electric shock from faulty wiring
Sawyer Fisher,Alex Graham,24 November 2024,07:07,Finance,Chemicals spill contaminated dock area.,Warehouse B,Incident,Yes,Foreign object in eye from grinding debris
Spencer Reed,Jesse Pearson,17 May 2025,08:07,Warehouse,Oil spill contaminated paint shop.,Training Room,Incident,Yes,Heat exhaustion from prolonged outdoor work
Jesse Johnson,Charlie Payne,28 May 2024,18:56,Ship Maintenance,Structural collapse in shipyard warehouse due to corrosion.,Main Gate Security,Incident,Yes,Smoke inhalation from fire in electrical bay
Reese Mitchell,Avery Graham,19 October 2024,12:21,Facilities,Structural collapse in shipyard warehouse due to improper maintenance.,Main Gate Security,Incident,Yes,Severe abrasion from slip on deck
Elliot Bennett,Blake West,11 July 2024,22:11,HR,Oil spill contaminated paint shop.,Office - Admin Block,Incident,Yes,Laceration from sharp metal panel
Drew Bennett,Avery Smith,18 April 2025,17:47,Legal,Structural collapse in shipyard warehouse due to overload.,Cafeteria,Incident,Yes,Hearing damage from loud machinery
Charlie Lee,Jamie Murphy,28 April 2025,23:13,Health & Safety,Structural collapse in dry dock due to corrosion.,Dockyard North,Incident,Yes,Laceration from sharp metal panel
Spencer Mitchell,Reese Murray,15 June 2024,01:57,Environmental Services,Structural collapse in dry dock due to overload.,IT Server Room,Incident,Yes,Smoke inhalation from fire in electrical bay
Jamie Allen,Reese Murray,23 February 2024,12:23,Logistics,Oil spill contaminated engine room.,Electrical Bay,Incident,Yes,Dislocated shoulder during equipment maintenance
Dakota Kennedy,Emerson Mitchell,13 December 2024,23:30,Finance,Structural collapse in pier due to corrosion.,Fuel Depot,Incident,Yes,Laceration from sharp metal panel
Morgan West,Sawyer Hughes,19 August 2025,16:12,HR,Chemicals spill contaminated engine room.,Fuel Depot,Incident,Yes,Electric shock from faulty wiring
Harper Murray,Reese Kennedy,11 March 2025,18:04,Quality Assurance,Structural collapse in dry dock due to overload.,Paint Shop,Incident,Yes,Heat exhaustion from prolonged outdoor work
Spencer Reed,Cameron Murphy,01 August 2024,20:26,IT,Oil spill contaminated engine room.,Main Gate Security,Incident,Yes,Hearing damage from loud machinery
Spencer Bailey,Avery Lee,02 July 2024,11:31,Facilities,Structural collapse in dry dock due to improper maintenance.,Engineering Workshop,Incident,Yes,Dislocated shoulder during equipment maintenance
Elliot Lewis,Spencer Hughes,16 June 2024,20:05,Fleet Management,Structural collapse in shipyard warehouse due to improper maintenance.,Tool Crib,Incident,Yes,Eye irritation from chemical fumes
Taylor Murray,Taylor Allen,08 September 2024,03:46,Legal,Oil spill contaminated paint shop.,Warehouse A,Incident,Yes,Back strain from improper lifting
Reese Murphy,Logan Graham,22 February 2025,21:11,Legal,grinder failure caused a steel beam to drop to ship propeller.,Fuel Depot,Incident,Yes,Burn from hot welding equipment
Rowan Morgan,Jordan Ward,14 August 2025,06:51,Training & Development,Structural collapse in dry dock due to improper maintenance.,Dockyard North,Incident,Yes,Electric shock from faulty wiring
Emerson Clark,Skyler Mitchell,19 April 2025,03:34,Warehouse,Hydraulic fluid spill contaminated paint shop.,Maintenance Shed,Incident,Yes,Fractured ankle due to fall from scaffolding
Frankie Graham,Kai Smith,03 July 2024,07:59,Ship Maintenance,Structural collapse in pier due to overload.,Office - Admin Block,Incident,Yes,Heat exhaustion from prolonged outdoor work
Chris Walker,Drew West,30 April 2025,21:13,Communications,Structural collapse in pier due to corrosion.,Dry Dock 1,Incident,Yes,Puncture wound from misplaced tool
Harper Sullivan,Jordan Parker,08 June 2024,02:48,Health & Safety,Hydraulic fluid spill contaminated engine room.,Fleet Garage,Incident,Yes,Chemical burn from solvent exposure
Morgan Brown,Peyton Sullivan,19 March 2025,13:37,Communications,grinder failure caused a steel beam to drop to ship propeller.,Dry Dock 1,Incident,Yes,Fractured ankle due to fall from scaffolding
Sawyer Hughes,Finley Foster,02 April 2025,22:21,Communications,Oil spill contaminated paint shop.,Training Room,Incident,Yes,Smoke inhalation from fire in electrical bay
Frankie Parker,Harper Smith,30 June 2024,05:33,Engineering,Structural collapse in shipyard warehouse due to overload.,Fleet Garage,Incident,Yes,Fractured wrist from fall on wet surface
Jesse Robinson,Jamie Reed,08 April 2024,16:36,Environmental Services,Structural collapse in shipyard warehouse due to overload.,Dockyard South,Incident,Yes,Fractured ankle due to fall from scaffolding
Rowan Smith,Sawyer Robinson,19 June 2025,15:57,Facilities,Oil spill contaminated engine room.,Office - Admin Block,Incident,Yes,Back strain from improper lifting
Drew Foster,Peyton Lee,15 April 2024,15:15,Legal,Hydraulic fluid spill contaminated engine room.,Reception Area,Incident,Yes,Heat exhaustion from prolonged outdoor work
Finley Clark,Morgan Walker,09 August 2024,15:20,Engineering,Hydraulic fluid spill contaminated dock area.,Engineering Workshop,Incident,Yes,Burn from hot welding equipment
Casey Ward,Sydney Lewis,10 May 2024,18:47,HR,Oil spill contaminated dock area.,Paint Shop,Incident,Yes,Laceration from sharp metal panel
Finley Hughes,Cameron Graham,09 November 2024,17:55,Research & Development,Oil spill contaminated paint shop.,Warehouse B,Incident,Yes,Foreign object in eye from grinding debris
Quinn Holmes,Charlie Bailey,06 April 2024,22:06,Fleet Management,Hydraulic fluid spill contaminated engine room.,Engineering Workshop,Incident,Yes,Back strain from improper lifting
Riley Mitchell,Jordan Sullivan,07 February 2024,02:27,Engineering,Hydraulic fluid spill contaminated paint shop.,Cafeteria,Incident,Yes,Severe abrasion from slip on deck
Frankie Pearson,Emerson Murray,24 January 2025,22:06,Ship Maintenance,Hydraulic fluid spill contaminated dock area.,Dockyard North,Incident,Yes,Electric shock from faulty wiring
Rowan Ward,Charlie Morgan,24 September 2024,02:41,Customer Service,Structural collapse in dry dock due to corrosion.,Fuel Depot,Incident,Yes,Minor cuts and bruises
Harper Kennedy,Harper Reed,24 January 2025,14:15,Health & Safety,Oil spill contaminated dock area.,Tool Crib,Incident,Yes,Back strain from improper lifting
Logan Pearson,Skyler Fisher,20 November 2024,06:27,Environmental Services,crane failure caused electrical fire to storage area.,Paint Shop,Incident,Yes,Eye irritation from chemical fumes
Chris Mitchell,Logan Cooper,02 September 2024,17:22,Procurement,forklift failure caused a fuel leak to storage area.,Reception Area,Incident,Yes,Crush injury to hand from hydraulic press
Alex Morgan,Morgan Murray,17 August 2024,03:22,Environmental Services,Chemicals spill contaminated engine room.,Warehouse A,Incident,Yes,Minor cuts and bruises
Rowan Sullivan,Logan Johnson,10 February 2024,04:05,Engineering,forklift failure caused a steel beam to drop to ship propeller.,Cafeteria,Incident,Yes,Laceration from sharp metal panel
Reese Fisher,Chris West,09 March 2025,00:51,Quality Assurance,grinder failure caused electrical fire to storage area.,Dockyard North,Incident,Yes,Crush injury to hand from hydraulic press
Drew Reed,Elliot Murphy,04 July 2024,16:47,Facilities,crane failure caused electrical fire to storage area.,Maintenance Shed,Incident,Yes,Trip hazard fall resulting in bruising
Quinn Cooper,Cameron Cooper,09 September 2024,00:53,Engineering,Structural collapse in dry dock due to improper maintenance.,Dry Dock 1,Incident,Yes,Severe abrasion from slip on deck
Spencer Sullivan,Jesse Johnson,18 October 2024,20:47,Warehouse,forklift failure caused electrical fire to storage area.,Warehouse A,Incident,Yes,Trip hazard fall resulting in bruising
Casey Robinson,Dakota Payne,21 February 2025,06:25,Procurement,Structural collapse in pier due to corrosion.,Reception Area,Incident,Yes,Fractured ankle due to fall from scaffolding
Morgan Allen,Sawyer Clark,28 April 2025,20:37,Legal,Oil spill contaminated dock area.,Dockyard South,Incident,Yes,Fractured wrist from fall on wet surface
Casey Clark,Finley Smith,12 March 2025,18:22,Engineering,Structural collapse in dry dock due to corrosion.,Dry Dock 2,Incident,Yes,Puncture wound from misplaced tool
Jamie Fisher,Kai Walker,01 November 2024,22:15,Quality Assurance,Hydraulic fluid spill contaminated paint shop.,Dry Dock 2,Incident,Yes,Severe abrasion from slip on deck
Harper West,Jesse Lewis,20 May 2024,04:09,Research & Development,crane failure caused electrical fire to storage area.,Warehouse B,Incident,Yes,Hearing damage from loud machinery
Kai Clark,Jamie Fisher,21 February 2024,05:53,Quality Assurance,forklift failure caused a steel beam to drop to ship propeller.,Cafeteria,Incident,Yes,Eye irritation from chemical fumes
Taylor Cooper,Jordan Reed,06 May 2025,17:16,Health & Safety,forklift failure caused a fuel leak to dry dock floor.,Electrical Bay,Incident,Yes,Fractured ankle due to fall from scaffolding
Jesse Foster,Jesse Lewis,16 August 2025,08:22,HR,Oil spill contaminated dock area.,Electrical Bay,Incident,Yes,Laceration from sharp metal panel
Drew Kennedy,Kai Hughes,30 June 2024,19:29,Ship Maintenance,Structural collapse in dry dock due to corrosion.,Dockyard North,Incident,Yes,Eye irritation from chemical fumes
Taylor Hughes,Jesse Cooper,07 September 2024,13:37,Training & Development,grinder failure caused a fuel leak to dry dock floor.,Dry Dock 2,Incident,Yes,Heat exhaustion from prolonged outdoor work
Elliot West,Sawyer Walker,25 February 2024,04:48,Communications,Structural collapse in dry dock due to overload.,Paint Shop,Incident,Yes,Eye irritation from chemical fumes
Morgan Walker,Quinn Foster,31 January 2024,20:20,Research & Development,crane failure caused a fuel leak to storage area.,Shipyard Pier,Incident,Yes,Compressed air injury during maintenance
Quinn Graham,Emerson Murray,13 November 2024,09:31,Warehouse,Structural collapse in shipyard warehouse due to corrosion.,Warehouse B,Incident,Yes,Trip hazard fall resulting in bruising
Avery Murray,Reese Johnson,06 January 2024,20:46,Security,Structural collapse in dry dock due to overload.,Fuel Depot,Incident,Yes,Laceration from sharp metal panel
Riley Lee,Jamie Murphy,11 March 2025,05:18,Facilities,Chemicals spill contaminated paint shop.,Office - Admin Block,Incident,Yes,Foreign object in eye from grinding debris
Sawyer Ward,Avery Sullivan,07 April 2024,07:50,Dockyard Operations,Structural collapse in shipyard warehouse due to overload.,Dry Dock 2,Incident,Yes,Laceration from sharp metal panel
Reese Lewis,Charlie Pearson,10 January 2024,12:43,Communications,Hydraulic fluid spill contaminated paint shop.,Reception Area,Incident,Yes,Fractured wrist from fall on wet surface
Emerson Reed,Charlie Robinson,27 June 2024,07:07,Fleet Management,grinder failure caused a steel beam to drop to dry dock floor.,Dry Dock 1,Incident,Yes,Chemical burn from solvent exposure
Rowan Hughes,Skyler Ward,15 November 2024,17:15,Quality Assurance,Structural collapse in dry dock due to overload.,Dry Dock 2,Incident,Yes,Severe abrasion from slip on deck
Rowan West,Sydney Graham,13 February 2024,12:48,Legal,Structural collapse in pier due to corrosion.,Dry Dock 2,Incident,Yes,Fractured wrist from fall on wet surface
Sydney West,Peyton Robinson,29 May 2025,06:25,IT,Hydraulic fluid spill contaminated paint shop.,Engineering Workshop,Incident,Yes,Chemical burn from solvent exposure
Sydney Murphy,Jesse Ward,04 March 2025,16:31,Engineering,Oil spill contaminated dock area.,Dockyard South,Incident,Yes,Concussion from falling object
Jordan Robinson,Spencer Holmes,17 May 2025,10:37,Warehouse,Structural collapse in pier due to improper maintenance.,Tool Crib,Incident,Yes,Eye irritation from chemical fumes
Elliot Parker,Avery Bailey,04 April 2024,21:30,Fleet Management,Structural collapse in pier due to overload.,Engineering Workshop,Incident,Yes,Smoke inhalation from fire in electrical bay
Chris Fisher,Logan West,04 July 2024,04:50,Health & Safety,grinder failure caused a steel beam to drop to dry dock floor.,Dry Dock 2,Incident,Yes,Trip hazard fall resulting in bruising
Jesse Holmes,Peyton Payne,04 May 2025,00:12,Fleet Management,grinder failure caused a fuel leak to dry dock floor.,Warehouse A,Incident,Yes,Chemical burn from solvent exposure
Finley Brown,Rowan Lewis,05 May 2025,15:48,Fleet Management,Chemicals spill contaminated paint shop.,Paint Shop,Incident,Yes,Puncture wound from misplaced tool
Blake Murray,Alex Hughes,15 August 2025,17:01,Health & Safety,Hydraulic fluid spill contaminated dock area.,Dry Dock 2,Incident,Yes,Trip hazard fall resulting in bruising
Finley West,Jesse Sullivan,04 October 2024,16:14,Legal,Structural collapse in dry dock due to improper maintenance.,Office - Admin Block,Incident,Yes,Puncture wound from misplaced tool
Skyler Pearson,Logan Bennett,05 October 2024,14:23,Dockyard Operations,Chemicals spill contaminated engine room.,Warehouse B,Incident,Yes,Back strain from improper lifting
Riley Murray,Casey Allen,25 April 2024,14:20,Quality Assurance,Structural collapse in shipyard warehouse due to corrosion.,Warehouse B,Incident,Yes,Smoke inhalation from fire in electrical bay
Peyton Kennedy,Finley Fisher,05 May 2024,08:02,Warehouse,crane failure caused a fuel leak to storage area.,Dry Dock 2,Incident,Yes,Fractured ankle due to fall from scaffolding
Quinn Murphy,Kai Payne,27 August 2024,07:49,Training & Development,Oil spill contaminated engine room.,Training Room,Incident,Yes,Eye irritation from chemical fumes
Sydney Johnson,Jesse Payne,23 August 2024,02:31,Health & Safety,grinder failure caused electrical fire to storage area.,Dry Dock 2,Incident,Yes,Fractured wrist from fall on wet surface
Chris Murphy,Jordan Allen,03 June 2024,06:51,Warehouse,Structural collapse in dry dock due to corrosion.,IT Server Room,Incident,Yes,Electric shock from faulty wiring
Emerson Reed,Kai Foster,28 May 2025,02:14,Legal,Oil spill contaminated paint shop.,Warehouse B,Incident,Yes,Heat exhaustion from prolonged outdoor work
Drew Murphy,Casey Foster,11 July 2025,14:52,Ship Maintenance,forklift failure caused a steel beam to drop to storage area.,Office - Admin Block,Incident,Yes,Trip hazard fall resulting in bruising
Elliot Robinson,Jesse Graham,28 June 2025,18:42,Facilities,Chemicals spill contaminated paint shop.,Reception Area,Incident,Yes,Dislocated shoulder during equipment maintenance
Sawyer Johnson,Rowan Murray,02 February 2025,02:08,Training & Development,forklift failure caused a steel beam to drop to storage area.,Dry Dock 2,Incident,Yes,Crush injury to hand from hydraulic press
Emerson Lewis,Elliot Robinson,23 February 2024,06:52,IT,Structural collapse in dry dock due to corrosion.,Paint Shop,Incident,Yes,Laceration from sharp metal panel
Chris Mitchell,Kai Johnson,03 July 2025,09:13,Ship Maintenance,Hydraulic fluid spill contaminated engine room.,Fuel Depot,Incident,Yes,Heat exhaustion from prolonged outdoor work
Frankie Reed,Charlie Smith,16 July 2025,00:08,Communications,Hydraulic fluid spill contaminated dock area.,Warehouse A,Incident,Yes,Smoke inhalation from fire in electrical bay
Drew Clark,Rowan Mitchell,27 February 2025,16:54,Communications,Structural collapse in shipyard warehouse due to overload.,Dry Dock 1,Incident,Yes,Trip hazard fall resulting in bruising
Harper Bailey,Sydney Graham,22 May 2024,13:02,Logistics,Structural collapse in dry dock due to overload.,Fuel Depot,Incident,Yes,Burn from hot welding equipment
Skyler Ward,Riley Graham,30 March 2025,02:44,Customer Service,Structural collapse in pier due to overload.,Office - Admin Block,Incident,Yes,Hearing damage from loud machinery
Riley Murray,Morgan Reed,25 October 2024,03:22,Health & Safety,Oil spill contaminated engine room.,Training Room,Incident,Yes,Back strain from improper lifting
Quinn Ward,Harper Davis,18 July 2025,05:16,Engineering,Structural collapse in pier due to improper maintenance.,Fuel Depot,Incident,Yes,Dislocated shoulder during equipment maintenance
Jamie Smith,Rowan Bennett,09 July 2025,00:27,Operations,Structural collapse in dry dock due to corrosion.,Office - Admin Block,Incident,Yes,Puncture wound from misplaced tool
Taylor Mitchell,Frankie Bennett,08 May 2025,08:34,Research & Development,Structural collapse in shipyard warehouse due to improper maintenance.,Training Room,Incident,Yes,Severe abrasion from slip on deck
Avery Ward,Quinn Walker,20 July 2024,20:34,Health & Safety,Oil spill contaminated engine room.,Engineering Workshop,Incident,Yes,Smoke inhalation from fire in electrical bay
Avery Bennett,Jesse Clark,25 June 2025,14:53,Research & Development,Structural collapse in pier due to corrosion.,Dockyard North,Incident,Yes,Electric shock from faulty wiring
Jamie Clark,Logan Payne,13 April 2025,17:20,Finance,Chemicals spill contaminated dock area.,Reception Area,Incident,Yes,Heat exhaustion from prolonged outdoor work
Rowan Sullivan,Chris Davis,04 August 2024,01:22,Facilities,Structural collapse in shipyard warehouse due to overload.,Paint Shop,Incident,Yes,Chemical burn from solvent exposure
Elliot Walker,Dakota Holmes,23 July 2025,09:36,Quality Assurance,Hydraulic fluid spill contaminated paint shop.,Dockyard North,Incident,Yes,Puncture wound from misplaced tool
Sawyer Robinson,Quinn Johnson,05 December 2024,12:47,Communications,Structural collapse in shipyard warehouse due to improper maintenance.,Fuel Depot,Incident,Yes,Compressed air injury during maintenance
Quinn Davis,Drew Foster,28 February 2025,23:59,Procurement,Structural collapse in dry dock due to improper maintenance.,Cafeteria,Incident,Yes,Concussion from falling object
Skyler Murphy,Quinn Payne,13 September 2024,03:53,Research & Development,forklift failure caused a steel beam to drop to dry dock floor.,IT Server Room,Incident,Yes,Trip hazard fall resulting in bruising
Blake Hughes,Peyton Pearson,27 May 2024,22:43,Warehouse,crane failure caused a fuel leak to ship propeller.,Dockyard South,Incident,Yes,Electric shock from faulty wiring
Spencer Holmes,Dakota Holmes,30 March 2025,08:38,Operations,Hydraulic fluid spill contaminated paint shop.,Maintenance Shed,Incident,Yes,Smoke inhalation from fire in electrical bay
Sydney Clark,Skyler Bennett,16 October 2024,14:37,HR,Structural collapse in pier due to overload.,Main Gate Security,Incident,Yes,Compressed air injury during maintenance
Logan Robinson,Reese Fisher,28 December 2024,17:36,Quality Assurance,Structural collapse in dry dock due to overload.,Dockyard South,Incident,Yes,Fractured ankle due to fall from scaffolding
Sawyer Morgan,Avery Lewis,14 July 2025,19:51,Ship Maintenance,crane failure caused a steel beam to drop to ship propeller.,Shipyard Pier,Incident,Yes,Electric shock from faulty wiring
Kai Lee,Blake Reed,24 February 2025,19:06,Training & Development,Structural collapse in pier due to corrosion.,Dry Dock 2,Incident,Yes,Compressed air injury during maintenance
Finley Reed,Logan Mitchell,05 September 2024,21:49,Warehouse,Structural collapse in shipyard warehouse due to improper maintenance.,Main Gate Security,Incident,Yes,Dislocated shoulder during equipment maintenance
Emerson Walker,Casey Hughes,14 March 2025,02:07,Environmental Services,Oil spill contaminated paint shop.,Tool Crib,Incident,Yes,Dislocated shoulder during equipment maintenance
Alex Bailey,Jesse Murphy,21 November 2024,03:25,Training & Development,Structural collapse in shipyard warehouse due to improper maintenance.,IT Server Room,Incident,Yes,Eye irritation from chemical fumes
Reese Fisher,Sydney Reed,07 September 2024,18:13,Operations,Structural collapse in shipyard warehouse due to overload.,Shipyard Pier,Incident,Yes,Trip hazard fall resulting in bruising
Jordan Johnson,Reese Parker,15 February 2024,23:13,Ship Maintenance,Oil spill contaminated paint shop.,Tool Crib,Incident,Yes,Heat exhaustion from prolonged outdoor work
Charlie Graham,Sawyer Morgan,07 February 2025,07:59,Research & Development,forklift failure caused a steel beam to drop to storage area.,Office - Admin Block,Incident,Yes,Electric shock from faulty wiring
Taylor Lee,Jamie Payne,25 July 2025,10:56,Quality Assurance,Oil spill contaminated dock area.,Electrical Bay,Incident,Yes,Concussion from falling object
Sydney Johnson,Emerson Robinson,08 February 2025,03:28,Health & Safety,grinder failure caused electrical fire to storage area.,Electrical Bay,Incident,Yes,Eye irritation from chemical fumes
Harper Holmes,Quinn Brown,10 November 2024,13:51,Fleet Management,Structural collapse in shipyard warehouse due to overload.,Dry Dock 2,Incident,Yes,Dislocated shoulder during equipment maintenance
Blake Holmes,Reese Bailey,13 October 2024,21:22,Dockyard Operations,Chemicals spill contaminated engine room.,Training Room,Incident,Yes,Laceration from sharp metal panel
Jordan Sullivan,Elliot Allen,13 March 2025,03:46,Training & Development,crane failure caused electrical fire to dry dock floor.,Warehouse A,Incident,Yes,Back strain from improper lifting
Casey Murray,Chris Brown,08 April 2025,02:59,Customer Service,crane failure caused a fuel leak to dry dock floor.,Maintenance Shed,Incident,Yes,Dislocated shoulder during equipment maintenance
Logan Foster,Dakota Bailey,21 October 2024,02:18,Operations,Structural collapse in dry dock due to corrosion.,Office - Admin Block,Incident,Yes,Trip hazard fall resulting in bruising
Riley Johnson,Rowan Johnson,23 February 2024,00:18,Research & Development,forklift failure caused a steel beam to drop to dry dock floor.,Dockyard South,Incident,Yes,Hearing damage from loud machinery
Jamie Sullivan,Taylor Morgan,23 February 2025,23:16,Finance,forklift failure caused a fuel leak to dry dock floor.,Paint Shop,Incident,Yes,Electric shock from faulty wiring
Finley Lewis,Spencer Kennedy,12 July 2025,13:18,Research & Development,Chemicals spill contaminated engine room.,Paint Shop,Incident,Yes,Minor cuts and bruises
Spencer Walker,Finley Mitchell,05 June 2024,07:25,Quality Assurance,crane failure caused a fuel leak to dry dock floor.,Main Gate Security,Incident,Yes,Crush injury to hand from hydraulic press
Sydney Kennedy,Jamie Murray,16 August 2025,16:10,Logistics,forklift failure caused a fuel leak to ship propeller.,Dockyard South,Incident,Yes,Crush injury to hand from hydraulic press
Avery Walker,Emerson Davis,26 January 2024,14:50,Facilities,Chemicals spill contaminated engine room.,Maintenance Shed,Incident,Yes,Eye irritation from chemical fumes
Skyler Bennett,Chris Davis,05 February 2024,23:51,Quality Assurance,Hydraulic fluid spill contaminated engine room.,Main Gate Security,Incident,Yes,Smoke inhalation from fire in electrical bay
Logan Kennedy,Drew Reed,23 October 2024,00:29,Research & Development,Oil spill contaminated paint shop.,Dry Dock 1,Incident,Yes,Severe abrasion from slip on deck
Elliot Ward,Finley Payne,09 May 2025,21:02,Customer Service,crane failure caused electrical fire to dry dock floor.,Dry Dock 2,Incident,Yes,Minor cuts and bruises
Casey Parker,Emerson Murphy,25 September 2024,18:13,Training & Development,Hydraulic fluid spill contaminated dock area.,Reception Area,Incident,Yes,Dislocated shoulder during equipment maintenance
Jamie Mitchell,Sydney Pearson,28 October 2024,22:46,Finance,Hydraulic fluid spill contaminated dock area.,Fuel Depot,Incident,Yes,Eye irritation from chemical fumes
Spencer Pearson,Sydney Davis,03 April 2024,12:39,Fleet Management,Structural collapse in shipyard warehouse due to corrosion.,Warehouse A,Incident,Yes,Foreign object in eye from grinding debris
Alex Smith,Spencer Davis,12 January 2025,03:26,Quality Assurance,grinder failure caused a steel beam to drop to ship propeller.,Paint Shop,Incident,Yes,Foreign object in eye from grinding debris
Cameron Johnson,Dakota Holmes,21 February 2025,15:30,Facilities,crane failure caused a fuel leak to ship propeller.,Warehouse B,Incident,Yes,Foreign object in eye from grinding debris
Blake Parker,Drew Pearson,27 March 2025,03:43,Warehouse,crane failure caused electrical fire to dry dock floor.,Shipyard Pier,Incident,Yes,Laceration from sharp metal panel
Drew Davis,Dakota Robinson,11 September 2024,18:31,Quality Assurance,crane failure caused electrical fire to storage area.,Paint Shop,Incident,Yes,Burn from hot welding equipment
Peyton Foster,Blake West,01 November 2024,08:56,Facilities,crane failure caused electrical fire to ship propeller.,Shipyard Pier,Incident,Yes,Hearing damage from loud machinery
Riley West,Jamie Holmes,28 April 2024,21:05,Environmental Services,grinder failure caused a fuel leak to storage area.,Warehouse B,Incident,Yes,Foreign object in eye from grinding debris
Logan Robinson,Avery Murphy,01 November 2024,08:08,Dockyard Operations,grinder failure caused electrical fire to ship propeller.,Dry Dock 2,Incident,Yes,Chemical burn from solvent exposure
Charlie Kennedy,Peyton Parker,14 July 2025,00:45,Training & Development,Chemicals spill contaminated paint shop.,Tool Crib,Incident,Yes,Crush injury to hand from hydraulic press
Finley Bailey,Frankie Lee,07 April 2024,08:46,Ship Maintenance,grinder failure caused a fuel leak to storage area.,IT Server Room,Incident,Yes,Puncture wound from misplaced tool
Riley Walker,Skyler Fisher,19 January 2025,20:16,Communications,grinder failure caused a steel beam to drop to dry dock floor.,Dry Dock 2,Incident,Yes,Chemical burn from solvent exposure
Harper Davis,Frankie Morgan,25 April 2025,21:36,Training & Development,Hydraulic fluid spill contaminated dock area.,Warehouse B,Incident,Yes,Puncture wound from misplaced tool
Charlie Smith,Cameron Johnson,10 March 2024,03:54,Logistics,crane failure caused electrical fire to ship propeller.,Maintenance Shed,Incident,Yes,Chemical burn from solvent exposure
Jordan Johnson,Logan Foster,10 March 2024,09:39,Finance,Structural collapse in shipyard warehouse due to improper maintenance.,Cafeteria,Incident,Yes,Chemical burn from solvent exposure
Blake Murphy,Cameron Graham,26 October 2024,13:54,Procurement,Oil spill contaminated engine room.,Engineering Workshop,Incident,Yes,Electric shock from faulty wiring
Elliot Bennett,Peyton West,30 August 2024,02:14,Training & Development,grinder failure caused a steel beam to drop to storage area.,Dry Dock 1,Incident,Yes,Smoke inhalation from fire in electrical bay
Sydney Lewis,Jamie Bailey,12 July 2025,23:38,Engineering,Oil spill contaminated paint shop.,Dockyard South,Incident,Yes,Compressed air injury during maintenance
Spencer Bennett,Skyler Walker,08 February 2024,17:32,Ship Maintenance,crane failure caused electrical fire to storage area.,Dry Dock 2,Incident,Yes,Fractured wrist from fall on wet surface
Casey Graham,Charlie Fisher,13 September 2024,02:02,Facilities,grinder failure caused electrical fire to storage area.,Training Room,Incident,Yes,Laceration from sharp metal panel
Jordan Morgan,Casey Murray,02 August 2025,16:47,Security,Structural collapse in shipyard warehouse due to overload.,Shipyard Pier,Incident,Yes,Chemical burn from solvent exposure
Reese Fisher,Riley Clark,02 October 2024,10:21,Finance,Oil spill contaminated dock area.,Dockyard South,Incident,Yes,Severe abrasion from slip on deck
Finley Lewis,Peyton Reed,15 January 2024,08:02,Training & Development,Hydraulic fluid spill contaminated dock area.,Dry Dock 2,Incident,Yes,Crush injury to hand from hydraulic press
Frankie Sullivan,Harper Fisher,10 November 2024,10:50,Quality Assurance,Structural collapse in dry dock due to corrosion.,Shipyard Pier,Incident,Yes,Dislocated shoulder during equipment maintenance
Jesse Johnson,Elliot Holmes,03 June 2024,20:59,IT,forklift failure caused a fuel leak to storage area.,Warehouse A,Incident,Yes,Fractured ankle due to fall from scaffolding
Blake Lee,Drew Clark,07 June 2025,15:51,Communications,Oil spill contaminated paint shop.,IT Server Room,Incident,Yes,Puncture wound from misplaced tool
Riley Murray,Sydney Murray,08 June 2025,11:49,Security,crane failure caused a fuel leak to dry dock floor.,Maintenance Shed,Incident,Yes,Heat exhaustion from prolonged outdoor work
Chris Lewis,Sawyer Allen,16 January 2024,07:40,Environmental Services,Structural collapse in shipyard warehouse due to corrosion.,Dry Dock 2,Incident,Yes,Heat exhaustion from prolonged outdoor work
Jordan Lewis,Charlie Foster,19 September 2024,01:09,Quality Assurance,Hydraulic fluid spill contaminated engine room.,Warehouse A,Incident,Yes,Chemical burn from solvent exposure
Drew Bailey,Alex Smith,04 May 2024,08:17,Facilities,Oil spill contaminated engine room.,Fuel Depot,Incident,Yes,Dislocated shoulder during equipment maintenance
Skyler Sullivan,Casey Bailey,23 July 2024,14:41,Training & Development,Oil spill contaminated engine room.,Warehouse B,Incident,Yes,Burn from hot welding equipment
Drew Smith,Kai Sullivan,12 January 2024,02:12,Communications,Structural collapse in dry dock due to improper maintenance.,Maintenance Shed,Incident,Yes,Laceration from sharp metal panel
Quinn Mitchell,Rowan Bailey,07 March 2025,18:35,Security,Structural collapse in dry dock due to improper maintenance.,Fleet Garage,Incident,Yes,Severe abrasion from slip on deck
Jesse Johnson,Reese Hughes,08 January 2024,15:53,Warehouse,grinder failure caused a fuel leak to dry dock floor.,Fuel Depot,Incident,Yes,Back strain from improper lifting
Logan Robinson,Spencer West,04 August 2025,11:13,Fleet Management,Hydraulic fluid spill contaminated dock area.,IT Server Room,Incident,Yes,Eye irritation from chemical fumes
Quinn Lee,Chris Lewis,27 July 2025,15:07,Environmental Services,Structural collapse in shipyard warehouse due to improper maintenance.,Electrical Bay,Incident,Yes,Fractured ankle due to fall from scaffolding
Casey Cooper,Spencer Graham,10 May 2024,22:10,Security,Structural collapse in shipyard warehouse due to improper maintenance.,Maintenance Shed,Incident,Yes,Electric shock from faulty wiring
Elliot Parker,Charlie Cooper,21 October 2024,08:42,Training & Development,forklift failure caused a fuel leak to storage area.,Maintenance Shed,Incident,Yes,Smoke inhalation from fire in electrical bay
Jordan Cooper,Rowan Robinson,19 June 2025,05:40,Security,Hydraulic fluid spill contaminated paint shop.,Electrical Bay,Incident,Yes,Severe abrasion from slip on deck
Alex Payne,Rowan Robinson,04 June 2025,00:45,Security,Structural collapse in shipyard warehouse due to improper maintenance.,Shipyard Pier,Incident,Yes,Dislocated shoulder during equipment maintenance
Skyler Clark,Emerson Brown,31 January 2024,07:00,Facilities,Chemicals spill contaminated engine room.,Main Gate Security,Incident,Yes,Dislocated shoulder during equipment maintenance
Spencer Ward,Peyton Robinson,19 June 2024,03:19,Research & Development,Chemicals spill contaminated paint shop.,Reception Area,Incident,Yes,Smoke inhalation from fire in electrical bay
Sawyer Murphy,Peyton Robinson,12 March 2024,14:32,Fleet Management,Oil spill contaminated paint shop.,Warehouse A,Incident,Yes,Smoke inhalation from fire in electrical bay
Jordan Kennedy,Frankie Lee,23 March 2024,16:03,Quality Assurance,Hydraulic fluid spill contaminated dock area.,Dry Dock 2,Incident,Yes,Fractured ankle due to fall from scaffolding
Jordan Bennett,Jesse Pearson,05 December 2024,00:17,Ship Maintenance,crane failure caused electrical fire to dry dock floor.,Dockyard North,Incident,Yes,Eye irritation from chemical fumes
Cameron Murphy,Riley Bennett,27 February 2025,21:49,Procurement,Chemicals spill contaminated engine room.,Shipyard Pier,Incident,Yes,Heat exhaustion from prolonged outdoor work
Elliot Smith,Charlie Parker,19 September 2024,07:17,Customer Service,Structural collapse in dry dock due to improper maintenance.,Shipyard Pier,Incident,Yes,Chemical burn from solvent exposure
Dakota Parker,Jesse Reed,21 July 2024,11:29,HR,Structural collapse in dry dock due to corrosion.,Shipyard Pier,Incident,Yes,Minor cuts and bruises
Skyler Cooper,Jordan Allen,18 July 2025,11:29,HR,Structural collapse in dry dock due to improper maintenance.,Maintenance Shed,Incident,Yes,Concussion from falling object
Cameron Parker,Harper Fisher,22 April 2025,12:13,Finance,forklift failure caused a steel beam to drop to storage area.,Dockyard North,Incident,Yes,Back strain from improper lifting
Finley Foster,Riley Bennett,06 November 2024,02:47,Operations,Chemicals spill contaminated dock area.,Warehouse B,Incident,Yes,Dislocated shoulder during equipment maintenance
Kai Payne,Frankie Johnson,31 March 2025,16:29,Training & Development,Chemicals spill contaminated engine room.,Office - Admin Block,Incident,Yes,Burn from hot welding equipment
Frankie Holmes,Quinn Bailey,20 June 2025,15:55,Fleet Management,Chemicals spill contaminated paint shop.,Electrical Bay,Incident,Yes,Burn from hot welding equipment
Finley Mitchell,Finley Foster,11 March 2024,03:56,Customer Service,Structural collapse in shipyard warehouse due to overload.,Office - Admin Block,Incident,Yes,Laceration from sharp metal panel
Reese Lee,Rowan Cooper,29 October 2024,15:48,Health & Safety,Oil spill contaminated paint shop.,Maintenance Shed,Incident,Yes,Foreign object in eye from grinding debris
Finley Hughes,Quinn Murray,04 December 2024,19:26,Procurement,crane failure caused a fuel leak to storage area.,Fuel Depot,Incident,Yes,Foreign object in eye from grinding debris
Logan Allen,Rowan Graham,11 July 2025,11:42,Customer Service,Structural collapse in pier due to improper maintenance.,Reception Area,Incident,Yes,Heat exhaustion from prolonged outdoor work
Dakota Morgan,Sydney Smith,11 November 2024,11:20,Training & Development,Structural collapse in dry dock due to improper maintenance.,Paint Shop,Incident,Yes,Smoke inhalation from fire in electrical bay
Elliot Bennett,Drew Ward,19 April 2024,14:44,Operations,forklift failure caused a steel beam to drop to ship propeller.,Tool Crib,Incident,Yes,Minor cuts and bruises
Sydney Mitchell,Spencer Pearson,29 October 2024,04:36,Finance,crane failure caused a steel beam to drop to ship propeller.,Dry Dock 1,Incident,Yes,Dislocated shoulder during equipment maintenance
Casey Mitchell,Casey Parker,17 April 2024,05:57,Legal,grinder failure caused a fuel leak to storage area.,Cafeteria,Incident,Yes,Compressed air injury during maintenance
Riley Robinson,Casey Walker,05 April 2024,21:17,HR,Chemicals spill contaminated paint shop.,Engineering Workshop,Incident,Yes,Trip hazard fall resulting in bruising
Avery Bennett,Spencer Robinson,07 October 2024,11:32,Fleet Management,Structural collapse in pier due to improper maintenance.,Dockyard South,Incident,Yes,Foreign object in eye from grinding debris
Jamie Reed,Frankie Clark,22 November 2024,18:54,Engineering,crane failure caused a steel beam to drop to storage area.,Engineering Workshop,Incident,Yes,Severe abrasion from slip on deck
Blake West,Spencer Lee,07 October 2024,10:06,Security,Chemicals spill contaminated engine room.,Warehouse A,Incident,Yes,Smoke inhalation from fire in electrical bay
Rowan Sullivan,Finley Clark,04 September 2024,10:19,Training & Development,Hydraulic fluid spill contaminated paint shop.,Tool Crib,Incident,Yes,Laceration from sharp metal panel
Charlie Walker,Blake Kennedy,16 December 2024,02:35,Research & Development,Hydraulic fluid spill contaminated paint shop.,Reception Area,Incident,Yes,Severe abrasion from slip on deck
Harper Robinson,Morgan Fisher,04 July 2024,02:23,Logistics,grinder failure caused a steel beam to drop to dry dock floor.,Warehouse B,Incident,Yes,Electric shock from faulty wiring
Skyler Bailey,Jordan Bennett,28 February 2024,21:48,HR,Structural collapse in dry dock due to improper maintenance.,Electrical Bay,Incident,Yes,Chemical burn from solvent exposure
Quinn Parker,Emerson Robinson,17 June 2024,20:55,Training & Development,Structural collapse in shipyard warehouse due to improper maintenance.,Training Room,Incident,Yes,Hearing damage from loud machinery
Harper Mitchell,Harper Morgan,05 December 2024,17:16,Fleet Management,Chemicals spill contaminated dock area.,Dry Dock 1,Incident,Yes,Hearing damage from loud machinery
Casey Murphy,Rowan Foster,24 June 2024,20:28,Operations,grinder failure caused electrical fire to ship propeller.,Dockyard South,Incident,Yes,Heat exhaustion from prolonged outdoor work
Jesse Mitchell,Emerson Clark,11 March 2024,04:16,Customer Service,grinder failure caused a steel beam to drop to dry dock floor.,Office - Admin Block,Incident,Yes,Electric shock from faulty wiring
Casey Holmes,Taylor Lewis,02 August 2024,19:28,Finance,Chemicals spill contaminated paint shop.,Warehouse B,Incident,Yes,Minor cuts and bruises
Drew Parker,Morgan Pearson,29 June 2024,03:11,Ship Maintenance,forklift failure caused electrical fire to ship propeller.,Training Room,Incident,Yes,Electric shock from faulty wiring
Sydney Parker,Avery Smith,30 March 2025,03:40,Environmental Services,Hydraulic fluid spill contaminated paint shop.,Main Gate Security,Incident,Yes,Minor cuts and bruises
Quinn Bailey,Finley Reed,05 August 2024,04:22,Operations,Structural collapse in shipyard warehouse due to overload.,Fuel Depot,Incident,Yes,Trip hazard fall resulting in bruising
Taylor Brown,Quinn Fisher,06 August 2024,21:20,Operations,Structural collapse in pier due to corrosion.,Warehouse B,Incident,Yes,Smoke inhalation from fire in electrical bay
Dakota Robinson,Frankie Reed,28 May 2025,20:38,Warehouse,forklift failure caused electrical fire to ship propeller.,Warehouse B,Incident,Yes,Electric shock from faulty wiring
Elliot Brown,Jesse Mitchell,17 September 2024,07:45,Finance,Structural collapse in shipyard warehouse due to corrosion.,Dry Dock 2,Incident,Yes,Dislocated shoulder during equipment maintenance
Dakota Brown,Jesse Bennett,01 August 2024,17:40,Operations,Chemicals spill contaminated dock area.,Dockyard South,Incident,Yes,Burn from hot welding equipment
Jamie Payne,Logan Lee,31 May 2025,22:47,Facilities,Hydraulic fluid spill contaminated paint shop.,Shipyard Pier,Incident,Yes,Foreign object in eye from grinding debris
Jamie Hughes,Blake Murphy,16 October 2024,20:07,Ship Maintenance,forklift failure caused a fuel leak to storage area.,IT Server Room,Incident,Yes,Compressed air injury during maintenance
Taylor Walker,Quinn Bennett,30 June 2024,21:05,Communications,Structural collapse in pier due to corrosion.,Reception Area,Incident,Yes,Puncture wound from misplaced tool
Dakota Hughes,Reese Lewis,28 January 2024,02:20,Security,Structural collapse in dry dock due to overload.,Maintenance Shed,Incident,Yes,Concussion from falling object
Jordan Fisher,Frankie Kennedy,28 June 2024,16:27,Finance,Hydraulic fluid spill contaminated paint shop.,IT Server Room,Incident,Yes,Back strain from improper lifting
Skyler Pearson,Skyler Walker,25 November 2024,04:51,HR,Structural collapse in pier due to improper maintenance.,Reception Area,Incident,Yes,Concussion from falling object
Charlie Sullivan,Casey Payne,20 September 2024,11:37,Procurement,Oil spill contaminated paint shop.,Warehouse A,Incident,Yes,Hearing damage from loud machinery
Finley Pearson,Skyler Cooper,21 July 2025,20:25,Communications,crane failure caused a fuel leak to storage area.,Dry Dock 2,Incident,Yes,Compressed air injury during maintenance
Harper Smith,Emerson Davis,11 March 2025,03:34,Engineering,Structural collapse in pier due to corrosion.,Dry Dock 2,Incident,Yes,Chemical burn from solvent exposure
Charlie Cooper,Taylor Ward,05 September 2024,23:19,Customer Service,Structural collapse in shipyard warehouse due to overload.,Fuel Depot,Incident,Yes,Crush injury to hand from hydraulic press
Spencer Murphy,Reese Fisher,29 April 2024,19:59,HR,Oil spill contaminated paint shop.,Shipyard Pier,Incident,Yes,Crush injury to hand from hydraulic press
Chris Parker,Blake Parker,21 May 2024,21:33,Engineering,Oil spill contaminated dock area.,Fuel Depot,Incident,Yes,Fractured wrist from fall on wet surface
Elliot Brown,Jamie Bennett,25 May 2025,14:42,Quality Assurance,Oil spill contaminated engine room.,Office - Admin Block,Incident,Yes,Compressed air injury during maintenance
Dakota Walker,Jordan Fisher,23 April 2024,19:04,Ship Maintenance,Chemicals spill contaminated paint shop.,Maintenance Shed,Incident,Yes,Fractured wrist from fall on wet surface
Emerson Walker,Alex Sullivan,24 March 2025,01:43,HR,Chemicals spill contaminated paint shop.,Reception Area,Incident,Yes,Foreign object in eye from grinding debris
Alex Payne,Frankie Robinson,21 September 2024,18:30,Procurement,crane failure caused electrical fire to ship propeller.,Main Gate Security,Incident,Yes,Puncture wound from misplaced tool
Harper Hughes,Elliot Holmes,27 July 2024,04:03,IT,Oil spill contaminated dock area.,Warehouse A,Incident,Yes,Fractured ankle due to fall from scaffolding
Skyler Bailey,Sawyer Kennedy,10 September 2024,15:34,Training & Development,Structural collapse in pier due to improper maintenance.,Tool Crib,Incident,Yes,Trip hazard fall resulting in bruising
Logan Fisher,Sydney Parker,06 March 2025,03:55,Environmental Services,Hydraulic fluid spill contaminated dock area.,Warehouse B,Incident,Yes,Fractured ankle due to fall from scaffolding
Drew Bennett,Alex Lee,24 May 2024,22:15,Customer Service,Hydraulic fluid spill contaminated paint shop.,Fuel Depot,Incident,Yes,Crush injury to hand from hydraulic press
Jesse Parker,Jordan Clark,22 January 2025,03:36,IT,Hydraulic fluid spill contaminated engine room.,Dry Dock 2,Incident,Yes,Hearing damage from loud machinery
Sydney Payne,Drew Holmes,22 February 2024,01:53,Research & Development,crane failure caused a fuel leak to storage area.,Reception Area,Incident,Yes,Minor cuts and bruises
Jamie Hughes,Dakota Fisher,14 February 2025,03:37,Training & Development,Chemicals spill contaminated paint shop.,Dry Dock 1,Incident,Yes,Heat exhaustion from prolonged outdoor work
Dakota Clark,Harper Fisher,29 December 2024,16:00,Research & Development,grinder failure caused a fuel leak to dry dock floor.,Fleet Garage,Incident,Yes,Chemical burn from solvent exposure
Quinn Cooper,Cameron Brown,02 July 2024,22:44,Environmental Services,Oil spill contaminated paint shop.,Dry Dock 1,Incident,Yes,Compressed air injury during maintenance
Alex Clark,Morgan Fisher,26 January 2025,08:40,Finance,grinder failure caused a steel beam to drop to storage area.,Engineering Workshop,Incident,Yes,Minor cuts and bruises
Sydney Smith,Casey Bennett,06 July 2024,16:29,Logistics,Structural collapse in dry dock due to improper maintenance.,IT Server Room,Incident,Yes,Foreign object in eye from grinding debris
Avery Smith,Quinn Lewis,12 January 2025,15:33,Dockyard Operations,Hydraulic fluid spill contaminated dock area.,Cafeteria,Incident,Yes,Laceration from sharp metal panel
Drew Ward,Finley Pearson,02 March 2024,14:00,Logistics,Structural collapse in pier due to improper maintenance.,Warehouse A,Incident,Yes,Fractured ankle due to fall from scaffolding
Casey Allen,Jordan Murray,16 November 2024,11:29,Engineering,Oil spill contaminated paint shop.,Warehouse B,Incident,Yes,Foreign object in eye from grinding debris
Kai West,Taylor Morgan,20 June 2025,14:13,Security,Structural collapse in dry dock due to overload.,Reception Area,Incident,Yes,Electric shock from faulty wiring
Sawyer Reed,Morgan West,21 February 2025,16:32,Procurement,Oil spill contaminated engine room.,Electrical Bay,Incident,Yes,Heat exhaustion from prolonged outdoor work
Dakota Lewis,Emerson Allen,21 May 2025,16:49,IT,Structural collapse in dry dock due to corrosion.,Tool Crib,Incident,Yes,Minor cuts and bruises
Finley Smith,Jesse Johnson,29 April 2024,01:34,Logistics,Chemicals spill contaminated paint shop.,Dockyard South,Incident,Yes,Fractured ankle due to fall from scaffolding
Dakota West,Peyton Bennett,26 June 2024,05:34,Communications,grinder failure caused a steel beam to drop to ship propeller.,Cafeteria,Incident,Yes,Foreign object in eye from grinding debris
Alex Kennedy,Finley Graham,23 August 2024,17:44,Research & Development,crane failure caused a fuel leak to ship propeller.,Reception Area,Incident,Yes,Dislocated shoulder during equipment maintenance
Jamie West,Reese Bailey,06 April 2025,07:25,Fleet Management,Oil spill contaminated paint shop.,Electrical Bay,Incident,Yes,Burn from hot welding equipment
Quinn Graham,Jesse Lee,12 March 2024,06:24,Quality Assurance,Structural collapse in dry dock due to improper maintenance.,Electrical Bay,Incident,Yes,Burn from hot welding equipment
Taylor Hughes,Casey Brown,06 October 2024,17:23,Communications,Hydraulic fluid spill contaminated dock area.,Engineering Workshop,Incident,Yes,Foreign object in eye from grinding debris
Dakota Payne,Cameron Robinson,07 July 2024,21:19,HR,Oil spill contaminated dock area.,Tool Crib,Incident,Yes,Dislocated shoulder during equipment maintenance
Elliot Walker,Finley Murray,04 January 2025,11:02,Procurement,Hydraulic fluid spill contaminated dock area.,Fuel Depot,Incident,Yes,Crush injury to hand from hydraulic press
Dakota Ward,Alex Allen,30 January 2025,22:01,Warehouse,grinder failure caused electrical fire to ship propeller.,Reception Area,Incident,Yes,Minor cuts and bruises
Alex Clark,Kai Morgan,11 November 2024,13:53,Dockyard Operations,Structural collapse in pier due to overload.,Office - Admin Block,Incident,Yes,Foreign object in eye from grinding debris
Casey Mitchell,Emerson Payne,07 October 2024,20:16,HR,Oil spill contaminated paint shop.,Warehouse B,Incident,Yes,Eye irritation from chemical fumes
Logan Kennedy,Kai West,02 February 2024,06:20,Fleet Management,forklift failure caused electrical fire to dry dock floor.,Dry Dock 2,Incident,Yes,Foreign object in eye from grinding debris
Rowan Ward,Chris Reed,23 December 2024,12:44,Fleet Management,Oil spill contaminated dock area.,Cafeteria,Incident,Yes,Electric shock from faulty wiring
Casey Hughes,Emerson Hughes,24 January 2024,02:08,Security,grinder failure caused electrical fire to ship propeller.,Reception Area,Incident,Yes,Severe abrasion from slip on deck
Taylor Foster,Spencer Sullivan,22 March 2025,11:04,Communications,Structural collapse in dry dock due to corrosion.,Electrical Bay,Incident,Yes,Trip hazard fall resulting in bruising
Kai Clark,Elliot Allen,09 July 2024,04:36,Procurement,Structural collapse in dry dock due to corrosion.,Fuel Depot,Incident,Yes,Foreign object in eye from grinding debris
Reese Davis,Blake Johnson,16 October 2024,04:00,Communications,Chemicals spill contaminated paint shop.,Main Gate Security,Incident,Yes,Burn from hot welding equipment
Peyton Lee,Peyton Walker,19 July 2024,15:04,Facilities,Structural collapse in dry dock due to corrosion.,Reception Area,Incident,Yes,Heat exhaustion from prolonged outdoor work
Jesse Johnson,Spencer Johnson,22 October 2024,22:50,Warehouse,Structural collapse in shipyard warehouse due to improper maintenance.,Cafeteria,Incident,Yes,Eye irritation from chemical fumes
Cameron Holmes,Harper Bailey,04 April 2024,00:32,Training & Development,crane failure caused a fuel leak to dry dock floor.,Fuel Depot,Incident,Yes,Chemical burn from solvent exposure
Sydney Pearson,Frankie Lee,14 June 2024,03:51,HR,Structural collapse in shipyard warehouse due to improper maintenance.,Fleet Garage,Incident,Yes,Heat exhaustion from prolonged outdoor work
Riley Brown,Jamie Hughes,30 June 2025,21:31,Quality Assurance,Structural collapse in pier due to improper maintenance.,Engineering Workshop,Incident,Yes,Hearing damage from loud machinery
Alex Murphy,Skyler Parker,17 July 2025,15:30,Health & Safety,Structural collapse in shipyard warehouse due to improper maintenance.,Dry Dock 1,Incident,Yes,Hearing damage from loud machinery
Reese Lewis,Charlie West,21 July 2025,17:31,Security,Structural collapse in dry dock due to corrosion.,Warehouse A,Incident,Yes,Eye irritation from chemical fumes
Quinn Sullivan,Sawyer Reed,30 March 2025,03:37,Security,Structural collapse in pier due to corrosion.,Dry Dock 2,Incident,Yes,Smoke inhalation from fire in electrical bay
Frankie Morgan,Reese Walker,21 June 2024,16:06,Legal,Oil spill contaminated engine room.,Paint Shop,Incident,Yes,Burn from hot welding equipment
Morgan Holmes,Riley West,15 June 2025,23:23,Fleet Management,Structural collapse in dry dock due to improper maintenance.,Electrical Bay,Incident,Yes,Trip hazard fall resulting in bruising
Casey Graham,Sydney Morgan,28 June 2024,05:55,Engineering,grinder failure caused a steel beam to drop to storage area.,Training Room,Incident,Yes,Compressed air injury during maintenance
Drew Clark,Harper Hughes,28 August 2024,13:33,Warehouse,forklift failure caused electrical fire to ship propeller.,Main Gate Security,Incident,Yes,Back strain from improper lifting
Casey Bennett,Skyler Murphy,26 June 2025,15:54,Facilities,Chemicals spill contaminated engine room.,Main Gate Security,Incident,Yes,Burn from hot welding equipment
Logan Ward,Peyton Foster,29 October 2024,14:59,Training & Development,grinder failure caused a steel beam to drop to dry dock floor.,Dry Dock 2,Incident,Yes,Back strain from improper lifting
Chris Pearson,Taylor Cooper,16 April 2025,09:45,Training & Development,Structural collapse in shipyard warehouse due to improper maintenance.,Fleet Garage,Incident,Yes,Fractured ankle due to fall from scaffolding
Peyton Murphy,Blake Murray,10 February 2025,23:52,Warehouse,Structural collapse in pier due to improper maintenance.,Dry Dock 2,Incident,Yes,Electric shock from faulty wiring
Logan Brown,Spencer Holmes,24 December 2024,23:34,Fleet Management,grinder failure caused a steel beam to drop to ship propeller.,Cafeteria,Incident,Yes,Eye irritation from chemical fumes
Elliot Smith,Sydney Johnson,07 July 2024,18:37,Fleet Management,Hydraulic fluid spill contaminated dock area.,Fleet Garage,Incident,Yes,Trip hazard fall resulting in bruising
Jamie Bennett,Reese Morgan,23 November 2024,12:27,Security,crane failure caused electrical fire to storage area.,Dockyard North,Incident,Yes,Fractured wrist from fall on wet surface
Charlie Mitchell,Kai Brown,24 February 2024,20:16,Engineering,Structural collapse in pier due to overload.,Tool Crib,Incident,Yes,Eye irritation from chemical fumes
Riley Davis,Taylor Morgan,11 April 2024,17:36,Communications,Chemicals spill contaminated paint shop.,Paint Shop,Incident,Yes,Puncture wound from misplaced tool
Jordan Murphy,Alex Foster,11 December 2024,17:00,Health & Safety,grinder failure caused electrical fire to dry dock floor.,Reception Area,Incident,Yes,Compressed air injury during maintenance
Taylor Pearson,Drew West,27 October 2024,07:00,Fleet Management,Hydraulic fluid spill contaminated engine room.,Engineering Workshop,Incident,Yes,Electric shock from faulty wiring
Quinn Holmes,Elliot Lee,29 May 2024,19:38,Quality Assurance,crane failure caused a steel beam to drop to storage area.,Tool Crib,Incident,Yes,Minor cuts and bruises
Riley Davis,Frankie West,06 March 2024,20:57,Logistics,Structural collapse in shipyard warehouse due to improper maintenance.,Warehouse B,Incident,Yes,Severe abrasion from slip on deck
Reese Kennedy,Frankie Davis,04 June 2024,04:19,Ship Maintenance,Chemicals spill contaminated dock area.,Tool Crib,Incident,Yes,Puncture wound from misplaced tool
Casey Bennett,Drew Sullivan,12 June 2024,20:57,HR,Structural collapse in shipyard warehouse due to improper maintenance.,Training Room,Incident,Yes,Dislocated shoulder during equipment maintenance
Casey Mitchell,Sydney Parker,28 June 2024,07:18,Logistics,forklift failure caused electrical fire to storage area.,Paint Shop,Incident,Yes,Compressed air injury during maintenance
Dakota Mitchell,Reese Lee,18 March 2024,20:30,Environmental Services,forklift failure caused a fuel leak to storage area.,Electrical Bay,Incident,Yes,Hearing damage from loud machinery
Peyton Murphy,Quinn West,04 June 2025,00:41,Finance,Structural collapse in pier due to overload.,Dry Dock 1,Incident,Yes,Crush injury to hand from hydraulic press
Chris Foster,Cameron Parker,03 March 2024,03:29,Procurement,Structural collapse in shipyard warehouse due to corrosion.,Fleet Garage,Incident,Yes,Crush injury to hand from hydraulic press
Emerson Graham,Skyler Morgan,05 August 2025,16:33,Environmental Services,forklift failure caused a fuel leak to storage area.,Paint Shop,Incident,Yes,Chemical burn from solvent exposure
Morgan Brown,Jamie Morgan,02 May 2024,22:19,Finance,Structural collapse in shipyard warehouse due to overload.,Warehouse A,Incident,Yes,Severe abrasion from slip on deck
Peyton Kennedy,Quinn Allen,07 August 2024,05:01,Customer Service,Hydraulic fluid spill contaminated engine room.,Electrical Bay,Incident,Yes,Fractured wrist from fall on wet surface
Reese Morgan,Spencer Kennedy,04 February 2025,09:26,Finance,Oil spill contaminated dock area.,Dockyard North,Incident,Yes,Puncture wound from misplaced tool
Sydney Murray,Elliot Clark,09 July 2025,20:26,Finance,Chemicals spill contaminated dock area.,Office - Admin Block,Incident,Yes,Severe abrasion from slip on deck
Kai Lewis,Sawyer Kennedy,23 September 2024,07:52,Engineering,Structural collapse in dry dock due to improper maintenance.,Reception Area,Incident,Yes,Foreign object in eye from grinding debris
Jamie Mitchell,Logan Reed,28 March 2024,21:14,HR,forklift failure caused electrical fire to storage area.,Fleet Garage,Incident,Yes,Crush injury to hand from hydraulic press
Chris Fisher,Riley Foster,20 July 2024,09:53,Warehouse,Structural collapse in dry dock due to improper maintenance.,Dockyard North,Incident,Yes,Trip hazard fall resulting in bruising
Charlie Walker,Harper Robinson,14 June 2024,11:33,Legal,forklift failure caused electrical fire to ship propeller.,Dry Dock 1,Incident,Yes,Hearing damage from loud machinery
Drew Bennett,Rowan Smith,04 August 2025,18:22,Quality Assurance,Oil spill contaminated dock area.,Maintenance Shed,Incident,Yes,Dislocated shoulder during equipment maintenance
Elliot Ward,Spencer Murray,12 January 2024,21:52,Dockyard Operations,crane failure caused a steel beam to drop to dry dock floor.,Engineering Workshop,Incident,Yes,Electric shock from faulty wiring
Chris Pearson,Cameron Sullivan,27 July 2025,17:12,Fleet Management,Structural collapse in pier due to overload.,Fleet Garage,Incident,Yes,Back strain from improper lifting
Casey Fisher,Chris Holmes,10 December 2024,13:49,Engineering,Structural collapse in dry dock due to overload.,Office - Admin Block,Incident,Yes,Minor cuts and bruises
Quinn Bennett,Skyler Hughes,28 December 2024,23:12,Quality Assurance,Oil spill contaminated dock area.,Dockyard North,Incident,Yes,Fractured ankle due to fall from scaffolding
Jamie Kennedy,Sydney Murphy,30 July 2024,02:07,Research & Development,grinder failure caused electrical fire to storage area.,Fleet Garage,Incident,Yes,Smoke inhalation from fire in electrical bay
Sydney Kennedy,Sydney Morgan,08 January 2024,14:30,Engineering,grinder failure caused a fuel leak to ship propeller.,Fuel Depot,Incident,Yes,Laceration from sharp metal panel
Sydney Davis,Blake Murray,29 May 2024,09:55,Engineering,Structural collapse in shipyard warehouse due to overload.,Dry Dock 2,Incident,Yes,Hearing damage from loud machinery
Blake Davis,Kai Clark,07 February 2025,10:59,Procurement,crane failure caused a fuel leak to ship propeller.,Office - Admin Block,Incident,Yes,Fractured ankle due to fall from scaffolding
Sawyer Graham,Avery Mitchell,23 May 2025,23:02,Fleet Management,crane failure caused a fuel leak to dry dock floor.,Cafeteria,Incident,Yes,Smoke inhalation from fire in electrical bay
Skyler Bennett,Cameron West,01 October 2024,23:13,Security,Oil spill contaminated engine room.,IT Server Room,Incident,Yes,Dislocated shoulder during equipment maintenance
Cameron Allen,Jamie Davis,03 January 2025,16:15,IT,Chemicals spill contaminated dock area.,Tool Crib,Incident,Yes,Burn from hot welding equipment
Charlie Murray,Sydney Davis,27 February 2024,09:59,IT,Oil spill contaminated engine room.,Paint Shop,Incident,Yes,Foreign object in eye from grinding debris
Charlie Brown,Elliot Payne,13 June 2024,04:26,Engineering,Hydraulic fluid spill contaminated dock area.,Electrical Bay,Incident,Yes,Severe abrasion from slip on deck
Jordan Lee,Logan Ward,10 March 2024,12:20,IT,Structural collapse in shipyard warehouse due to improper maintenance.,Paint Shop,Incident,Yes,Chemical burn from solvent exposure
Peyton Brown,Alex West,26 February 2025,03:18,HR,Structural collapse in dry dock due to improper maintenance.,Fleet Garage,Incident,Yes,Dislocated shoulder during equipment maintenance
Taylor Walker,Jordan Bailey,09 July 2024,04:34,Dockyard Operations,Structural collapse in dry dock due to improper maintenance.,Electrical Bay,Incident,Yes,Laceration from sharp metal panel
Riley Smith,Peyton Holmes,25 January 2025,20:19,Environmental Services,Chemicals spill contaminated dock area.,Dockyard North,Incident,Yes,Minor cuts and bruises
Jamie Murphy,Taylor Reed,02 May 2025,04:16,Operations,crane failure caused electrical fire to ship propeller.,Fuel Depot,Incident,Yes,Hearing damage from loud machinery
Taylor Ward,Rowan Bennett,19 January 2024,16:01,Environmental Services,forklift failure caused electrical fire to ship propeller.,Maintenance Shed,Incident,Yes,Severe abrasion from slip on deck
Frankie Brown,Frankie Payne,26 February 2025,06:32,Research & Development,Structural collapse in shipyard warehouse due to improper maintenance.,Dockyard North,Incident,Yes,Dislocated shoulder during equipment maintenance
Drew Murphy,Riley Parker,21 March 2024,12:54,Logistics,grinder failure caused a steel beam to drop to dry dock floor.,Maintenance Shed,Incident,Yes,Compressed air injury during maintenance
Kai Lee,Jordan Cooper,23 June 2024,23:34,Dockyard Operations,Hydraulic fluid spill contaminated dock area.,Dockyard South,Incident,Yes,Laceration from sharp metal panel
Avery Murphy,Alex Bailey,26 August 2024,13:32,Engineering,Structural collapse in dry dock due to overload.,Dockyard South,Incident,Yes,Hearing damage from loud machinery
Cameron Allen,Reese Ward,05 May 2024,06:46,Ship Maintenance,crane failure caused a fuel leak to dry dock floor.,Fuel Depot,Incident,Yes,Eye irritation from chemical fumes
Morgan Walker,Sawyer Morgan,17 August 2024,21:54,Health & Safety,forklift failure caused a steel beam to drop to dry dock floor.,Dockyard North,Incident,Yes,Electric shock from faulty wiring
Drew Murray,Drew Morgan,13 June 2024,00:52,Health & Safety,forklift failure caused a steel beam to drop to ship propeller.,Shipyard Pier,Incident,Yes,Smoke inhalation from fire in electrical bay
Elliot Payne,Elliot West,07 August 2024,12:59,Operations,forklift failure caused electrical fire to storage area.,Dockyard South,Incident,Yes,Smoke inhalation from fire in electrical bay
Skyler Lewis,Logan Davis,16 March 2024,23:17,Customer Service,Hydraulic fluid spill contaminated dock area.,Tool Crib,Incident,Yes,Minor cuts and bruises
Taylor Foster,Cameron Robinson,15 April 2024,12:46,IT,Structural collapse in shipyard warehouse due to improper maintenance.,Fleet Garage,Incident,Yes,Severe abrasion from slip on deck
Frankie Cooper,Quinn Davis,18 February 2024,20:36,Legal,Oil spill contaminated engine room.,Dockyard North,Incident,Yes,Smoke inhalation from fire in electrical bay
Reese Hughes,Riley Parker,28 February 2024,17:06,Finance,grinder failure caused a fuel leak to dry dock floor.,Reception Area,Incident,Yes,Laceration from sharp metal panel
Harper Walker,Riley Sullivan,01 February 2024,07:15,Logistics,Structural collapse in shipyard warehouse due to improper maintenance.,Warehouse B,Incident,Yes,Chemical burn from solvent exposure
Rowan Payne,Spencer Hughes,26 January 2025,06:30,Engineering,Oil spill contaminated engine room.,Fleet Garage,Incident,Yes,Compressed air injury during maintenance
Kai Robinson,Rowan West,04 November 2024,07:58,HR,Hydraulic fluid spill contaminated engine room.,Cafeteria,Incident,Yes,Foreign object in eye from grinding debris
Morgan Murray,Elliot Ward,27 May 2024,05:55,Communications,Oil spill contaminated engine room.,Cafeteria,Incident,Yes,Severe abrasion from slip on deck
Harper Reed,Sawyer Foster,14 May 2024,22:24,Health & Safety,Structural collapse in shipyard warehouse due to overload.,Maintenance Shed,Incident,Yes,Burn from hot welding equipment
Sydney Allen,Jesse Robinson,30 October 2024,04:12,Legal,Chemicals spill contaminated engine room.,Paint Shop,Incident,Yes,Burn from hot welding equipment
Emerson Allen,Charlie Robinson,01 April 2025,03:28,Logistics,Chemicals spill contaminated paint shop.,Electrical Bay,Incident,Yes,Laceration from sharp metal panel
Sawyer Hughes,Rowan Hughes,24 May 2024,16:28,Health & Safety,Hydraulic fluid spill contaminated engine room.,Training Room,Incident,Yes,Electric shock from faulty wiring
Morgan Murray,Jesse Johnson,09 February 2024,13:25,Fleet Management,Structural collapse in dry dock due to overload.,Maintenance Shed,Incident,Yes,Puncture wound from misplaced tool
Sydney Parker,Jordan Hughes,08 February 2025,10:01,Customer Service,Hydraulic fluid spill contaminated dock area.,Dockyard South,Incident,Yes,Heat exhaustion from prolonged outdoor work
Drew Reed,Frankie Lee,12 April 2024,18:29,Research & Development,Structural collapse in shipyard warehouse due to improper maintenance.,Paint Shop,Incident,Yes,Fractured ankle due to fall from scaffolding
Logan Hughes,Dakota Cooper,28 February 2025,04:55,Engineering,forklift failure caused a fuel leak to storage area.,Cafeteria,Incident,Yes,Compressed air injury during maintenance
Taylor Bennett,Emerson Payne,27 November 2024,05:25,Communications,Structural collapse in pier due to overload.,Warehouse A,Incident,Yes,Electric shock from faulty wiring
Reese West,Drew Clark,23 January 2025,01:43,Training & Development,Hydraulic fluid spill contaminated paint shop.,IT Server Room,Incident,Yes,Fractured ankle due to fall from scaffolding
Reese Pearson,Cameron Reed,15 December 2024,19:05,HR,Chemicals spill contaminated dock area.,Fleet Garage,Incident,Yes,Heat exhaustion from prolonged outdoor work
Jamie Murphy,Avery Graham,15 August 2025,16:09,Facilities,Oil spill contaminated dock area.,Cafeteria,Incident,Yes,Heat exhaustion from prolonged outdoor work
Chris Bailey,Morgan Pearson,14 February 2024,21:27,Fleet Management,crane failure caused a fuel leak to storage area.,Dry Dock 2,Incident,Yes,Hearing damage from loud machinery
Skyler Walker,Blake Mitchell,04 April 2024,01:26,Engineering,Structural collapse in dry dock due to overload.,Dry Dock 2,Incident,Yes,Dislocated shoulder during equipment maintenance
Charlie Graham,Morgan Graham,29 May 2024,19:00,IT,Oil spill contaminated paint shop.,Cafeteria,Incident,Yes,Crush injury to hand from hydraulic press
Peyton Holmes,Finley Hughes,10 February 2025,02:21,Legal,Oil spill contaminated engine room.,Reception Area,Incident,Yes,Trip hazard fall resulting in bruising
Reese Fisher,Charlie Brown,05 December 2024,16:00,Legal,Structural collapse in dry dock due to overload.,Tool Crib,Incident,Yes,Fractured ankle due to fall from scaffolding
Peyton Brown,Jesse Lee,07 January 2024,02:50,HR,Oil spill contaminated engine room.,Shipyard Pier,Incident,Yes,Severe abrasion from slip on deck
Elliot Smith,Morgan Davis,01 April 2024,09:56,Facilities,Oil spill contaminated paint shop.,IT Server Room,Incident,Yes,Concussion from falling object
Blake Parker,Finley Murphy,22 May 2025,16:55,Facilities,Structural collapse in dry dock due to overload.,IT Server Room,Incident,Yes,Foreign object in eye from grinding debris
Morgan Holmes,Casey Foster,31 January 2024,01:04,Environmental Services,Structural collapse in pier due to overload.,IT Server Room,Incident,Yes,Laceration from sharp metal panel
Avery Bennett,Logan Smith,29 January 2024,03:00,Warehouse,Chemicals spill contaminated engine room.,Fleet Garage,Incident,Yes,Heat exhaustion from prolonged outdoor work
Jesse Smith,Alex Cooper,18 June 2025,01:20,Customer Service,forklift failure caused a steel beam to drop to dry dock floor.,Dry Dock 2,Incident,Yes,Foreign object in eye from grinding debris
Rowan Payne,Elliot Morgan,01 October 2024,11:36,Environmental Services,crane failure caused a steel beam to drop to dry dock floor.,Engineering Workshop,Incident,Yes,Puncture wound from misplaced tool
Sydney Hughes,Charlie Clark,17 September 2024,16:26,Fleet Management,Oil spill contaminated dock area.,Cafeteria,Incident,Yes,Fractured ankle due to fall from scaffolding
Logan Mitchell,Chris Robinson,06 March 2025,13:32,Warehouse,grinder failure caused electrical fire to storage area.,Paint Shop,Incident,Yes,Electric shock from faulty wiring
Reese Holmes,Reese Murphy,23 January 2024,21:04,Facilities,Oil spill contaminated dock area.,Maintenance Shed,Incident,Yes,Electric shock from faulty wiring
Elliot Foster,Logan Robinson,01 July 2024,10:43,Facilities,grinder failure caused a fuel leak to dry dock floor.,Engineering Workshop,Incident,Yes,Compressed air injury during maintenance
Emerson Fisher,Cameron Mitchell,14 April 2024,17:03,Dockyard Operations,Structural collapse in pier due to overload.,IT Server Room,Incident,Yes,Dislocated shoulder during equipment maintenance
Chris Walker,Charlie Kennedy,07 June 2024,13:04,HR,Structural collapse in dry dock due to improper maintenance.,Main Gate Security,Incident,Yes,Hearing damage from loud machinery
Spencer Kennedy,Charlie Holmes,27 December 2024,18:50,Procurement,Chemicals spill contaminated engine room.,Engineering Workshop,Incident,Yes,Compressed air injury during maintenance
Jordan Holmes,Quinn Walker,26 January 2024,00:48,Fleet Management,Hydraulic fluid spill contaminated paint shop.,Engineering Workshop,Incident,Yes,Concussion from falling object
Skyler Bailey,Sydney Lee,06 September 2024,21:48,Communications,Structural collapse in shipyard warehouse due to improper maintenance.,IT Server Room,Incident,Yes,Crush injury to hand from hydraulic press
Sydney West,Casey West,23 February 2025,23:28,Training & Development,crane failure caused electrical fire to storage area.,Warehouse B,Incident,Yes,Burn from hot welding equipment
Blake Parker,Spencer Davis,14 July 2024,03:15,Fleet Management,Structural collapse in pier due to overload.,Training Room,Incident,Yes,Fractured ankle due to fall from scaffolding
Jordan Fisher,Harper Smith,13 January 2025,07:13,Operations,Hydraulic fluid spill contaminated dock area.,Shipyard Pier,Incident,Yes,Smoke inhalation from fire in electrical bay
Blake Hughes,Blake Mitchell,22 November 2024,09:50,Logistics,Chemicals spill contaminated paint shop.,Paint Shop,Incident,Yes,Foreign object in eye from grinding debris
Jesse Robinson,Alex Murray,25 April 2024,01:01,Procurement,grinder failure caused electrical fire to dry dock floor.,Warehouse B,Incident,Yes,Compressed air injury during maintenance
Dakota Walker,Harper Hughes,03 June 2025,03:40,Engineering,Chemicals spill contaminated dock area.,Dry Dock 1,Incident,Yes,Hearing damage from loud machinery
Dakota Foster,Jamie Murray,08 February 2025,18:19,Warehouse,Oil spill contaminated dock area.,Paint Shop,Incident,Yes,Heat exhaustion from prolonged outdoor work
Emerson Fisher,Spencer Graham,25 August 2024,10:43,Legal,Structural collapse in pier due to improper maintenance.,Fuel Depot,Incident,Yes,Back strain from improper lifting
Sawyer Cooper,Cameron Mitchell,15 January 2024,22:57,Engineering,Oil spill contaminated dock area.,Warehouse B,Incident,Yes,Back strain from improper lifting
Blake Kennedy,Emerson Parker,13 March 2024,09:33,Legal,crane failure caused a fuel leak to storage area.,Paint Shop,Incident,Yes,Dislocated shoulder during equipment maintenance
Alex Parker,Jordan Parker,21 May 2025,15:38,Communications,Chemicals spill contaminated paint shop.,Paint Shop,Incident,Yes,Minor cuts and bruises
Blake Fisher,Emerson Reed,27 August 2024,07:55,Communications,Structural collapse in pier due to improper maintenance.,Tool Crib,Incident,Yes,Dislocated shoulder during equipment maintenance
Drew Lewis,Rowan Hughes,16 January 2025,18:07,Legal,Structural collapse in shipyard warehouse due to improper maintenance.,Fuel Depot,Incident,Yes,Concussion from falling object
Chris Johnson,Finley Bennett,15 August 2025,03:35,Operations,Oil spill contaminated engine room.,Reception Area,Incident,Yes,Fractured ankle due to fall from scaffolding
Peyton Morgan,Spencer Holmes,31 March 2025,06:12,Security,Hydraulic fluid spill contaminated dock area.,Warehouse A,Incident,Yes,Trip hazard fall resulting in bruising
Casey Sullivan,Peyton Smith,12 April 2025,10:41,Health & Safety,Structural collapse in pier due to corrosion.,Dockyard South,Incident,Yes,Dislocated shoulder during equipment maintenance
Chris Murphy,Rowan Murray,22 February 2025,20:51,Security,Hydraulic fluid spill contaminated engine room.,Dockyard South,Incident,Yes,Concussion from falling object
Quinn Walker,Spencer Murphy,30 July 2025,12:02,IT,Structural collapse in dry dock due to improper maintenance.,IT Server Room,Incident,Yes,Minor cuts and bruises
Rowan Kennedy,Chris Fisher,23 April 2025,06:45,Logistics,Structural collapse in dry dock due to overload.,Reception Area,Incident,Yes,Hearing damage from loud machinery
Rowan Parker,Kai Payne,20 January 2025,05:51,Research & Development,Structural collapse in pier due to corrosion.,Warehouse A,Incident,Yes,Concussion from falling object
Logan Bailey,Quinn Holmes,23 August 2024,09:58,Procurement,forklift failure caused a fuel leak to dry dock floor.,Warehouse B,Incident,Yes,Fractured ankle due to fall from scaffolding
Riley Reed,Elliot Lee,02 September 2024,06:32,Ship Maintenance,Structural collapse in pier due to overload.,Engineering Workshop,Incident,Yes,Burn from hot welding equipment
Dakota Morgan,Peyton Foster,02 October 2024,20:41,Procurement,Structural collapse in pier due to improper maintenance.,Tool Crib,Incident,Yes,Puncture wound from misplaced tool
Blake Graham,Sawyer Hughes,15 November 2024,03:19,Quality Assurance,Structural collapse in shipyard warehouse due to corrosion.,Dry Dock 1,Incident,Yes,Heat exhaustion from prolonged outdoor work
Sydney Foster,Elliot Walker,17 June 2024,14:00,Fleet Management,crane failure caused a fuel leak to storage area.,Warehouse B,Incident,Yes,Compressed air injury during maintenance
Kai Holmes,Logan West,02 May 2025,04:30,Warehouse,Chemicals spill contaminated engine room.,Engineering Workshop,Incident,Yes,Puncture wound from misplaced tool
Cameron Davis,Dakota Johnson,16 October 2024,01:48,Ship Maintenance,Hydraulic fluid spill contaminated engine room.,Tool Crib,Incident,Yes,Hearing damage from loud machinery
Cameron Payne,Kai Mitchell,07 April 2025,00:32,Quality Assurance,forklift failure caused a steel beam to drop to storage area.,Shipyard Pier,Incident,Yes,Fractured ankle due to fall from scaffolding
Peyton Bailey,Charlie Clark,02 April 2025,20:25,Warehouse,Hydraulic fluid spill contaminated paint shop.,Engineering Workshop,Incident,Yes,Dislocated shoulder during equipment maintenance
Quinn Allen,Blake Reed,26 March 2024,01:00,Legal,Oil spill contaminated engine room.,IT Server Room,Incident,Yes,Puncture wound from misplaced tool
Taylor Reed,Spencer Payne,14 April 2025,01:06,Finance,grinder failure caused a steel beam to drop to dry dock floor.,Warehouse A,Incident,Yes,Eye irritation from chemical fumes
Drew Sullivan,Alex Johnson,12 August 2024,20:05,Health & Safety,Structural collapse in pier due to corrosion.,Engineering Workshop,Incident,Yes,Eye irritation from chemical fumes
Riley Robinson,Finley Kennedy,06 August 2024,08:26,Environmental Services,Chemicals spill contaminated paint shop.,Main Gate Security,Incident,Yes,Heat exhaustion from prolonged outdoor work
Avery Bailey,Avery Morgan,07 January 2024,18:18,Operations,Chemicals spill contaminated engine room.,Training Room,Incident,Yes,Chemical burn from solvent exposure
Drew Reed,Emerson Kennedy,23 April 2025,20:49,IT,Hydraulic fluid spill contaminated engine room.,Dockyard South,Incident,Yes,Concussion from falling object
Logan Fisher,Rowan Ward,01 June 2024,21:24,Customer Service,grinder failure caused a steel beam to drop to dry dock floor.,Dry Dock 1,Incident,Yes,Crush injury to hand from hydraulic press
Jesse Foster,Emerson Robinson,04 August 2025,02:38,Facilities,Hydraulic fluid spill contaminated engine room.,Reception Area,Incident,Yes,Fractured wrist from fall on wet surface
Finley Fisher,Jesse West,06 July 2025,12:47,Health & Safety,crane failure caused electrical fire to ship propeller.,Tool Crib,Incident,Yes,Heat exhaustion from prolonged outdoor work
Logan Walker,Jesse Cooper,05 January 2025,06:08,IT,Oil spill contaminated engine room.,Cafeteria,Incident,Yes,Back strain from improper lifting
Riley Kennedy,Chris Mitchell,31 January 2025,02:36,Ship Maintenance,Oil spill contaminated dock area.,Paint Shop,Incident,Yes,Burn from hot welding equipment
Rowan West,Riley Parker,09 January 2024,21:31,Communications,Structural collapse in shipyard warehouse due to corrosion.,Fleet Garage,Incident,Yes,Fractured wrist from fall on wet surface
Emerson Pearson,Logan Foster,15 August 2025,03:03,Training & Development,Hydraulic fluid spill contaminated paint shop.,Fleet Garage,Incident,Yes,Compressed air injury during maintenance
Taylor Cooper,Reese Murphy,18 December 2024,04:30,Environmental Services,Oil spill contaminated dock area.,Paint Shop,Incident,Yes,Hearing damage from loud machinery
Drew Davis,Alex Brown,28 May 2024,05:05,Quality Assurance,grinder failure caused a fuel leak to ship propeller.,Reception Area,Incident,Yes,Dislocated shoulder during equipment maintenance
Jamie Murphy,Jesse Lewis,25 January 2024,03:07,Customer Service,forklift failure caused electrical fire to dry dock floor.,Electrical Bay,Incident,Yes,Fractured ankle due to fall from scaffolding
Jamie West,Sydney Holmes,29 August 2024,17:42,Ship Maintenance,forklift failure caused electrical fire to ship propeller.,Tool Crib,Incident,Yes,Severe abrasion from slip on deck
Dakota Kennedy,Cameron Murphy,01 May 2024,02:46,Fleet Management,Chemicals spill contaminated paint shop.,Maintenance Shed,Incident,Yes,Crush injury to hand from hydraulic press
Spencer Foster,Harper Lee,20 April 2025,17:01,Operations,grinder failure caused electrical fire to dry dock floor.,Main Gate Security,Incident,Yes,Burn from hot welding equipment
Finley Allen,Kai Pearson,31 January 2025,04:13,Training & Development,crane failure caused electrical fire to storage area.,Fuel Depot,Incident,Yes,Severe abrasion from slip on deck
Rowan Johnson,Dakota Kennedy,09 May 2024,10:29,Facilities,crane failure caused a fuel leak to dry dock floor.,Maintenance Shed,Incident,Yes,Back strain from improper lifting
Jamie West,Logan Foster,29 July 2024,22:26,Environmental Services,Oil spill contaminated dock area.,Reception Area,Incident,Yes,Hearing damage from loud machinery
Frankie Murray,Dakota Foster,21 May 2025,13:15,Research & Development,Structural collapse in dry dock due to corrosion.,Warehouse B,Incident,Yes,Trip hazard fall resulting in bruising
Avery Mitchell,Spencer Pearson,16 August 2024,12:41,Training & Development,Chemicals spill contaminated dock area.,Engineering Workshop,Incident,Yes,Severe abrasion from slip on deck
Charlie Mitchell,Emerson Foster,10 May 2025,02:03,Communications,grinder failure caused electrical fire to storage area.,Cafeteria,Incident,Yes,Trip hazard fall resulting in bruising
Quinn Lee,Sawyer Allen,05 December 2024,23:16,IT,Structural collapse in shipyard warehouse due to overload.,Paint Shop,Incident,Yes,Crush injury to hand from hydraulic press
Spencer Lewis,Taylor Kennedy,09 July 2024,11:02,Finance,forklift failure caused a steel beam to drop to storage area.,Electrical Bay,Incident,Yes,Dislocated shoulder during equipment maintenance
Spencer Morgan,Riley Reed,09 January 2025,02:42,Health & Safety,Structural collapse in shipyard warehouse due to corrosion.,Dry Dock 1,Incident,Yes,Compressed air injury during maintenance
Peyton Murray,Casey Bennett,06 March 2025,16:46,Operations,Structural collapse in shipyard warehouse due to corrosion.,Tool Crib,Incident,Yes,Minor cuts and bruises
Sawyer Robinson,Chris Brown,28 January 2025,10:11,HR,Chemicals spill contaminated engine room.,Maintenance Shed,Incident,Yes,Minor cuts and bruises
Casey Kennedy,Emerson Mitchell,16 April 2024,08:49,Legal,Oil spill contaminated dock area.,Dry Dock 1,Incident,Yes,Fractured ankle due to fall from scaffolding
Casey Johnson,Harper Reed,27 February 2025,03:36,Health & Safety,Chemicals spill contaminated dock area.,Dry Dock 1,Incident,Yes,Burn from hot welding equipment
Chris Graham,Blake Mitchell,14 February 2025,05:36,Health & Safety,Oil spill contaminated engine room.,Warehouse A,Incident,Yes,Burn from hot welding equipment
Drew Payne,Kai Murphy,28 June 2024,00:51,Environmental Services,grinder failure caused a steel beam to drop to dry dock floor.,Engineering Workshop,Incident,Yes,Concussion from falling object
Charlie Allen,Cameron West,11 April 2025,08:39,Quality Assurance,Structural collapse in shipyard warehouse due to corrosion.,Main Gate Security,Incident,Yes,Laceration from sharp metal panel
Harper Fisher,Drew Lee,27 July 2024,00:23,Quality Assurance,Structural collapse in pier due to overload.,Fuel Depot,Incident,Yes,Puncture wound from misplaced tool
Casey Morgan,Quinn Lewis,08 May 2025,07:11,Customer Service,Structural collapse in pier due to improper maintenance.,Dry Dock 2,Incident,Yes,Chemical burn from solvent exposure
Reese Foster,Avery Cooper,29 September 2024,11:03,Warehouse,Structural collapse in dry dock due to corrosion.,Maintenance Shed,Incident,Yes,Smoke inhalation from fire in electrical bay
Spencer Brown,Frankie Sullivan,09 June 2025,09:38,Operations,crane failure caused a fuel leak to dry dock floor.,Paint Shop,Incident,Yes,Burn from hot welding equipment
Peyton Brown,Jamie Graham,22 May 2024,01:46,Legal,crane failure caused a steel beam to drop to ship propeller.,Fleet Garage,Incident,Yes,Smoke inhalation from fire in electrical bay
Rowan Holmes,Jesse Cooper,26 February 2025,09:21,Dockyard Operations,Chemicals spill contaminated paint shop.,Electrical Bay,Incident,Yes,Back strain from improper lifting
Spencer Bennett,Chris Murray,19 February 2025,12:13,Health & Safety,Structural collapse in pier due to corrosion.,Warehouse A,Incident,Yes,Eye irritation from chemical fumes
Elliot Ward,Spencer Johnson,26 March 2025,21:10,Fleet Management,Oil spill contaminated engine room.,Tool Crib,Incident,Yes,Compressed air injury during maintenance
Morgan Fisher,Avery Lee,06 September 2024,12:52,Warehouse,Hydraulic fluid spill contaminated paint shop.,Cafeteria,Incident,Yes,Eye irritation from chemical fumes
Frankie Bennett,Charlie Cooper,31 May 2025,00:13,Procurement,Structural collapse in pier due to overload.,Cafeteria,Incident,Yes,Puncture wound from misplaced tool
Chris Bailey,Spencer Murphy,23 April 2024,14:57,Facilities,Structural collapse in shipyard warehouse due to corrosion.,Paint Shop,Incident,Yes,Back strain from improper lifting
Sawyer Morgan,Avery Clark,04 February 2025,03:14,Security,forklift failure caused electrical fire to ship propeller.,Cafeteria,Incident,Yes,Compressed air injury during maintenance
Blake Morgan,Alex Walker,27 February 2025,12:57,Operations,Structural collapse in shipyard warehouse due to improper maintenance.,Paint Shop,Incident,Yes,Foreign object in eye from grinding debris
Charlie Bennett,Taylor Payne,22 May 2025,08:26,Dockyard Operations,Chemicals spill contaminated paint shop.,Main Gate Security,Incident,Yes,Eye irritation from chemical fumes
Morgan Fisher,Emerson Davis,08 August 2024,07:11,Dockyard Operations,Hydraulic fluid spill contaminated engine room.,Shipyard Pier,Incident,Yes,Dislocated shoulder during equipment maintenance
Casey Bennett,Rowan Payne,27 May 2024,14:02,Operations,Structural collapse in dry dock due to improper maintenance.,Electrical Bay,Incident,Yes,Foreign object in eye from grinding debris
Jordan Hughes,Sawyer Ward,11 May 2025,15:36,Fleet Management,crane failure caused a fuel leak to storage area.,Main Gate Security,Incident,Yes,Laceration from sharp metal panel
Emerson Ward,Jamie Robinson,20 July 2025,01:20,Customer Service,grinder failure caused a fuel leak to ship propeller.,Dry Dock 1,Incident,Yes,Chemical burn from solvent exposure
Elliot Johnson,Logan Smith,06 July 2024,08:46,Security,Hydraulic fluid spill contaminated paint shop.,Warehouse B,Incident,Yes,Back strain from improper lifting
Kai Graham,Reese West,03 November 2024,14:19,Warehouse,crane failure caused electrical fire to dry dock floor.,Dry Dock 2,Incident,Yes,Smoke inhalation from fire in electrical bay
Avery Parker,Drew Ward,11 December 2024,09:43,HR,Structural collapse in shipyard warehouse due to overload.,Engineering Workshop,Incident,Yes,Hearing damage from loud machinery
Harper Allen,Jesse Davis,25 June 2024,19:37,Finance,grinder failure caused electrical fire to ship propeller.,Engineering Workshop,Incident,Yes,Eye irritation from chemical fumes
Emerson Clark,Charlie West,17 May 2024,10:59,Health & Safety,Oil spill contaminated engine room.,IT Server Room,Incident,Yes,Heat exhaustion from prolonged outdoor work
Alex Hughes,Elliot Reed,25 November 2024,20:52,Dockyard Operations,Structural collapse in dry dock due to corrosion.,Main Gate Security,Incident,Yes,Concussion from falling object
Sawyer Sullivan,Elliot Lee,23 September 2024,10:32,HR,Chemicals spill contaminated dock area.,Dockyard North,Incident,Yes,Minor cuts and bruises
Jesse Walker,Finley Morgan,19 August 2024,09:13,HR,Structural collapse in shipyard warehouse due to improper maintenance.,Maintenance Shed,Incident,Yes,Crush injury to hand from hydraulic press
Cameron Sullivan,Jordan Smith,01 August 2024,09:37,Procurement,Chemicals spill contaminated paint shop.,Training Room,Incident,Yes,Foreign object in eye from grinding debris
Jordan Graham,Drew Morgan,23 October 2024,21:01,Security,Structural collapse in dry dock due to corrosion.,Dockyard South,Incident,Yes,Dislocated shoulder during equipment maintenance
Taylor Hughes,Sawyer Hughes,12 April 2024,08:19,Quality Assurance,Structural collapse in pier due to corrosion.,Shipyard Pier,Incident,Yes,Heat exhaustion from prolonged outdoor work
Charlie Davis,Rowan Reed,05 January 2024,01:58,Dockyard Operations,Structural collapse in shipyard warehouse due to corrosion.,Shipyard Pier,Incident,Yes,Compressed air injury during maintenance
Sydney Davis,Taylor Ward,16 March 2025,06:07,Logistics,forklift failure caused electrical fire to ship propeller.,Dockyard South,Incident,Yes,Heat exhaustion from prolonged outdoor work
Avery Ward,Charlie Allen,20 December 2024,21:19,Training & Development,grinder failure caused a fuel leak to ship propeller.,Warehouse B,Incident,Yes,Laceration from sharp metal panel
Skyler Walker,Alex Ward,04 February 2024,12:30,IT,Chemicals spill contaminated paint shop.,Dockyard South,Incident,Yes,Puncture wound from misplaced tool
Elliot Bailey,Chris Allen,19 June 2025,17:33,Environmental Services,Hydraulic fluid spill contaminated engine room.,Tool Crib,Incident,Yes,Back strain from improper lifting
Drew Lewis,Avery Johnson,24 December 2024,09:33,Engineering,crane failure caused a fuel leak to ship propeller.,Electrical Bay,Incident,Yes,Fractured wrist from fall on wet surface
Reese Pearson,Peyton Payne,03 May 2024,17:26,Security,forklift failure caused a steel beam to drop to storage area.,IT Server Room,Incident,Yes,Heat exhaustion from prolonged outdoor work
Blake Kennedy,Skyler Davis,16 March 2024,03:19,Procurement,forklift failure caused a steel beam to drop to ship propeller.,Dry Dock 1,Incident,Yes,Minor cuts and bruises
Emerson Reed,Skyler Smith,12 August 2025,10:19,Dockyard Operations,Oil spill contaminated engine room.,Warehouse A,Incident,Yes,Dislocated shoulder during equipment maintenance
Jordan Walker,Sawyer Clark,14 January 2024,10:57,Dockyard Operations,grinder failure caused a fuel leak to dry dock floor.,Maintenance Shed,Incident,Yes,Foreign object in eye from grinding debris
Sawyer Davis,Frankie Sullivan,12 November 2024,23:00,IT,Structural collapse in dry dock due to improper maintenance.,Fleet Garage,Incident,Yes,Crush injury to hand from hydraulic press
Morgan Walker,Sydney Lee,12 May 2025,03:33,Warehouse,crane failure caused electrical fire to dry dock floor.,Cafeteria,Incident,Yes,Eye irritation from chemical fumes
Jamie Morgan,Jordan Davis,15 May 2025,05:43,Legal,Structural collapse in pier due to overload.,Dockyard South,Incident,Yes,Chemical burn from solvent exposure
Sawyer Parker,Skyler Walker,16 August 2024,10:00,Legal,forklift failure caused electrical fire to storage area.,Maintenance Shed,Incident,Yes,Laceration from sharp metal panel
Harper Parker,Reese Brown,08 May 2024,05:32,Legal,Structural collapse in pier due to overload.,Tool Crib,Incident,Yes,Trip hazard fall resulting in bruising
Chris Bennett,Dakota Pearson,01 November 2024,04:19,Engineering,grinder failure caused a fuel leak to storage area.,Dry Dock 1,Incident,Yes,Burn from hot welding equipment
Elliot Foster,Kai Sullivan,10 July 2025,22:08,Dockyard Operations,forklift failure caused a fuel leak to ship propeller.,Shipyard Pier,Incident,Yes,Fractured wrist from fall on wet surface
Riley Murphy,Chris Reed,02 October 2024,06:02,Finance,Structural collapse in pier due to improper maintenance.,Paint Shop,Incident,Yes,Puncture wound from misplaced tool
Jamie Hughes,Chris Sullivan,18 October 2024,07:22,Finance,Structural collapse in pier due to overload.,Office - Admin Block,Incident,Yes,Hearing damage from loud machinery
Emerson Mitchell,Spencer Fisher,07 March 2024,02:11,IT,Structural collapse in pier due to overload.,Cafeteria,Incident,Yes,Trip hazard fall resulting in bruising
Peyton West,Emerson Murphy,01 June 2025,05:50,IT,Chemicals spill contaminated dock area.,Fleet Garage,Incident,Yes,Electric shock from faulty wiring
Jordan Holmes,Riley Sullivan,27 January 2024,11:57,Ship Maintenance,forklift failure caused electrical fire to storage area.,Dockyard North,Incident,Yes,Back strain from improper lifting
Sydney Allen,Cameron Allen,01 February 2024,18:52,IT,Oil spill contaminated paint shop.,Dry Dock 2,Incident,Yes,Puncture wound from misplaced tool
Frankie Johnson,Drew Cooper,15 February 2024,02:42,Facilities,Structural collapse in shipyard warehouse due to corrosion.,Paint Shop,Incident,Yes,Chemical burn from solvent exposure
Jordan Bailey,Taylor Holmes,04 June 2024,03:15,Procurement,Oil spill contaminated paint shop.,Cafeteria,Incident,Yes,Fractured wrist from fall on wet surface
Reese Smith,Dakota Johnson,11 October 2024,15:30,Logistics,Structural collapse in shipyard warehouse due to corrosion.,Dry Dock 2,Incident,Yes,Heat exhaustion from prolonged outdoor work
Kai Davis,Taylor Cooper,24 October 2024,22:49,Warehouse,Structural collapse in shipyard warehouse due to overload.,IT Server Room,Incident,Yes,Fractured ankle due to fall from scaffolding
Elliot Lee,Emerson Davis,07 September 2024,19:36,Research & Development,Structural collapse in shipyard warehouse due to improper maintenance.,Shipyard Pier,Incident,Yes,Fractured ankle due to fall from scaffolding
Jesse West,Avery Holmes,26 March 2025,23:15,Environmental Services,Oil spill contaminated dock area.,Fuel Depot,Incident,Yes,Dislocated shoulder during equipment maintenance
Harper Payne,Dakota Reed,02 June 2025,10:36,Procurement,Structural collapse in pier due to overload.,Warehouse A,Incident,Yes,Foreign object in eye from grinding debris
Sydney Holmes,Alex Johnson,19 August 2025,09:12,Communications,forklift failure caused a fuel leak to dry dock floor.,Training Room,Incident,Yes,Puncture wound from misplaced tool
Sawyer Parker,Dakota Reed,12 March 2025,19:58,Security,Oil spill contaminated paint shop.,Cafeteria,Incident,Yes,Laceration from sharp metal panel
Morgan Walker,Emerson Reed,16 March 2025,07:01,Facilities,Structural collapse in pier due to improper maintenance.,Main Gate Security,Incident,Yes,Dislocated shoulder during equipment maintenance
Rowan Graham,Harper Lewis,12 June 2024,22:32,Ship Maintenance,Structural collapse in dry dock due to improper maintenance.,Dockyard North,Incident,Yes,Eye irritation from chemical fumes
Morgan Allen,Harper Parker,26 May 2025,10:54,IT,Structural collapse in shipyard warehouse due to improper maintenance.,Cafeteria,Incident,Yes,Concussion from falling object
Spencer Brown,Dakota Mitchell,02 February 2024,17:42,Logistics,Oil spill contaminated engine room.,Office - Admin Block,Incident,Yes,Fractured ankle due to fall from scaffolding
Harper Robinson,Frankie Bennett,06 November 2024,11:15,Procurement,forklift failure caused a steel beam to drop to dry dock floor.,Electrical Bay,Incident,Yes,Heat exhaustion from prolonged outdoor work
Finley Graham,Cameron Kennedy,06 August 2025,17:52,Dockyard Operations,Structural collapse in pier due to improper maintenance.,Reception Area,Incident,Yes,Chemical burn from solvent exposure
Jamie Morgan,Peyton Holmes,15 January 2025,02:47,Logistics,Structural collapse in shipyard warehouse due to improper maintenance.,Main Gate Security,Incident,Yes,Trip hazard fall resulting in bruising
Spencer Lee,Cameron Parker,19 March 2024,10:18,Operations,crane failure caused a fuel leak to dry dock floor.,Electrical Bay,Incident,Yes,Laceration from sharp metal panel
Finley Pearson,Sawyer Robinson,20 December 2024,17:50,HR,Structural collapse in shipyard warehouse due to overload.,Paint Shop,Incident,Yes,Chemical burn from solvent exposure
Avery Pearson,Morgan Graham,16 May 2025,20:59,Environmental Services,Oil spill contaminated engine room.,Electrical Bay,Incident,Yes,Foreign object in eye from grinding debris
Avery Smith,Morgan Foster,09 March 2025,07:51,HR,Structural collapse in pier due to overload.,Shipyard Pier,Incident,Yes,Severe abrasion from slip on deck
Jamie Davis,Blake Hughes,23 October 2024,00:15,Facilities,Structural collapse in pier due to improper maintenance.,Electrical Bay,Incident,Yes,Crush injury to hand from hydraulic press
Jamie Robinson,Frankie Johnson,05 August 2024,22:48,Procurement,Hydraulic fluid spill contaminated paint shop.,IT Server Room,Incident,Yes,Crush injury to hand from hydraulic press
Jordan Mitchell,Kai Payne,25 April 2024,09:23,HR,Oil spill contaminated paint shop.,Electrical Bay,Incident,Yes,Puncture wound from misplaced tool
Avery Robinson,Spencer Allen,04 January 2025,02:52,HR,forklift failure caused a steel beam to drop to storage area.,Fuel Depot,Incident,Yes,Electric shock from faulty wiring
Frankie Lewis,Quinn Lewis,28 November 2024,00:05,Finance,Oil spill contaminated dock area.,Dry Dock 2,Incident,Yes,Eye irritation from chemical fumes
Charlie Ward,Harper Mitchell,26 March 2025,04:56,Communications,Oil spill contaminated dock area.,Maintenance Shed,Incident,Yes,Compressed air injury during maintenance
Alex Johnson,Alex Ward,25 January 2024,06:46,Procurement,forklift failure caused electrical fire to ship propeller.,Fleet Garage,Incident,Yes,Electric shock from faulty wiring
Skyler Lewis,Blake Kennedy,08 June 2025,02:06,Logistics,Structural collapse in pier due to corrosion.,Shipyard Pier,Incident,Yes,Eye irritation from chemical fumes
Harper Davis,Charlie Reed,08 February 2025,12:44,Logistics,Structural collapse in dry dock due to corrosion.,Fuel Depot,Incident,Yes,Heat exhaustion from prolonged outdoor work
Spencer Sullivan,Dakota Johnson,03 May 2025,01:45,HR,Oil spill contaminated engine room.,Warehouse B,Incident,Yes,Chemical burn from solvent exposure
Cameron Clark,Quinn Lewis,03 July 2024,07:13,Fleet Management,Structural collapse in shipyard warehouse due to overload.,Maintenance Shed,Incident,Yes,Chemical burn from solvent exposure
Riley Sullivan,Frankie Kennedy,13 March 2024,11:40,Security,Structural collapse in pier due to improper maintenance.,Dockyard South,Incident,Yes,Minor cuts and bruises
Casey Brown,Frankie Lee,18 July 2025,08:05,Customer Service,Oil spill contaminated dock area.,Maintenance Shed,Incident,Yes,Electric shock from faulty wiring
Logan Morgan,Jordan Pearson,28 May 2024,10:14,Operations,Chemicals spill contaminated engine room.,Main Gate Security,Incident,Yes,Heat exhaustion from prolonged outdoor work
Kai Smith,Kai Kennedy,15 April 2025,20:31,Research & Development,Oil spill contaminated paint shop.,Tool Crib,Incident,Yes,Concussion from falling object
Chris Payne,Sydney Walker,21 June 2024,18:35,Training & Development,grinder failure caused electrical fire to dry dock floor.,Shipyard Pier,Incident,Yes,Smoke inhalation from fire in electrical bay
Avery West,Peyton Fisher,27 November 2024,22:49,Quality Assurance,Chemicals spill contaminated engine room.,Dockyard North,Incident,Yes,Back strain from improper lifting
Chris Smith,Riley Payne,13 January 2025,10:11,Environmental Services,forklift failure caused a steel beam to drop to storage area.,Engineering Workshop,Incident,Yes,Back strain from improper lifting
Drew Foster,Casey Reed,16 September 2024,13:30,Facilities,Chemicals spill contaminated engine room.,Warehouse B,Incident,Yes,Trip hazard fall resulting in bruising
Sawyer Hughes,Cameron Murphy,07 July 2025,03:35,Engineering,Structural collapse in shipyard warehouse due to overload.,Warehouse A,Incident,Yes,Burn from hot welding equipment
Avery Sullivan,Dakota Lee,05 March 2024,07:02,Engineering,Structural collapse in dry dock due to corrosion.,Dry Dock 1,Incident,Yes,Foreign object in eye from grinding debris
Riley West,Frankie Kennedy,19 March 2025,05:54,Finance,Chemicals spill contaminated dock area.,Shipyard Pier,Incident,Yes,Dislocated shoulder during equipment maintenance
Cameron Brown,Jordan Foster,03 April 2024,11:13,Warehouse,crane failure caused a fuel leak to ship propeller.,Dockyard South,Incident,Yes,Hearing damage from loud machinery
Blake Graham,Harper Holmes,16 October 2024,06:15,Engineering,crane failure caused electrical fire to ship propeller.,Shipyard Pier,Incident,Yes,Fractured ankle due to fall from scaffolding
Sydney Morgan,Rowan Mitchell,01 March 2025,10:20,Legal,Structural collapse in shipyard warehouse due to improper maintenance.,Dry Dock 1,Incident,Yes,Electric shock from faulty wiring
Jordan Walker,Harper Davis,05 April 2025,11:17,HR,forklift failure caused a fuel leak to dry dock floor.,Maintenance Shed,Incident,Yes,Heat exhaustion from prolonged outdoor work
Finley Sullivan,Dakota Fisher,05 March 2024,08:26,HR,Chemicals spill contaminated dock area.,Dockyard South,Incident,Yes,Minor cuts and bruises
Reese Robinson,Spencer Fisher,05 October 2024,08:49,Procurement,Structural collapse in shipyard warehouse due to improper maintenance.,Paint Shop,Incident,Yes,Crush injury to hand from hydraulic press
Finley Bailey,Alex Kennedy,24 December 2024,13:43,Research & Development,Oil spill contaminated engine room.,Fleet Garage,Incident,Yes,Electric shock from faulty wiring
Logan Walker,Jesse West,08 September 2024,09:44,Warehouse,Oil spill contaminated dock area.,Tool Crib,Incident,Yes,Puncture wound from misplaced tool
Finley Johnson,Jamie Morgan,22 July 2024,15:41,Ship Maintenance,grinder failure caused electrical fire to ship propeller.,Dockyard South,Incident,Yes,Severe abrasion from slip on deck
Blake Johnson,Charlie Cooper,20 July 2025,23:08,Facilities,Structural collapse in shipyard warehouse due to improper maintenance.,Dry Dock 2,Incident,Yes,Burn from hot welding equipment
Charlie Clark,Logan Lee,20 April 2024,14:15,Ship Maintenance,crane failure caused electrical fire to storage area.,Dry Dock 1,Incident,Yes,Puncture wound from misplaced tool
Jesse Holmes,Taylor Murray,06 February 2024,22:48,Finance,Structural collapse in dry dock due to overload.,Shipyard Pier,Incident,Yes,Fractured wrist from fall on wet surface
Frankie Kennedy,Jordan Johnson,27 April 2025,16:13,Facilities,Structural collapse in pier due to overload.,Electrical Bay,Incident,Yes,Fractured wrist from fall on wet surface
Spencer Payne,Logan Davis,05 June 2024,13:35,Quality Assurance,Hydraulic fluid spill contaminated engine room.,Warehouse B,Incident,Yes,Foreign object in eye from grinding debris
Casey Kennedy,Cameron Robinson,09 January 2024,14:37,Facilities,forklift failure caused a steel beam to drop to ship propeller.,Dockyard South,Incident,Yes,Minor cuts and bruises
Frankie Walker,Drew Bennett,17 October 2024,16:41,Procurement,crane failure caused electrical fire to storage area.,Dockyard North,Incident,Yes,Foreign object in eye from grinding debris
Blake Robinson,Cameron Allen,31 July 2025,18:40,Procurement,Chemicals spill contaminated engine room.,Office - Admin Block,Incident,Yes,Fractured wrist from fall on wet surface
Jordan Morgan,Rowan Robinson,02 May 2024,07:28,Quality Assurance,crane failure caused a steel beam to drop to dry dock floor.,Shipyard Pier,Incident,Yes,Puncture wound from misplaced tool
Jordan Pearson,Dakota Fisher,10 March 2024,17:26,HR,Structural collapse in pier due to overload.,Tool Crib,Incident,Yes,Heat exhaustion from prolonged outdoor work
Taylor Robinson,Skyler Fisher,13 April 2024,16:25,Finance,grinder failure caused a steel beam to drop to storage area.,Fleet Garage,Incident,Yes,Dislocated shoulder during equipment maintenance
Spencer Fisher,Rowan Fisher,07 February 2025,07:21,Communications,crane failure caused a fuel leak to ship propeller.,Warehouse B,Incident,Yes,Concussion from falling object
Frankie Graham,Spencer Murray,03 August 2024,15:30,IT,crane failure caused a fuel leak to dry dock floor.,IT Server Room,Incident,Yes,Burn from hot welding equipment
Avery Parker,Sydney Lee,22 November 2024,18:46,Ship Maintenance,Oil spill contaminated engine room.,Reception Area,Incident,Yes,Fractured wrist from fall on wet surface
Harper West,Harper Murray,22 May 2024,22:58,Fleet Management,Structural collapse in shipyard warehouse due to improper maintenance.,Main Gate Security,Incident,Yes,Crush injury to hand from hydraulic press
Blake Sullivan,Sawyer Payne,20 March 2024,06:27,Finance,Structural collapse in dry dock due to overload.,Shipyard Pier,Incident,Yes,Minor cuts and bruises
Sawyer Brown,Cameron Foster,24 May 2025,16:52,Legal,Structural collapse in dry dock due to improper maintenance.,Fuel Depot,Incident,Yes,Concussion from falling object
Jordan Hughes,Elliot Allen,12 February 2025,00:50,Fleet Management,crane failure caused a steel beam to drop to storage area.,Electrical Bay,Incident,Yes,Eye irritation from chemical fumes
Sawyer Fisher,Alex Reed,10 May 2025,10:57,Research & Development,Oil spill contaminated paint shop.,Dry Dock 1,Incident,Yes,Fractured ankle due to fall from scaffolding
Alex Cooper,Logan Mitchell,06 January 2025,23:48,Dockyard Operations,Structural collapse in dry dock due to improper maintenance.,Training Room,Incident,Yes,Severe abrasion from slip on deck
Spencer Hughes,Riley Holmes,22 November 2024,02:58,Warehouse,grinder failure caused a fuel leak to ship propeller.,Fleet Garage,Incident,Yes,Burn from hot welding equipment
Jordan Allen,Skyler Davis,05 August 2024,01:08,Quality Assurance,Structural collapse in pier due to corrosion.,Dockyard South,Incident,Yes,Minor cuts and bruises
Logan Pearson,Taylor Sullivan,20 October 2024,07:53,Operations,crane failure caused a fuel leak to dry dock floor.,Engineering Workshop,Incident,Yes,Foreign object in eye from grinding debris
Spencer Clark,Morgan Ward,26 May 2024,12:50,Warehouse,crane failure caused a fuel leak to storage area.,Cafeteria,Incident,Yes,Burn from hot welding equipment
Sydney Sullivan,Jamie Sullivan,06 December 2024,18:11,Legal,Chemicals spill contaminated dock area.,Engineering Workshop,Incident,Yes,Burn from hot welding equipment
Emerson Robinson,Morgan Johnson,02 February 2025,22:44,Customer Service,Structural collapse in pier due to overload.,IT Server Room,Incident,Yes,Chemical burn from solvent exposure
Emerson Ward,Avery Smith,26 February 2025,04:14,Facilities,Hydraulic fluid spill contaminated dock area.,Tool Crib,Incident,Yes,Severe abrasion from slip on deck
Rowan Brown,Rowan Johnson,06 April 2024,02:49,Fleet Management,Structural collapse in pier due to overload.,IT Server Room,Incident,Yes,Puncture wound from misplaced tool
Skyler Ward,Jesse Allen,06 November 2024,13:50,Quality Assurance,Chemicals spill contaminated dock area.,Warehouse B,Incident,Yes,Electric shock from faulty wiring
Casey Morgan,Harper Allen,22 April 2024,16:28,Ship Maintenance,Oil spill contaminated dock area.,Main Gate Security,Incident,Yes,Hearing damage from loud machinery
Jordan West,Taylor Graham,01 January 2025,10:07,Customer Service,Oil spill contaminated engine room.,Dry Dock 2,Incident,Yes,Hearing damage from loud machinery
Riley Reed,Cameron Murray,19 September 2024,16:44,Warehouse,Chemicals spill contaminated engine room.,Shipyard Pier,Incident,Yes,Eye irritation from chemical fumes
Skyler Graham,Reese Ward,22 November 2024,22:40,Procurement,Structural collapse in dry dock due to improper maintenance.,Electrical Bay,Incident,Yes,Dislocated shoulder during equipment maintenance
Charlie Hughes,Reese Graham,03 November 2024,10:13,Finance,Structural collapse in shipyard warehouse due to overload.,Dockyard North,Incident,Yes,Burn from hot welding equipment
Finley Reed,Cameron Hughes,18 February 2025,22:40,Warehouse,Chemicals spill contaminated paint shop.,IT Server Room,Incident,Yes,Smoke inhalation from fire in electrical bay
Finley Brown,Sydney Holmes,05 February 2025,22:39,Security,crane failure caused electrical fire to ship propeller.,Electrical Bay,Incident,Yes,Puncture wound from misplaced tool
Reese Holmes,Kai Mitchell,13 September 2024,14:02,Warehouse,Structural collapse in pier due to overload.,Office - Admin Block,Incident,Yes,Electric shock from faulty wiring
Frankie Morgan,Sydney Lee,02 May 2025,14:34,Environmental Services,Structural collapse in dry dock due to improper maintenance.,Maintenance Shed,Incident,Yes,Compressed air injury during maintenance
Frankie Brown,Quinn Lee,13 December 2024,19:52,Quality Assurance,Structural collapse in dry dock due to improper maintenance.,Engineering Workshop,Incident,Yes,Eye irritation from chemical fumes
Harper Payne,Kai Pearson,14 October 2024,23:25,Finance,Structural collapse in shipyard warehouse due to overload.,Dockyard North,Incident,Yes,Crush injury to hand from hydraulic press
Reese Ward,Sydney Murphy,17 March 2025,07:39,Quality Assurance,Chemicals spill contaminated engine room.,Office - Admin Block,Incident,Yes,Laceration from sharp metal panel
Kai Robinson,Drew Parker,15 August 2024,02:06,Security,forklift failure caused electrical fire to ship propeller.,Dry Dock 2,Incident,Yes,Burn from hot welding equipment
Taylor Payne,Jesse West,05 May 2024,11:30,HR,Hydraulic fluid spill contaminated paint shop.,Tool Crib,Incident,Yes,Eye irritation from chemical fumes
Morgan Hughes,Jesse Murray,27 December 2024,14:49,Training & Development,grinder failure caused electrical fire to dry dock floor.,Main Gate Security,Incident,Yes,Eye irritation from chemical fumes
Frankie Lewis,Skyler Graham,05 April 2025,01:15,IT,Oil spill contaminated dock area.,Dockyard South,Incident,Yes,Severe abrasion from slip on deck
Jamie Hughes,Sydney Fisher,23 November 2024,12:04,Operations,Structural collapse in shipyard warehouse due to corrosion.,Shipyard Pier,Incident,Yes,Burn from hot welding equipment
Finley Bennett,Kai Clark,29 March 2024,05:28,Operations,grinder failure caused electrical fire to ship propeller.,Dockyard South,Incident,Yes,Minor cuts and bruises
Avery Ward,Frankie Foster,10 April 2025,19:23,Operations,Oil spill contaminated paint shop.,Tool Crib,Incident,Yes,Eye irritation from chemical fumes
Finley Murphy,Riley Clark,29 December 2024,18:26,Dockyard Operations,forklift failure caused electrical fire to ship propeller.,Warehouse B,Incident,Yes,Chemical burn from solvent exposure
Reese Holmes,Logan Cooper,15 December 2024,17:20,Legal,Hydraulic fluid spill contaminated engine room.,Dockyard South,Incident,Yes,Fractured ankle due to fall from scaffolding
Kai Pearson,Spencer Murray,16 October 2024,16:37,HR,forklift failure caused electrical fire to ship propeller.,Dry Dock 2,Incident,Yes,Fractured wrist from fall on wet surface
Charlie Lee,Harper Kennedy,30 June 2025,12:45,Legal,Structural collapse in dry dock due to improper maintenance.,Dry Dock 2,Incident,Yes,Back strain from improper lifting
Jamie Smith,Peyton Pearson,16 May 2025,19:52,IT,grinder failure caused electrical fire to dry dock floor.,Electrical Bay,Incident,Yes,Trip hazard fall resulting in bruising
Finley Cooper,Jamie Cooper,25 August 2024,23:28,Ship Maintenance,Structural collapse in shipyard warehouse due to corrosion.,Fuel Depot,Incident,Yes,Eye irritation from chemical fumes
Taylor Allen,Sydney Davis,16 April 2024,23:30,Customer Service,crane failure caused a fuel leak to ship propeller.,Dry Dock 1,Incident,Yes,Eye irritation from chemical fumes
Peyton Clark,Reese Payne,29 May 2025,19:03,Dockyard Operations,Structural collapse in dry dock due to corrosion.,Dry Dock 2,Incident,Yes,Concussion from falling object
Morgan Davis,Morgan Kennedy,21 October 2024,03:00,IT,Hydraulic fluid spill contaminated dock area.,Office - Admin Block,Incident,Yes,Heat exhaustion from prolonged outdoor work
Finley Morgan,Alex Robinson,05 December 2024,10:10,Warehouse,Structural collapse in pier due to improper maintenance.,Dry Dock 2,Incident,Yes,Puncture wound from misplaced tool
Spencer Fisher,Finley Sullivan,17 March 2025,16:23,Warehouse,crane failure caused a steel beam to drop to ship propeller.,Dry Dock 1,Incident,Yes,Burn from hot welding equipment
Reese Murray,Spencer Allen,27 July 2024,04:05,Fleet Management,grinder failure caused a fuel leak to storage area.,Engineering Workshop,Incident,Yes,Electric shock from faulty wiring
Charlie Lee,Kai Hughes,20 February 2024,14:35,Warehouse,grinder failure caused electrical fire to storage area.,Shipyard Pier,Incident,Yes,Fractured ankle due to fall from scaffolding
Casey Pearson,Reese Murphy,15 April 2025,15:58,Engineering,crane failure caused a steel beam to drop to storage area.,Dry Dock 1,Incident,Yes,Laceration from sharp metal panel
Taylor Graham,Sydney Payne,05 June 2024,00:18,Training & Development,Structural collapse in pier due to improper maintenance.,Cafeteria,Incident,Yes,Laceration from sharp metal panel
Drew Cooper,Casey Pearson,19 June 2024,01:57,Fleet Management,grinder failure caused a fuel leak to ship propeller.,Fleet Garage,Incident,Yes,Electric shock from faulty wiring
Emerson Graham,Rowan Parker,26 April 2024,18:47,Customer Service,Structural collapse in shipyard warehouse due to corrosion.,Maintenance Shed,Incident,Yes,Heat exhaustion from prolonged outdoor work
Chris Morgan,Peyton West,23 May 2025,08:33,Procurement,Hydraulic fluid spill contaminated engine room.,Shipyard Pier,Incident,Yes,Fractured ankle due to fall from scaffolding
Blake Kennedy,Logan Pearson,30 March 2025,09:26,Logistics,Hydraulic fluid spill contaminated paint shop.,Paint Shop,Incident,Yes,Crush injury to hand from hydraulic press
Quinn Morgan,Charlie Mitchell,16 January 2024,14:50,IT,Structural collapse in pier due to corrosion.,Shipyard Pier,Incident,Yes,Fractured wrist from fall on wet surface
Riley Walker,Kai Mitchell,13 November 2024,10:44,Customer Service,Hydraulic fluid spill contaminated paint shop.,IT Server Room,Incident,Yes,Chemical burn from solvent exposure
Taylor Payne,Sydney Sullivan,24 May 2025,17:45,IT,Chemicals spill contaminated engine room.,Warehouse A,Incident,Yes,Trip hazard fall resulting in bruising
Finley Smith,Harper Bennett,10 August 2024,10:14,Communications,Structural collapse in shipyard warehouse due to improper maintenance.,Main Gate Security,Incident,Yes,Electric shock from faulty wiring
Taylor Davis,Elliot Walker,29 November 2024,02:25,HR,Oil spill contaminated dock area.,Dockyard North,Incident,Yes,Foreign object in eye from grinding debris
Reese Reed,Taylor Smith,19 May 2024,16:44,HR,Chemicals spill contaminated dock area.,Reception Area,Incident,Yes,Puncture wound from misplaced tool
Quinn Allen,Jordan West,20 December 2024,08:28,Procurement,Structural collapse in shipyard warehouse due to improper maintenance.,Shipyard Pier,Incident,Yes,Puncture wound from misplaced tool
Spencer Reed,Drew Brown,14 August 2025,11:59,Logistics,Structural collapse in pier due to corrosion.,Reception Area,Incident,Yes,Fractured wrist from fall on wet surface
Dakota Graham,Peyton Payne,21 September 2024,12:32,HR,Structural collapse in pier due to overload.,Reception Area,Incident,Yes,Dislocated shoulder during equipment maintenance
Rowan Foster,Peyton Lewis,11 October 2024,23:04,Finance,Chemicals spill contaminated paint shop.,Warehouse B,Incident,Yes,Eye irritation from chemical fumes
Kai Lee,Jamie Murphy,30 March 2024,08:05,Security,Oil spill contaminated engine room.,Warehouse B,Incident,Yes,Chemical burn from solvent exposure
Finley Payne,Spencer Bennett,11 April 2024,01:03,Customer Service,grinder failure caused a steel beam to drop to storage area.,Engineering Workshop,Incident,Yes,Puncture wound from misplaced tool
Harper Ward,Dakota Clark,05 March 2024,14:32,Customer Service,Hydraulic fluid spill contaminated engine room.,Dry Dock 1,Incident,Yes,Concussion from falling object
Frankie West,Riley Sullivan,18 December 2024,23:17,Communications,Structural collapse in pier due to overload.,Fleet Garage,Incident,Yes,Electric shock from faulty wiring
Skyler Bailey,Elliot Johnson,03 June 2024,00:04,Health & Safety,Structural collapse in dry dock due to corrosion.,Fuel Depot,Incident,Yes,Severe abrasion from slip on deck
Finley Brown,Skyler Bennett,19 August 2024,13:52,Customer Service,Structural collapse in dry dock due to corrosion.,Maintenance Shed,Incident,Yes,Foreign object in eye from grinding debris
Blake Brown,Finley Murphy,04 June 2024,06:47,Customer Service,Chemicals spill contaminated dock area.,Fuel Depot,Incident,Yes,Electric shock from faulty wiring
Elliot Bailey,Jordan Morgan,27 November 2024,12:56,Warehouse,Chemicals spill contaminated engine room.,Electrical Bay,Incident,Yes,Back strain from improper lifting
Spencer Johnson,Kai West,28 February 2025,01:50,Finance,Oil spill contaminated engine room.,Dockyard North,Incident,Yes,Trip hazard fall resulting in bruising
Peyton Hughes,Quinn Clark,29 July 2025,01:53,Facilities,Chemicals spill contaminated paint shop.,IT Server Room,Incident,Yes,Minor cuts and bruises
Charlie Mitchell,Blake Parker,08 May 2025,18:50,Environmental Services,Structural collapse in shipyard warehouse due to improper maintenance.,Dry Dock 1,Incident,Yes,Hearing damage from loud machinery
Jordan Foster,Reese Johnson,24 December 2024,21:32,Finance,Hydraulic fluid spill contaminated engine room.,Dry Dock 1,Incident,Yes,Fractured ankle due to fall from scaffolding
Quinn Bailey,Peyton Bailey,16 June 2024,20:53,Ship Maintenance,Structural collapse in pier due to overload.,Shipyard Pier,Incident,Yes,Hearing damage from loud machinery
Jordan Lewis,Spencer Holmes,05 March 2025,04:55,Fleet Management,Structural collapse in shipyard warehouse due to overload.,Fuel Depot,Incident,Yes,Dislocated shoulder during equipment maintenance
Alex Parker,Skyler Bailey,24 May 2025,16:04,Logistics,Hydraulic fluid spill contaminated dock area.,Electrical Bay,Incident,Yes,Electric shock from faulty wiring
Dakota Brown,Reese Lee,05 November 2024,19:32,Engineering,Chemicals spill contaminated paint shop.,Reception Area,Incident,Yes,Severe abrasion from slip on deck
Peyton West,Charlie Allen,21 February 2024,06:59,Operations,Structural collapse in pier due to overload.,Shipyard Pier,Incident,Yes,Fractured wrist from fall on wet surface
Frankie Bennett,Riley Smith,26 April 2024,10:08,Ship Maintenance,crane failure caused a fuel leak to dry dock floor.,Paint Shop,Incident,Yes,Smoke inhalation from fire in electrical bay
Dakota Clark,Taylor Hughes,01 September 2024,03:57,Security,Hydraulic fluid spill contaminated dock area.,Tool Crib,Incident,Yes,Puncture wound from misplaced tool
Quinn West,Logan Bailey,18 April 2025,22:40,IT,crane failure caused a fuel leak to dry dock floor.,Reception Area,Incident,Yes,Foreign object in eye from grinding debris
Logan Foster,Casey Mitchell,28 December 2024,15:43,Communications,Oil spill contaminated paint shop.,Reception Area,Incident,Yes,Laceration from sharp metal panel
Spencer Mitchell,Avery Kennedy,21 April 2024,23:15,Fleet Management,forklift failure caused a fuel leak to ship propeller.,Warehouse A,Incident,Yes,Severe abrasion from slip on deck
Jamie Sullivan,Spencer Graham,12 March 2025,16:27,Procurement,crane failure caused a steel beam to drop to storage area.,Tool Crib,Incident,Yes,Eye irritation from chemical fumes
Riley Hughes,Chris Murray,02 December 2024,17:04,Legal,forklift failure caused a fuel leak to ship propeller.,Tool Crib,Incident,Yes,Crush injury to hand from hydraulic press
Kai Murphy,Riley Lee,12 April 2024,20:09,Health & Safety,Chemicals spill contaminated engine room.,Cafeteria,Incident,Yes,Fractured ankle due to fall from scaffolding
Casey Fisher,Cameron Walker,13 June 2024,11:36,Warehouse,Chemicals spill contaminated dock area.,Warehouse A,Incident,Yes,Electric shock from faulty wiring
Blake Ward,Charlie Holmes,09 April 2024,21:33,Warehouse,Structural collapse in dry dock due to corrosion.,Tool Crib,Incident,Yes,Smoke inhalation from fire in electrical bay
Reese Pearson,Sawyer Pearson,31 January 2024,02:29,Communications,forklift failure caused electrical fire to dry dock floor.,Maintenance Shed,Incident,Yes,Severe abrasion from slip on deck
Reese Clark,Casey West,02 January 2025,09:45,Communications,Structural collapse in shipyard warehouse due to improper maintenance.,Fuel Depot,Incident,Yes,Fractured wrist from fall on wet surface
Frankie Pearson,Blake Reed,04 June 2024,22:55,Legal,crane failure caused electrical fire to storage area.,IT Server Room,Incident,Yes,Electric shock from faulty wiring
Sawyer Brown,Harper Payne,10 May 2024,04:43,Engineering,Hydraulic fluid spill contaminated dock area.,Shipyard Pier,Incident,Yes,Electric shock from faulty wiring
Drew Foster,Blake Allen,26 April 2025,16:59,Environmental Services,Hydraulic fluid spill contaminated engine room.,Training Room,Incident,Yes,Puncture wound from misplaced tool
Elliot Clark,Rowan Murphy,10 May 2025,14:37,Customer Service,Hydraulic fluid spill contaminated paint shop.,Electrical Bay,Incident,Yes,Eye irritation from chemical fumes
Frankie Cooper,Riley West,19 July 2025,14:46,Health & Safety,Oil spill contaminated dock area.,Maintenance Shed,Incident,Yes,Fractured ankle due to fall from scaffolding
Elliot Holmes,Quinn Smith,16 November 2024,09:00,Dockyard Operations,crane failure caused electrical fire to storage area.,Warehouse A,Incident,Yes,Minor cuts and bruises
Harper Johnson,Peyton Bennett,23 July 2024,11:34,Customer Service,Structural collapse in dry dock due to overload.,Main Gate Security,Incident,Yes,Trip hazard fall resulting in bruising
Jamie Morgan,Peyton Bennett,13 October 2024,16:16,Fleet Management,Oil spill contaminated paint shop.,Office - Admin Block,Incident,Yes,Electric shock from faulty wiring
Drew Johnson,Jesse Robinson,20 October 2024,20:08,Legal,Chemicals spill contaminated paint shop.,Reception Area,Incident,Yes,Puncture wound from misplaced tool
Jordan Bennett,Jordan Foster,01 August 2025,19:08,HR,Hydraulic fluid spill contaminated engine room.,Dockyard South,Incident,Yes,Back strain from improper lifting
Taylor Bennett,Taylor Robinson,25 November 2024,17:38,Ship Maintenance,Structural collapse in dry dock due to overload.,Maintenance Shed,Incident,Yes,Eye irritation from chemical fumes
Drew Ward,Dakota Cooper,23 June 2025,13:45,Operations,crane failure caused a fuel leak to dry dock floor.,Dockyard South,Incident,Yes,Minor cuts and bruises
Chris Pearson,Reese Allen,16 April 2025,21:54,Research & Development,Oil spill contaminated engine room.,Cafeteria,Incident,Yes,Compressed air injury during maintenance
Dakota Robinson,Riley Robinson,05 August 2024,01:45,Ship Maintenance,Structural collapse in pier due to improper maintenance.,Reception Area,Incident,Yes,Heat exhaustion from prolonged outdoor work
Taylor Murray,Charlie Murphy,04 February 2025,00:43,Communications,Chemicals spill contaminated paint shop.,Paint Shop,Incident,Yes,Fractured ankle due to fall from scaffolding
Kai Morgan,Jordan Graham,06 December 2024,17:34,Engineering,crane failure caused a steel beam to drop to storage area.,Shipyard Pier,Incident,Yes,Burn from hot welding equipment
Avery Fisher,Emerson Graham,20 February 2025,23:52,Engineering,Structural collapse in dry dock due to improper maintenance.,Fuel Depot,Incident,Yes,Trip hazard fall resulting in bruising
Elliot Pearson,Finley Smith,17 July 2024,21:02,Operations,Structural collapse in dry dock due to improper maintenance.,Maintenance Shed,Incident,Yes,Puncture wound from misplaced tool
Charlie Davis,Avery Pearson,22 March 2025,20:29,Health & Safety,Structural collapse in dry dock due to corrosion.,Warehouse A,Incident,Yes,Trip hazard fall resulting in bruising
Reese Allen,Peyton Morgan,01 May 2024,20:25,IT,Oil spill contaminated paint shop.,Engineering Workshop,Incident,Yes,Heat exhaustion from prolonged outdoor work
Emerson Davis,Quinn Clark,06 April 2024,03:27,Communications,Structural collapse in shipyard warehouse due to improper maintenance.,Dockyard North,Incident,Yes,Dislocated shoulder during equipment maintenance
Jordan Brown,Peyton Bennett,15 December 2024,08:54,Security,forklift failure caused a steel beam to drop to dry dock floor.,Maintenance Shed,Incident,Yes,Trip hazard fall resulting in bruising
Jordan Hughes,Charlie Allen,28 April 2024,06:33,Customer Service,Chemicals spill contaminated paint shop.,Warehouse A,Incident,Yes,Heat exhaustion from prolonged outdoor work
Jordan Davis,Skyler Davis,07 November 2024,10:35,Operations,Hydraulic fluid spill contaminated dock area.,Main Gate Security,Incident,Yes,Dislocated shoulder during equipment maintenance
Harper West,Rowan Bailey,25 July 2024,02:54,IT,Structural collapse in dry dock due to overload.,Dry Dock 2,Incident,Yes,Fractured ankle due to fall from scaffolding
Jamie Smith,Alex Holmes,11 February 2024,05:33,Quality Assurance,crane failure caused electrical fire to dry dock floor.,Cafeteria,Incident,Yes,Severe abrasion from slip on deck
Cameron Clark,Peyton Cooper,08 April 2025,19:38,Research & Development,Hydraulic fluid spill contaminated engine room.,Maintenance Shed,Incident,Yes,Heat exhaustion from prolonged outdoor work
Elliot Morgan,Avery Davis,03 June 2024,06:49,Facilities,Chemicals spill contaminated paint shop.,Dry Dock 1,Incident,Yes,Heat exhaustion from prolonged outdoor work
Harper Murray,Jordan Murray,05 January 2024,14:46,Ship Maintenance,forklift failure caused a fuel leak to storage area.,IT Server Room,Incident,Yes,Compressed air injury during maintenance
Elliot Murphy,Elliot Pearson,02 October 2024,23:58,Finance,Structural collapse in shipyard warehouse due to corrosion.,Maintenance Shed,Incident,Yes,Laceration from sharp metal panel
Jordan West,Riley Bailey,15 May 2025,04:29,Communications,grinder failure caused electrical fire to dry dock floor.,Fuel Depot,Incident,Yes,Trip hazard fall resulting in bruising
Morgan Sullivan,Jesse Hughes,30 January 2024,03:07,Training & Development,crane failure caused a steel beam to drop to dry dock floor.,Maintenance Shed,Incident,Yes,Fractured wrist from fall on wet surface
Avery Morgan,Alex Foster,22 October 2024,16:10,Ship Maintenance,forklift failure caused electrical fire to ship propeller.,Dry Dock 2,Incident,Yes,Electric shock from faulty wiring
Finley Lee,Riley Ward,27 January 2025,10:57,Operations,Structural collapse in dry dock due to overload.,Electrical Bay,Incident,Yes,Chemical burn from solvent exposure
Alex Bailey,Jamie Mitchell,30 September 2024,17:33,HR,forklift failure caused a fuel leak to dry dock floor.,Shipyard Pier,Incident,Yes,Puncture wound from misplaced tool
Charlie Cooper,Avery Parker,16 August 2024,14:30,Research & Development,Hydraulic fluid spill contaminated engine room.,Reception Area,Incident,Yes,Fractured ankle due to fall from scaffolding
Taylor West,Jamie West,10 September 2024,17:03,Fleet Management,Structural collapse in shipyard warehouse due to improper maintenance.,Training Room,Incident,Yes,Hearing damage from loud machinery
Sawyer Foster,Elliot Payne,01 March 2025,20:37,Dockyard Operations,grinder failure caused a steel beam to drop to dry dock floor.,Main Gate Security,Incident,Yes,Crush injury to hand from hydraulic press
Blake Holmes,Rowan Sullivan,15 August 2024,01:49,Training & Development,Structural collapse in dry dock due to corrosion.,Dockyard North,Incident,Yes,Crush injury to hand from hydraulic press
Peyton Lewis,Emerson Lee,17 April 2024,10:30,Finance,grinder failure caused electrical fire to ship propeller.,Main Gate Security,Incident,Yes,Chemical burn from solvent exposure
Skyler Smith,Spencer Fisher,16 August 2025,15:29,Dockyard Operations,Structural collapse in pier due to overload.,Paint Shop,Incident,Yes,Crush injury to hand from hydraulic press
Logan Bailey,Emerson Foster,07 April 2024,02:55,Training & Development,crane failure caused a steel beam to drop to dry dock floor.,Electrical Bay,Incident,Yes,Back strain from improper lifting
Riley Bailey,Alex Cooper,01 February 2025,08:43,Quality Assurance,crane failure caused electrical fire to storage area.,Electrical Bay,Incident,Yes,Crush injury to hand from hydraulic press
Sydney Morgan,Elliot Robinson,01 November 2024,00:00,Communications,Structural collapse in dry dock due to corrosion.,Dry Dock 2,Incident,Yes,Electric shock from faulty wiring
Chris Ward,Quinn Walker,03 October 2024,04:53,IT,Hydraulic fluid spill contaminated paint shop.,Dockyard South,Incident,Yes,Minor cuts and bruises
Dakota Ward,Jesse Lee,12 June 2024,13:25,Ship Maintenance,Hydraulic fluid spill contaminated dock area.,Dry Dock 1,Incident,Yes,Laceration from sharp metal panel
Chris Lee,Peyton Parker,18 May 2025,14:34,Training & Development,Hydraulic fluid spill contaminated paint shop.,Engineering Workshop,Incident,Yes,Foreign object in eye from grinding debris
Elliot Reed,Charlie Ward,28 May 2025,01:47,Logistics,grinder failure caused a fuel leak to ship propeller.,Tool Crib,Incident,Yes,Chemical burn from solvent exposure
Spencer Kennedy,Sydney Payne,11 October 2024,12:35,Quality Assurance,Oil spill contaminated paint shop.,Office - Admin Block,Incident,Yes,Crush injury to hand from hydraulic press
Sydney Walker,Blake Murphy,20 August 2025,16:49,Ship Maintenance,forklift failure caused a steel beam to drop to ship propeller.,Fuel Depot,Incident,Yes,Fractured wrist from fall on wet surface
Charlie Payne,Sydney Pearson,12 March 2025,06:31,Research & Development,Hydraulic fluid spill contaminated paint shop.,IT Server Room,Incident,Yes,Burn from hot welding equipment
Riley Robinson,Riley Murray,16 July 2024,00:22,Fleet Management,crane failure caused a fuel leak to dry dock floor.,Paint Shop,Incident,Yes,Smoke inhalation from fire in electrical bay
Riley Payne,Casey Allen,13 February 2024,22:39,Logistics,Chemicals spill contaminated paint shop.,Tool Crib,Incident,Yes,Hearing damage from loud machinery
Blake Brown,Jesse Foster,24 March 2024,04:38,Warehouse,Structural collapse in dry dock due to corrosion.,Office - Admin Block,Incident,Yes,Eye irritation from chemical fumes
Taylor Johnson,Chris Murray,09 February 2024,04:47,HR,Oil spill contaminated dock area.,Tool Crib,Incident,Yes,Fractured wrist from fall on wet surface
Sydney Johnson,Jesse Pearson,26 October 2024,18:20,Logistics,Oil spill contaminated dock area.,Dry Dock 2,Incident,Yes,Concussion from falling object
Peyton Reed,Logan Allen,02 May 2024,06:57,Customer Service,forklift failure caused a fuel leak to storage area.,Main Gate Security,Incident,Yes,Chemical burn from solvent exposure
Frankie Sullivan,Sydney Smith,24 April 2025,11:09,Procurement,Structural collapse in shipyard warehouse due to overload.,Dry Dock 2,Incident,Yes,Trip hazard fall resulting in bruising
Avery Holmes,Blake West,05 February 2024,12:42,Finance,Oil spill contaminated engine room.,Engineering Workshop,Incident,Yes,Hearing damage from loud machinery
Dakota Hughes,Avery Pearson,23 May 2024,00:43,Ship Maintenance,forklift failure caused a steel beam to drop to dry dock floor.,Fuel Depot,Incident,Yes,Chemical burn from solvent exposure
Kai Johnson,Riley Murray,18 May 2025,06:41,IT,Structural collapse in dry dock due to improper maintenance.,Cafeteria,Incident,Yes,Fractured wrist from fall on wet surface
Casey Payne,Logan Pearson,16 May 2025,19:55,Research & Development,Structural collapse in dry dock due to improper maintenance.,Warehouse A,Incident,Yes,Fractured ankle due to fall from scaffolding
Riley Kennedy,Drew Walker,19 July 2025,18:27,Ship Maintenance,crane failure caused electrical fire to ship propeller.,Engineering Workshop,Incident,Yes,Burn from hot welding equipment
Jesse Graham,Finley Bailey,04 December 2024,03:45,Engineering,grinder failure caused electrical fire to storage area.,Paint Shop,Incident,Yes,Minor cuts and bruises
Spencer Cooper,Charlie Murray,12 March 2025,05:51,Procurement,Hydraulic fluid spill contaminated engine room.,Dry Dock 1,Incident,Yes,Minor cuts and bruises
Jordan Murray,Sydney Sullivan,11 March 2025,06:01,Health & Safety,Structural collapse in shipyard warehouse due to overload.,Office - Admin Block,Incident,Yes,Chemical burn from solvent exposure
Drew Brown,Drew Reed,05 March 2024,14:27,Customer Service,Structural collapse in dry dock due to corrosion.,Training Room,Incident,Yes,Electric shock from faulty wiring
Dakota Bennett,Reese Murray,06 March 2024,21:36,Communications,Hydraulic fluid spill contaminated engine room.,Engineering Workshop,Incident,Yes,Eye irritation from chemical fumes
Spencer Johnson,Cameron Payne,12 April 2024,10:49,HR,grinder failure caused electrical fire to ship propeller.,Fleet Garage,Incident,Yes,Laceration from sharp metal panel
Riley Lewis,Dakota Brown,02 June 2025,20:56,Procurement,forklift failure caused a steel beam to drop to dry dock floor.,Warehouse B,Incident,Yes,Fractured ankle due to fall from scaffolding
Logan Lee,Logan Reed,24 March 2025,19:57,Dockyard Operations,Structural collapse in pier due to corrosion.,Warehouse A,Incident,Yes,Chemical burn from solvent exposure
Kai Fisher,Chris Reed,11 April 2024,18:34,Legal,Hydraulic fluid spill contaminated dock area.,Dry Dock 2,Incident,Yes,Hearing damage from loud machinery
Reese Sullivan,Frankie Smith,30 June 2024,00:11,Dockyard Operations,Oil spill contaminated engine room.,Cafeteria,Incident,Yes,Electric shock from faulty wiring
Chris Murray,Blake Robinson,24 February 2025,03:10,Warehouse,grinder failure caused electrical fire to dry dock floor.,Dockyard South,Incident,Yes,Hearing damage from loud machinery
Elliot Murphy,Jesse Smith,24 August 2024,03:14,Training & Development,Structural collapse in dry dock due to overload.,Cafeteria,Incident,Yes,Smoke inhalation from fire in electrical bay
Peyton Holmes,Taylor Morgan,04 November 2024,11:42,HR,Oil spill contaminated dock area.,Fuel Depot,Incident,Yes,Dislocated shoulder during equipment maintenance
Spencer Fisher,Taylor Hughes,24 October 2024,08:18,Security,crane failure caused a steel beam to drop to ship propeller.,Engineering Workshop,Incident,Yes,Fractured wrist from fall on wet surface
Riley Reed,Charlie Bailey,11 May 2024,12:49,IT,Structural collapse in dry dock due to overload.,Cafeteria,Incident,Yes,Crush injury to hand from hydraulic press
Blake Bennett,Harper Holmes,05 April 2024,04:06,Communications,Chemicals spill contaminated paint shop.,Fleet Garage,Incident,Yes,Puncture wound from misplaced tool
Kai Bennett,Harper Kennedy,06 May 2024,02:47,Customer Service,Oil spill contaminated engine room.,IT Server Room,Incident,Yes,Puncture wound from misplaced tool
Finley Holmes,Elliot Johnson,25 January 2025,00:29,Logistics,Structural collapse in pier due to overload.,Engineering Workshop,Incident,Yes,Foreign object in eye from grinding debris
Elliot Foster,Reese Bennett,09 February 2025,06:58,Procurement,grinder failure caused a steel beam to drop to ship propeller.,Tool Crib,Incident,Yes,Fractured wrist from fall on wet surface
Sawyer Brown,Charlie Mitchell,11 April 2025,10:33,Engineering,Chemicals spill contaminated engine room.,Training Room,Incident,Yes,Laceration from sharp metal panel
Sawyer Pearson,Peyton Reed,04 August 2024,13:45,Finance,Chemicals spill contaminated engine room.,Main Gate Security,Incident,Yes,Hearing damage from loud machinery
Logan Fisher,Reese Davis,18 June 2025,06:00,Logistics,Oil spill contaminated paint shop.,IT Server Room,Incident,Yes,Fractured wrist from fall on wet surface
Drew Davis,Morgan Cooper,09 July 2025,04:02,Dockyard Operations,forklift failure caused a steel beam to drop to ship propeller.,Electrical Bay,Incident,Yes,Chemical burn from solvent exposure
Harper Graham,Emerson Davis,02 July 2024,23:53,Customer Service,Chemicals spill contaminated paint shop.,Office - Admin Block,Incident,Yes,Chemical burn from solvent exposure
Blake Sullivan,Sydney Cooper,19 March 2025,07:20,Quality Assurance,Structural collapse in pier due to overload.,Engineering Workshop,Incident,Yes,Crush injury to hand from hydraulic press
Jamie Cooper,Spencer Graham,19 September 2024,18:37,Training & Development,crane failure caused a steel beam to drop to storage area.,Dry Dock 1,Incident,Yes,Burn from hot welding equipment
Frankie Lewis,Dakota Brown,14 April 2025,06:25,Research & Development,Structural collapse in dry dock due to overload.,Dockyard South,Incident,Yes,Chemical burn from solvent exposure
Reese Lee,Casey Johnson,22 July 2024,04:03,Procurement,Hydraulic fluid spill contaminated dock area.,Dry Dock 2,Incident,Yes,Compressed air injury during maintenance
Elliot Clark,Riley Lee,12 March 2024,17:08,Finance,grinder failure caused a fuel leak to dry dock floor.,Electrical Bay,Incident,Yes,Compressed air injury during maintenance
Riley Brown,Peyton Allen,24 April 2025,13:40,Training & Development,Hydraulic fluid spill contaminated dock area.,Main Gate Security,Incident,Yes,Burn from hot welding equipment
Sydney Murphy,Casey Kennedy,02 April 2024,12:07,Engineering,Structural collapse in pier due to corrosion.,Electrical Bay,Incident,Yes,Concussion from falling object
Peyton Ward,Cameron Johnson,14 February 2025,22:17,Customer Service,crane failure caused a fuel leak to ship propeller.,Dry Dock 2,Incident,Yes,Puncture wound from misplaced tool
Charlie Morgan,Charlie Sullivan,12 October 2024,09:27,Ship Maintenance,Structural collapse in dry dock due to overload.,Dry Dock 1,Incident,Yes,Burn from hot welding equipment
Casey Pearson,Sydney Payne,25 April 2024,07:28,Communications,crane failure caused a fuel leak to ship propeller.,Warehouse B,Incident,Yes,Burn from hot welding equipment
Casey West,Sydney Sullivan,31 January 2025,05:52,Environmental Services,Structural collapse in shipyard warehouse due to improper maintenance.,Maintenance Shed,Incident,Yes,Back strain from improper lifting
Jordan Bennett,Spencer Payne,03 October 2024,17:02,Health & Safety,Structural collapse in shipyard warehouse due to improper maintenance.,Office - Admin Block,Incident,Yes,Laceration from sharp metal panel
Logan Lee,Elliot Fisher,12 January 2024,03:52,Operations,Structural collapse in dry dock due to overload.,Cafeteria,Incident,Yes,Electric shock from faulty wiring
Finley Lee,Harper Kennedy,08 March 2024,09:42,Legal,Chemicals spill contaminated engine room.,Warehouse A,Incident,Yes,Smoke inhalation from fire in electrical bay
Finley Reed,Kai Cooper,02 June 2025,06:30,Health & Safety,Chemicals spill contaminated paint shop.,Electrical Bay,Incident,Yes,Back strain from improper lifting
Rowan Payne,Sawyer Johnson,08 May 2025,00:24,Dockyard Operations,Chemicals spill contaminated dock area.,Training Room,Incident,Yes,Chemical burn from solvent exposure
Kai Allen,Skyler Holmes,21 August 2024,13:02,Environmental Services,Chemicals spill contaminated engine room.,Dry Dock 2,Incident,Yes,Foreign object in eye from grinding debris
Elliot Morgan,Harper Bennett,14 February 2024,06:39,Engineering,grinder failure caused electrical fire to storage area.,IT Server Room,Incident,Yes,Fractured ankle due to fall from scaffolding
Skyler Walker,Jordan Ward,12 February 2025,07:46,Fleet Management,Structural collapse in shipyard warehouse due to corrosion.,Training Room,Incident,Yes,Back strain from improper lifting
Quinn Kennedy,Sydney Murray,16 February 2025,17:19,Environmental Services,Oil spill contaminated paint shop.,Engineering Workshop,Incident,Yes,Compressed air injury during maintenance
Frankie Mitchell,Kai West,26 April 2025,11:03,Finance,Structural collapse in shipyard warehouse due to overload.,Office - Admin Block,Incident,Yes,Smoke inhalation from fire in electrical bay
Finley Clark,Morgan Payne,04 October 2024,19:03,Customer Service,Structural collapse in shipyard warehouse due to improper maintenance.,Warehouse B,Incident,Yes,Crush injury to hand from hydraulic press
Finley Robinson,Jordan Murphy,06 April 2024,13:48,Quality Assurance,grinder failure caused a steel beam to drop to dry dock floor.,Dry Dock 1,Incident,Yes,Burn from hot welding equipment
Reese Kennedy,Skyler Brown,07 April 2025,10:46,Customer Service,Structural collapse in pier due to improper maintenance.,Engineering Workshop,Incident,Yes,Laceration from sharp metal panel
Taylor Bailey,Frankie Johnson,02 October 2024,19:39,Engineering,crane failure caused electrical fire to ship propeller.,Warehouse B,Incident,Yes,Laceration from sharp metal panel
Riley Morgan,Casey Allen,26 April 2025,14:31,Engineering,grinder failure caused electrical fire to dry dock floor.,Paint Shop,Incident,Yes,Foreign object in eye from grinding debris
Rowan Fisher,Peyton Graham,27 August 2024,10:34,Security,Hydraulic fluid spill contaminated paint shop.,Electrical Bay,Incident,Yes,Fractured wrist from fall on wet surface
Cameron Pearson,Chris Fisher,01 March 2025,17:23,Dockyard Operations,Structural collapse in pier due to corrosion.,Office - Admin Block,Incident,Yes,Dislocated shoulder during equipment maintenance
Dakota Parker,Jamie Clark,28 May 2025,08:23,Logistics,crane failure caused electrical fire to dry dock floor.,Fuel Depot,Incident,Yes,Trip hazard fall resulting in bruising
Alex Hughes,Elliot Lee,21 October 2024,05:46,Health & Safety,forklift failure caused a fuel leak to dry dock floor.,IT Server Room,Incident,Yes,Compressed air injury during maintenance
Reese Cooper,Skyler Holmes,27 February 2024,07:14,Security,Structural collapse in pier due to overload.,Office - Admin Block,Incident,Yes,Minor cuts and bruises
Morgan Murphy,Sawyer Murray,15 June 2024,09:58,Research & Development,Chemicals spill contaminated engine room.,Main Gate Security,Incident,Yes,Burn from hot welding equipment
Spencer Lewis,Blake Morgan,22 October 2024,04:52,IT,Oil spill contaminated dock area.,Warehouse A,Incident,Yes,Compressed air injury during maintenance
Taylor Fisher,Dakota Lewis,14 March 2024,03:36,Communications,Structural collapse in pier due to improper maintenance.,Warehouse A,Incident,Yes,Heat exhaustion from prolonged outdoor work
Sydney Pearson,Jamie West,07 December 2024,07:25,Operations,Oil spill contaminated dock area.,Maintenance Shed,Incident,Yes,Puncture wound from misplaced tool
Chris Ward,Riley Morgan,08 May 2025,11:15,IT,crane failure caused a steel beam to drop to ship propeller.,IT Server Room,Incident,Yes,Foreign object in eye from grinding debris
Quinn Kennedy,Elliot Graham,18 October 2024,00:17,Logistics,Structural collapse in pier due to improper maintenance.,Office - Admin Block,Incident,Yes,Eye irritation from chemical fumes
Jesse Clark,Cameron Ward,03 February 2024,05:08,Fleet Management,grinder failure caused a fuel leak to storage area.,Shipyard Pier,Incident,Yes,Concussion from falling object
Cameron Walker,Logan Robinson,21 October 2024,16:37,Warehouse,Structural collapse in shipyard warehouse due to overload.,Shipyard Pier,Incident,Yes,Chemical burn from solvent exposure
Sydney Kennedy,Alex Brown,03 August 2025,04:40,Fleet Management,Chemicals spill contaminated engine room.,Shipyard Pier,Incident,Yes,Burn from hot welding equipment
Alex Holmes,Kai Fisher,05 May 2025,11:25,Quality Assurance,grinder failure caused a fuel leak to storage area.,Engineering Workshop,Incident,Yes,Trip hazard fall resulting in bruising
Skyler Clark,Drew Fisher,06 December 2024,10:01,Customer Service,crane failure caused a steel beam to drop to dry dock floor.,Dockyard North,Incident,Yes,Smoke inhalation from fire in electrical bay
Elliot Smith,Chris Holmes,29 July 2025,08:09,Logistics,Structural collapse in dry dock due to corrosion.,Paint Shop,Incident,Yes,Trip hazard fall resulting in bruising
Spencer West,Sawyer Hughes,11 February 2025,17:24,Logistics,Hydraulic fluid spill contaminated paint shop.,Training Room,Incident,Yes,Minor cuts and bruises
Casey Bennett,Sawyer Pearson,31 August 2024,02:06,Legal,forklift failure caused a steel beam to drop to dry dock floor.,Paint Shop,Incident,Yes,Severe abrasion from slip on deck
Riley Robinson,Dakota West,07 May 2024,13:22,Training & Development,Structural collapse in pier due to overload.,IT Server Room,Incident,Yes,Compressed air injury during maintenance
Logan Mitchell,Cameron Pearson,24 June 2024,10:50,Health & Safety,crane failure caused a fuel leak to dry dock floor.,Dry Dock 2,Incident,Yes,Fractured ankle due to fall from scaffolding
Blake Robinson,Charlie Robinson,01 January 2024,04:00,Ship Maintenance,Structural collapse in pier due to improper maintenance.,Warehouse B,Incident,Yes,Crush injury to hand from hydraulic press
Rowan Murphy,Charlie Allen,04 July 2024,21:54,IT,Chemicals spill contaminated dock area.,Electrical Bay,Incident,Yes,Burn from hot welding equipment
Harper Bennett,Jesse Lee,31 May 2024,22:02,Legal,Structural collapse in pier due to overload.,Electrical Bay,Incident,Yes,Fractured ankle due to fall from scaffolding
Peyton Robinson,Alex Bennett,28 May 2024,09:45,Ship Maintenance,Structural collapse in dry dock due to corrosion.,Engineering Workshop,Incident,Yes,Hearing damage from loud machinery
Charlie Cooper,Spencer Bennett,22 February 2025,09:56,Engineering,grinder failure caused a fuel leak to storage area.,Training Room,Incident,Yes,Trip hazard fall resulting in bruising
Dakota Holmes,Dakota Brown,20 March 2024,06:35,Logistics,crane failure caused a steel beam to drop to ship propeller.,Tool Crib,Incident,Yes,Foreign object in eye from grinding debris
Harper Mitchell,Blake Holmes,19 June 2024,15:38,IT,forklift failure caused a steel beam to drop to storage area.,Maintenance Shed,Incident,Yes,Fractured wrist from fall on wet surface
Drew Smith,Reese Fisher,19 October 2024,21:31,Dockyard Operations,Oil spill contaminated engine room.,Tool Crib,Incident,Yes,Laceration from sharp metal panel
Reese Sullivan,Reese Ward,10 March 2024,14:11,Environmental Services,Oil spill contaminated engine room.,Warehouse B,Incident,Yes,Foreign object in eye from grinding debris
Drew Lee,Dakota Ward,19 June 2024,03:24,Environmental Services,Structural collapse in shipyard warehouse due to overload.,Reception Area,Incident,Yes,Compressed air injury during maintenance
Alex Lee,Jesse Smith,07 July 2025,16:43,Warehouse,Structural collapse in shipyard warehouse due to improper maintenance.,Training Room,Incident,Yes,Severe abrasion from slip on deck
Spencer Ward,Taylor Reed,08 February 2024,17:48,Engineering,Structural collapse in shipyard warehouse due to overload.,Reception Area,Incident,Yes,Electric shock from faulty wiring
Finley Robinson,Reese Brown,24 June 2025,00:21,Research & Development,Structural collapse in dry dock due to corrosion.,Fuel Depot,Incident,Yes,Compressed air injury during maintenance
Jesse Fisher,Alex West,14 May 2025,04:45,Environmental Services,Structural collapse in shipyard warehouse due to improper maintenance.,Main Gate Security,Incident,Yes,Foreign object in eye from grinding debris
Chris Robinson,Avery Payne,07 November 2024,08:13,Engineering,Structural collapse in pier due to overload.,Dry Dock 1,Incident,Yes,Puncture wound from misplaced tool
Cameron Lee,Jamie Walker,03 February 2024,10:09,HR,grinder failure caused a fuel leak to storage area.,Electrical Bay,Incident,Yes,Eye irritation from chemical fumes
Harper Bailey,Kai Ward,31 July 2024,06:28,Warehouse,Structural collapse in shipyard warehouse due to improper maintenance.,Dockyard South,Incident,Yes,Severe abrasion from slip on deck
Riley Morgan,Skyler Smith,02 April 2024,19:03,IT,forklift failure caused a fuel leak to ship propeller.,Fuel Depot,Incident,Yes,Minor cuts and bruises
Rowan Johnson,Jordan Allen,30 June 2025,15:01,IT,Oil spill contaminated dock area.,Electrical Bay,Incident,Yes,Crush injury to hand from hydraulic press
Taylor Cooper,Reese Clark,03 January 2024,00:57,Procurement,Chemicals spill contaminated paint shop.,IT Server Room,Incident,Yes,Hearing damage from loud machinery
Sydney Hughes,Sydney Allen,24 March 2025,22:41,Training & Development,grinder failure caused a steel beam to drop to dry dock floor.,Engineering Workshop,Incident,Yes,Foreign object in eye from grinding debris
Sydney Murphy,Reese Cooper,23 March 2025,12:16,Security,forklift failure caused a fuel leak to storage area.,Electrical Bay,Incident,Yes,Foreign object in eye from grinding debris
Avery Lewis,Frankie Reed,18 November 2024,03:46,Finance,Chemicals spill contaminated paint shop.,Fleet Garage,Incident,Yes,Hearing damage from loud machinery
Charlie Bailey,Quinn Murphy,09 January 2024,23:00,IT,Oil spill contaminated engine room.,Warehouse A,Incident,Yes,Dislocated shoulder during equipment maintenance
Alex Kennedy,Skyler West,01 April 2024,20:24,Ship Maintenance,Structural collapse in pier due to overload.,Fleet Garage,Incident,Yes,Fractured wrist from fall on wet surface
Spencer Fisher,Kai Graham,24 July 2025,12:24,Customer Service,Oil spill contaminated engine room.,Engineering Workshop,Incident,Yes,Back strain from improper lifting
Frankie Kennedy,Drew Bennett,12 August 2025,17:10,Dockyard Operations,crane failure caused a steel beam to drop to storage area.,Paint Shop,Incident,Yes,Chemical burn from solvent exposure
Elliot Bailey,Sydney Holmes,24 May 2024,17:03,Training & Development,Structural collapse in pier due to corrosion.,Dockyard North,Incident,Yes,Concussion from falling object
Jamie Walker,Quinn Fisher,22 April 2025,16:50,Dockyard Operations,forklift failure caused electrical fire to ship propeller.,Office - Admin Block,Incident,Yes,Crush injury to hand from hydraulic press
Finley Payne,Morgan Morgan,08 September 2024,19:04,Health & Safety,grinder failure caused a steel beam to drop to dry dock floor.,Cafeteria,Incident,Yes,Dislocated shoulder during equipment maintenance
Elliot Pearson,Jordan West,31 May 2025,12:42,Operations,Structural collapse in pier due to corrosion.,Office - Admin Block,Incident,Yes,Hearing damage from loud machinery
Morgan Johnson,Charlie Lee,13 June 2025,05:55,Communications,forklift failure caused electrical fire to storage area.,Engineering Workshop,Incident,Yes,Concussion from falling object
Reese Ward,Reese Smith,19 June 2024,10:35,Operations,crane failure caused electrical fire to storage area.,Fuel Depot,Incident,Yes,Burn from hot welding equipment
Charlie Morgan,Peyton Fisher,08 July 2025,00:32,Quality Assurance,Hydraulic fluid spill contaminated dock area.,Office - Admin Block,Incident,Yes,Hearing damage from loud machinery
Spencer Bennett,Sawyer Foster,29 February 2024,07:46,Research & Development,forklift failure caused a fuel leak to dry dock floor.,Dockyard South,Incident,Yes,Compressed air injury during maintenance
Taylor Ward,Charlie West,13 June 2025,09:47,Quality Assurance,Structural collapse in pier due to overload.,Tool Crib,Incident,Yes,Trip hazard fall resulting in bruising
Rowan Holmes,Cameron Parker,10 September 2024,21:47,HR,Structural collapse in pier due to improper maintenance.,Fleet Garage,Incident,Yes,Laceration from sharp metal panel
Kai Brown,Reese Johnson,10 March 2024,07:00,Dockyard Operations,crane failure caused a steel beam to drop to ship propeller.,Fleet Garage,Incident,Yes,Trip hazard fall resulting in bruising
Chris Fisher,Casey Johnson,02 March 2024,09:29,Customer Service,Structural collapse in dry dock due to improper maintenance.,Shipyard Pier,Incident,Yes,Laceration from sharp metal panel
Sydney Cooper,Spencer Mitchell,03 September 2024,17:27,Customer Service,Structural collapse in pier due to overload.,IT Server Room,Incident,Yes,Dislocated shoulder during equipment maintenance
Avery Lee,Sawyer Allen,20 January 2025,23:52,Finance,Oil spill contaminated engine room.,Paint Shop,Incident,Yes,Fractured wrist from fall on wet surface
Casey Ward,Rowan Foster,07 September 2024,03:05,Finance,crane failure caused a fuel leak to storage area.,Reception Area,Incident,Yes,Concussion from falling object
Taylor Robinson,Skyler Hughes,20 September 2024,23:14,Security,Structural collapse in dry dock due to corrosion.,Dry Dock 2,Incident,Yes,Laceration from sharp metal panel
Skyler Allen,Sawyer Murphy,01 March 2024,10:56,Facilities,Hydraulic fluid spill contaminated engine room.,IT Server Room,Incident,Yes,Dislocated shoulder during equipment maintenance
Morgan Lewis,Cameron Foster,09 May 2024,14:40,Facilities,Oil spill contaminated paint shop.,Warehouse B,Incident,Yes,Laceration from sharp metal panel
Morgan Smith,Kai Bennett,29 June 2025,07:58,Environmental Services,Oil spill contaminated engine room.,Warehouse A,Incident,Yes,Puncture wound from misplaced tool
Finley Parker,Morgan Clark,14 October 2024,13:59,Legal,Hydraulic fluid spill contaminated paint shop.,Maintenance Shed,Incident,Yes,Eye irritation from chemical fumes
Finley Payne,Jamie Walker,14 August 2025,22:12,Dockyard Operations,forklift failure caused a steel beam to drop to storage area.,Dry Dock 2,Incident,Yes,Fractured ankle due to fall from scaffolding
Charlie Lee,Logan West,30 June 2024,18:22,Fleet Management,forklift failure caused a fuel leak to dry dock floor.,Reception Area,Incident,Yes,Smoke inhalation from fire in electrical bay
Frankie Mitchell,Alex Morgan,02 August 2024,13:48,Health & Safety,forklift failure caused electrical fire to dry dock floor.,Office - Admin Block,Incident,Yes,Back strain from improper lifting
Kai Smith,Cameron Murray,09 March 2024,19:44,Security,Hydraulic fluid spill contaminated engine room.,Warehouse A,Incident,Yes,Electric shock from faulty wiring
Morgan Bailey,Finley Davis,15 August 2024,06:16,Training & Development,crane failure caused a fuel leak to storage area.,Office - Admin Block,Incident,Yes,Chemical burn from solvent exposure
Drew Murphy,Finley Reed,23 March 2024,20:28,Legal,Hydraulic fluid spill contaminated paint shop.,Office - Admin Block,Incident,Yes,Fractured wrist from fall on wet surface
Spencer Clark,Blake Foster,27 April 2024,06:30,HR,Hydraulic fluid spill contaminated dock area.,Dockyard North,Incident,Yes,Foreign object in eye from grinding debris
Quinn Holmes,Sydney Kennedy,27 August 2024,16:14,Training & Development,Oil spill contaminated paint shop.,Warehouse A,Incident,Yes,Laceration from sharp metal panel
Riley Murray,Morgan Foster,17 September 2024,22:39,Operations,Structural collapse in shipyard warehouse due to improper maintenance.,Office - Admin Block,Incident,Yes,Smoke inhalation from fire in electrical bay
Frankie Johnson,Finley Smith,03 March 2024,21:12,Quality Assurance,forklift failure caused a fuel leak to storage area.,Training Room,Incident,Yes,Burn from hot welding equipment
Drew Johnson,Logan Mitchell,24 October 2024,13:14,Health & Safety,Structural collapse in shipyard warehouse due to overload.,Tool Crib,Incident,Yes,Compressed air injury during maintenance
Morgan Mitchell,Chris Lee,21 March 2024,15:46,Facilities,Chemicals spill contaminated dock area.,Cafeteria,Incident,Yes,Hearing damage from loud machinery
Jamie West,Reese Johnson,17 July 2024,08:12,Logistics,Structural collapse in dry dock due to overload.,Tool Crib,Incident,Yes,Crush injury to hand from hydraulic press
Drew Kennedy,Dakota Brown,02 February 2025,08:25,Research & Development,grinder failure caused a fuel leak to dry dock floor.,Dockyard South,Incident,Yes,Electric shock from faulty wiring
Drew Mitchell,Finley Clark,05 April 2025,21:21,HR,Structural collapse in pier due to overload.,Dockyard North,Incident,Yes,Back strain from improper lifting
Reese Walker,Peyton Kennedy,12 October 2024,05:17,Dockyard Operations,Structural collapse in shipyard warehouse due to improper maintenance.,Dry Dock 2,Incident,Yes,Concussion from falling object
Elliot Brown,Dakota Robinson,28 May 2025,16:18,Research & Development,Oil spill contaminated dock area.,Fuel Depot,Incident,Yes,Dislocated shoulder during equipment maintenance
Drew Hughes,Jordan Mitchell,15 March 2024,21:23,Communications,Chemicals spill contaminated engine room.,Warehouse B,Incident,Yes,Fractured ankle due to fall from scaffolding
Harper Morgan,Sydney Payne,07 October 2024,14:09,Health & Safety,crane failure caused electrical fire to storage area.,Tool Crib,Incident,Yes,Crush injury to hand from hydraulic press
Jesse Walker,Logan Mitchell,17 February 2024,22:25,Quality Assurance,crane failure caused a steel beam to drop to dry dock floor.,Dockyard South,Incident,Yes,Foreign object in eye from grinding debris
Chris Fisher,Blake Hughes,05 July 2025,00:49,Operations,Hydraulic fluid spill contaminated dock area.,Warehouse A,Incident,Yes,Hearing damage from loud machinery
Drew Murphy,Kai Robinson,02 January 2024,21:29,Customer Service,Hydraulic fluid spill contaminated dock area.,Main Gate Security,Incident,Yes,Laceration from sharp metal panel
Jordan Davis,Avery West,23 April 2025,14:59,Security,Structural collapse in dry dock due to improper maintenance.,Training Room,Incident,Yes,Concussion from falling object
Sawyer West,Finley Lee,03 March 2024,08:04,Environmental Services,Structural collapse in pier due to overload.,Fuel Depot,Incident,Yes,Fractured wrist from fall on wet surface
Kai Mitchell,Avery Mitchell,03 April 2024,06:11,Engineering,Structural collapse in dry dock due to corrosion.,Reception Area,Incident,Yes,Electric shock from faulty wiring
Skyler Graham,Logan Bailey,23 February 2025,16:27,Finance,grinder failure caused a steel beam to drop to dry dock floor.,IT Server Room,Incident,Yes,Dislocated shoulder during equipment maintenance
Elliot Morgan,Finley Mitchell,28 July 2025,04:36,IT,Structural collapse in shipyard warehouse due to overload.,Fuel Depot,Incident,Yes,Concussion from falling object
Dakota Lewis,Jordan Bennett,13 July 2024,05:00,HR,Structural collapse in shipyard warehouse due to overload.,Tool Crib,Incident,Yes,Fractured ankle due to fall from scaffolding
Skyler Cooper,Dakota Morgan,12 February 2025,13:03,IT,crane failure caused a fuel leak to dry dock floor.,Fuel Depot,Incident,Yes,Concussion from falling object
Spencer Bailey,Logan Clark,10 May 2025,06:55,Facilities,forklift failure caused electrical fire to storage area.,Electrical Bay,Incident,Yes,Heat exhaustion from prolonged outdoor work
Spencer Graham,Cameron Payne,17 May 2024,17:09,Fleet Management,Hydraulic fluid spill contaminated dock area.,Training Room,Incident,Yes,Compressed air injury during maintenance
Taylor Holmes,Cameron Lewis,07 March 2024,01:13,Quality Assurance,Hydraulic fluid spill contaminated engine room.,Fuel Depot,Incident,Yes,Burn from hot welding equipment
Skyler Fisher,Alex Bailey,04 October 2024,03:27,Logistics,Structural collapse in dry dock due to improper maintenance.,Paint Shop,Incident,Yes,Compressed air injury during maintenance
Jordan Foster,Rowan Walker,14 December 2024,03:31,Warehouse,Hydraulic fluid spill contaminated paint shop.,Maintenance Shed,Incident,Yes,Trip hazard fall resulting in bruising
Harper Holmes,Reese Ward,09 September 2024,23:14,Communications,Hydraulic fluid spill contaminated paint shop.,Electrical Bay,Incident,Yes,Laceration from sharp metal panel
Charlie Johnson,Reese Murray,24 February 2025,10:18,Dockyard Operations,grinder failure caused a steel beam to drop to ship propeller.,Office - Admin Block,Incident,Yes,Heat exhaustion from prolonged outdoor work
Sydney Allen,Taylor Hughes,06 September 2024,14:08,IT,crane failure caused a fuel leak to storage area.,Dry Dock 2,Incident,Yes,Trip hazard fall resulting in bruising
Kai Johnson,Quinn Bennett,03 November 2024,17:10,Customer Service,Hydraulic fluid spill contaminated dock area.,Dry Dock 2,Incident,Yes,Minor cuts and bruises
Sydney Pearson,Spencer Payne,30 July 2025,18:17,Environmental Services,Structural collapse in pier due to overload.,Paint Shop,Incident,Yes,Heat exhaustion from prolonged outdoor work
Kai Reed,Riley Cooper,03 July 2025,07:42,Fleet Management,grinder failure caused a fuel leak to storage area.,Training Room,Incident,Yes,Laceration from sharp metal panel
Emerson Morgan,Avery Parker,21 June 2024,19:00,Dockyard Operations,Structural collapse in dry dock due to overload.,Dry Dock 2,Incident,Yes,Fractured ankle due to fall from scaffolding
Kai Murray,Sawyer Bailey,06 November 2024,22:22,Training & Development,Oil spill contaminated paint shop.,Training Room,Incident,Yes,Minor cuts and bruises
Skyler Murray,Cameron Lewis,04 February 2024,14:14,Dockyard Operations,Structural collapse in pier due to improper maintenance.,Dry Dock 2,Incident,Yes,Laceration from sharp metal panel
Spencer Clark,Peyton Murray,08 August 2025,22:50,Communications,Structural collapse in shipyard warehouse due to corrosion.,Cafeteria,Incident,Yes,Laceration from sharp metal panel
Sawyer Walker,Harper Bailey,11 April 2024,13:50,Security,crane failure caused a fuel leak to storage area.,Electrical Bay,Incident,Yes,Laceration from sharp metal panel
Emerson Fisher,Jesse Lewis,11 April 2024,20:00,Operations,Structural collapse in shipyard warehouse due to improper maintenance.,Shipyard Pier,Incident,Yes,Heat exhaustion from prolonged outdoor work
Skyler Lee,Sawyer West,19 July 2024,02:55,Health & Safety,Structural collapse in dry dock due to improper maintenance.,Cafeteria,Incident,Yes,Concussion from falling object
Jesse Clark,Jordan Davis,31 October 2024,10:38,Environmental Services,grinder failure caused electrical fire to dry dock floor.,Warehouse A,Incident,Yes,Dislocated shoulder during equipment maintenance
Blake Johnson,Jesse Davis,17 February 2024,04:34,Health & Safety,Structural collapse in dry dock due to corrosion.,Dry Dock 2,Incident,Yes,Laceration from sharp metal panel
Taylor Parker,Chris Allen,21 June 2025,23:23,Dockyard Operations,crane failure caused a steel beam to drop to storage area.,Warehouse B,Incident,Yes,Crush injury to hand from hydraulic press
Reese Cooper,Blake Hughes,12 April 2024,00:02,Warehouse,Structural collapse in pier due to corrosion.,Shipyard Pier,Incident,Yes,Severe abrasion from slip on deck
Charlie Sullivan,Spencer Johnson,06 July 2025,01:43,Fleet Management,crane failure caused a steel beam to drop to dry dock floor.,Maintenance Shed,Incident,Yes,Hearing damage from loud machinery
Peyton Graham,Jamie Hughes,06 February 2025,04:16,Finance,Oil spill contaminated dock area.,Shipyard Pier,Incident,Yes,Foreign object in eye from grinding debris
Dakota Holmes,Riley Cooper,13 November 2024,01:51,Security,grinder failure caused a fuel leak to storage area.,Cafeteria,Incident,Yes,Compressed air injury during maintenance
Kai Lee,Jesse Parker,03 July 2025,01:05,Warehouse,Structural collapse in dry dock due to corrosion.,Electrical Bay,Incident,Yes,Back strain from improper lifting
Blake Reed,Quinn Murphy,07 May 2025,16:23,Ship Maintenance,Structural collapse in pier due to overload.,Warehouse A,Incident,Yes,Minor cuts and bruises
Elliot Smith,Taylor Davis,01 January 2025,09:01,Environmental Services,forklift failure caused a fuel leak to dry dock floor.,Reception Area,Incident,Yes,Fractured wrist from fall on wet surface
Sawyer Robinson,Finley Kennedy,20 December 2024,16:23,Health & Safety,Hydraulic fluid spill contaminated paint shop.,Fleet Garage,Incident,Yes,Concussion from falling object
Blake Bennett,Skyler Lewis,08 August 2025,19:59,Environmental Services,Structural collapse in shipyard warehouse due to corrosion.,Fleet Garage,Incident,Yes,Burn from hot welding equipment
Finley Bennett,Avery Robinson,08 September 2024,20:46,IT,Structural collapse in dry dock due to improper maintenance.,Dry Dock 1,Incident,Yes,Fractured wrist from fall on wet surface
Quinn Morgan,Morgan Hughes,24 May 2024,01:29,Engineering,crane failure caused electrical fire to ship propeller.,Paint Shop,Incident,Yes,Back strain from improper lifting
Chris Ward,Harper Bennett,12 May 2025,18:49,Training & Development,Structural collapse in dry dock due to corrosion.,Fleet Garage,Incident,Yes,Minor cuts and bruises
Chris Fisher,Rowan Murray,06 November 2024,18:51,IT,crane failure caused a fuel leak to ship propeller.,Paint Shop,Incident,Yes,Burn from hot welding equipment
Drew Clark,Cameron Davis,13 November 2024,05:30,Environmental Services,forklift failure caused a steel beam to drop to ship propeller.,Warehouse B,Incident,Yes,Puncture wound from misplaced tool
Emerson Lee,Reese Clark,30 May 2024,06:53,Quality Assurance,Chemicals spill contaminated paint shop.,Electrical Bay,Incident,Yes,Crush injury to hand from hydraulic press
Quinn Mitchell,Casey Clark,25 November 2024,10:34,Procurement,Hydraulic fluid spill contaminated paint shop.,Shipyard Pier,Incident,Yes,Laceration from sharp metal panel
Chris Davis,Avery Holmes,21 March 2025,15:36,Fleet Management,grinder failure caused a steel beam to drop to dry dock floor.,Paint Shop,Incident,Yes,Smoke inhalation from fire in electrical bay
Emerson Pearson,Blake Smith,05 March 2024,13:47,IT,Hydraulic fluid spill contaminated paint shop.,Maintenance Shed,Incident,Yes,Minor cuts and bruises
Skyler Sullivan,Riley Bennett,29 March 2025,18:29,Dockyard Operations,Chemicals spill contaminated engine room.,Training Room,Incident,Yes,Compressed air injury during maintenance
Jamie Brown,Sawyer Pearson,17 May 2024,01:34,IT,Structural collapse in pier due to improper maintenance.,Fuel Depot,Incident,Yes,Fractured wrist from fall on wet surface
Charlie Walker,Quinn Clark,18 March 2024,11:23,Training & Development,Structural collapse in dry dock due to corrosion.,Engineering Workshop,Incident,Yes,Foreign object in eye from grinding debris
Emerson Murray,Finley Smith,14 November 2024,17:34,Customer Service,grinder failure caused electrical fire to storage area.,Dry Dock 2,Incident,Yes,Crush injury to hand from hydraulic press
Emerson Bailey,Taylor Sullivan,31 January 2025,22:29,Dockyard Operations,Hydraulic fluid spill contaminated dock area.,IT Server Room,Incident,Yes,Fractured ankle due to fall from scaffolding
Chris Cooper,Morgan Morgan,23 September 2024,17:16,Engineering,Oil spill contaminated paint shop.,Office - Admin Block,Incident,Yes,Hearing damage from loud machinery
Jesse Fisher,Peyton Parker,08 November 2024,12:58,IT,Structural collapse in dry dock due to overload.,Dockyard North,Incident,Yes,Fractured wrist from fall on wet surface
Kai Clark,Riley Parker,04 November 2024,20:48,Finance,Structural collapse in shipyard warehouse due to improper maintenance.,Dockyard North,Incident,Yes,Hearing damage from loud machinery
Harper Bailey,Elliot Brown,01 April 2025,18:44,Quality Assurance,grinder failure caused electrical fire to dry dock floor.,Maintenance Shed,Incident,Yes,Concussion from falling object
Avery Reed,Charlie Holmes,14 May 2025,04:16,Training & Development,Hydraulic fluid spill contaminated paint shop.,Fuel Depot,Incident,Yes,Trip hazard fall resulting in bruising
Morgan Lewis,Casey Pearson,10 April 2024,11:51,Environmental Services,Structural collapse in pier due to improper maintenance.,Maintenance Shed,Incident,Yes,Electric shock from faulty wiring
Avery Murray,Blake Foster,11 August 2025,09:45,Engineering,Chemicals spill contaminated dock area.,Electrical Bay,Incident,Yes,Hearing damage from loud machinery
Elliot Robinson,Casey Allen,13 March 2025,12:34,Communications,grinder failure caused a steel beam to drop to ship propeller.,Dry Dock 2,Incident,Yes,Compressed air injury during maintenance
Logan Holmes,Jesse Murphy,29 January 2024,02:02,Warehouse,Oil spill contaminated engine room.,IT Server Room,Incident,Yes,Smoke inhalation from fire in electrical bay
Jesse Graham,Elliot Davis,31 August 2024,17:57,HR,Oil spill contaminated engine room.,Engineering Workshop,Incident,Yes,Heat exhaustion from prolonged outdoor work
Finley Graham,Dakota Sullivan,26 August 2024,05:53,Facilities,Structural collapse in dry dock due to overload.,Tool Crib,Incident,Yes,Eye irritation from chemical fumes
Quinn Pearson,Chris Davis,30 July 2025,04:19,Procurement,Structural collapse in shipyard warehouse due to overload.,Warehouse A,Incident,Yes,Smoke inhalation from fire in electrical bay
Kai Murphy,Kai Brown,21 June 2024,19:08,Research & Development,crane failure caused a fuel leak to dry dock floor.,Electrical Bay,Incident,Yes,Trip hazard fall resulting in bruising
Emerson Robinson,Rowan West,03 April 2025,12:28,Fleet Management,Chemicals spill contaminated engine room.,Warehouse B,Incident,Yes,Chemical burn from solvent exposure
Blake Morgan,Emerson Mitchell,08 April 2024,15:40,Customer Service,forklift failure caused a steel beam to drop to ship propeller.,Main Gate Security,Incident,Yes,Puncture wound from misplaced tool
Peyton Allen,Sydney Murphy,02 November 2024,05:13,Logistics,Structural collapse in shipyard warehouse due to improper maintenance.,Dry Dock 2,Incident,Yes,Hearing damage from loud machinery
Riley Brown,Logan Reed,14 May 2025,04:05,Environmental Services,Structural collapse in dry dock due to overload.,Engineering Workshop,Incident,Yes,Fractured ankle due to fall from scaffolding
Finley Clark,Jesse Smith,11 January 2024,17:16,IT,Oil spill contaminated engine room.,Maintenance Shed,Incident,Yes,Chemical burn from solvent exposure
Drew West,Alex Reed,24 January 2025,02:23,Security,Structural collapse in pier due to overload.,Warehouse B,Incident,Yes,Chemical burn from solvent exposure
Alex Graham,Reese Hughes,12 May 2025,18:22,Environmental Services,Chemicals spill contaminated dock area.,Fuel Depot,Incident,Yes,Concussion from falling object
Casey Pearson,Blake Robinson,20 July 2024,00:10,Procurement,crane failure caused electrical fire to storage area.,IT Server Room,Incident,Yes,Electric shock from faulty wiring
Elliot Pearson,Peyton Graham,02 June 2025,12:12,Dockyard Operations,Oil spill contaminated dock area.,Engineering Workshop,Incident,Yes,Laceration from sharp metal panel
Charlie Clark,Taylor Morgan,23 July 2025,23:59,Facilities,forklift failure caused a steel beam to drop to ship propeller.,Shipyard Pier,Incident,Yes,Puncture wound from misplaced tool
Jamie Clark,Reese Reed,09 July 2024,19:57,Procurement,Chemicals spill contaminated dock area.,Dry Dock 1,Incident,Yes,Electric shock from faulty wiring
Drew Lewis,Frankie Lee,23 March 2024,00:26,Customer Service,Hydraulic fluid spill contaminated dock area.,Shipyard Pier,Incident,Yes,Concussion from falling object
Harper Johnson,Elliot Walker,09 August 2025,22:43,Security,Worker nearly slipped on an oily surface but avoided injury.,Warehouse B,Near Miss,No,N/A
Quinn Johnson,Frankie Payne,26 June 2025,04:32,IT,toxic fumes was discovered before harm occurred.,Reception Area,Near Miss,No,N/A
Spencer Kennedy,Riley Walker,16 September 2024,05:15,Legal,toxic fumes was discovered before harm occurred.,Training Room,Near Miss,No,N/A
Emerson Parker,Finley Brown,08 January 2025,21:42,Engineering,Unsecured pipe almost fell from scaffolding.,IT Server Room,Near Miss,No,N/A
Taylor Foster,Avery Payne,07 May 2025,10:36,Quality Assurance,toxic fumes was discovered before harm occurred.,Dry Dock 2,Near Miss,No,N/A
Avery Allen,Quinn Allen,08 May 2024,16:36,Operations,high-voltage wiring was discovered before harm occurred.,Maintenance Shed,Near Miss,No,N/A
Harper Brown,Harper Murphy,19 July 2025,04:04,Logistics,Unsecured toolbox almost fell from ship deck.,Electrical Bay,Near Miss,No,N/A
Harper Robinson,Sydney Murphy,28 February 2025,21:55,Environmental Services,Worker nearly stepped into an open hatch but avoided injury.,Reception Area,Near Miss,No,N/A
Casey Lewis,Sydney Holmes,10 September 2024,06:23,Logistics,Worker nearly stepped into an open hatch but avoided injury.,Fuel Depot,Near Miss,No,N/A
Jamie Johnson,Elliot Davis,13 October 2024,22:39,Security,Unsecured ladder almost fell from ladder.,Paint Shop,Near Miss,No,N/A
Casey Bailey,Cameron Morgan,10 November 2024,15:18,Logistics,asbestos was discovered before harm occurred.,Tool Crib,Near Miss,No,N/A
Frankie Johnson,Reese Payne,26 April 2025,00:17,Legal,asbestos was discovered before harm occurred.,Warehouse B,Near Miss,No,N/A
Spencer Hughes,Harper Kennedy,01 July 2024,22:33,Health & Safety,Worker nearly stepped into an open hatch but avoided injury.,Dry Dock 1,Near Miss,No,N/A
Drew Murray,Casey Ward,18 October 2024,17:42,Facilities,Unsecured ladder almost fell from ship deck.,Reception Area,Near Miss,No,N/A
Kai Hughes,Morgan Allen,09 June 2025,05:41,Security,Worker nearly stepped into an open hatch but avoided injury.,Office - Admin Block,Near Miss,No,N/A
Rowan Pearson,Quinn Morgan,12 January 2025,12:31,Customer Service,high-voltage wiring was discovered before harm occurred.,Fuel Depot,Near Miss,No,N/A
Riley Davis,Taylor Walker,18 September 2024,06:09,Fleet Management,asbestos was discovered before harm occurred.,Office - Admin Block,Near Miss,No,N/A
Rowan Murray,Jamie Allen,21 March 2025,12:29,Customer Service,high-voltage wiring was discovered before harm occurred.,Dry Dock 2,Near Miss,No,N/A
Drew Murphy,Sydney Holmes,28 March 2024,09:09,Facilities,Worker nearly stepped into an open hatch but avoided injury.,Office - Admin Block,Near Miss,No,N/A
Charlie Smith,Dakota Pearson,18 November 2024,02:10,Training & Development,Unsecured pipe almost fell from scaffolding.,Maintenance Shed,Near Miss,No,N/A
Frankie Brown,Cameron Holmes,11 November 2024,08:50,Finance,asbestos was discovered before harm occurred.,Tool Crib,Near Miss,No,N/A
Avery Hughes,Reese Lewis,29 December 2024,19:57,Training & Development,Unsecured ladder almost fell from ladder.,Main Gate Security,Near Miss,No,N/A
Morgan Fisher,Skyler Smith,18 July 2025,12:10,Security,toxic fumes was discovered before harm occurred.,Dry Dock 1,Near Miss,No,N/A
Drew Hughes,Blake Kennedy,08 June 2024,02:21,Fleet Management,high-voltage wiring was discovered before harm occurred.,Dockyard South,Near Miss,No,N/A
Spencer Bailey,Riley Graham,04 June 2025,13:06,HR,Worker nearly slipped on an oily surface but avoided injury.,Dry Dock 2,Near Miss,No,N/A
Harper Reed,Harper Lee,13 January 2024,08:42,Fleet Management,toxic fumes was discovered before harm occurred.,Warehouse A,Near Miss,No,N/A
Riley Johnson,Alex Parker,01 July 2025,11:25,Research & Development,toxic fumes was discovered before harm occurred.,Engineering Workshop,Near Miss,No,N/A
Peyton Walker,Riley Lewis,12 January 2024,12:05,HR,Unsecured ladder almost fell from scaffolding.,Engineering Workshop,Near Miss,No,N/A
Quinn Robinson,Emerson Ward,25 May 2024,06:30,Quality Assurance,Worker nearly touched live wiring but avoided injury.,Dockyard North,Near Miss,No,N/A
Riley Murphy,Sydney Sullivan,28 December 2024,10:52,Fleet Management,high-voltage wiring was discovered before harm occurred.,Maintenance Shed,Near Miss,No,N/A
Reese Bennett,Charlie Walker,15 February 2024,22:43,HR,Worker nearly touched live wiring but avoided injury.,Maintenance Shed,Near Miss,No,N/A
Rowan Robinson,Quinn Reed,28 August 2024,17:56,Security,Unsecured toolbox almost fell from scaffolding.,Warehouse B,Near Miss,No,N/A
Cameron Robinson,Peyton Hughes,20 November 2024,09:21,Security,Worker nearly stepped into an open hatch but avoided injury.,Dockyard South,Near Miss,No,N/A
Riley Parker,Spencer Robinson,02 May 2024,03:06,Ship Maintenance,Unsecured toolbox almost fell from ladder.,Main Gate Security,Near Miss,No,N/A
Logan Kennedy,Harper Graham,07 January 2025,03:32,Finance,high-voltage wiring was discovered before harm occurred.,Electrical Bay,Near Miss,No,N/A
Jordan Johnson,Quinn Reed,21 April 2025,22:39,Legal,toxic fumes was discovered before harm occurred.,Dockyard North,Near Miss,No,N/A
Chris Holmes,Sydney Cooper,04 September 2024,03:50,Health & Safety,Worker nearly stepped into an open hatch but avoided injury.,Reception Area,Near Miss,No,N/A
Harper Pearson,Reese Sullivan,05 February 2025,18:57,IT,toxic fumes was discovered before harm occurred.,Warehouse A,Near Miss,No,N/A
Morgan Walker,Drew Morgan,12 January 2025,20:48,Customer Service,Unsecured toolbox almost fell from scaffolding.,Cafeteria,Near Miss,No,N/A
Spencer Lee,Emerson Payne,16 August 2024,03:53,Engineering,asbestos was discovered before harm occurred.,Engineering Workshop,Near Miss,No,N/A
Peyton Allen,Logan Reed,08 February 2025,09:19,Procurement,Unsecured toolbox almost fell from ship deck.,Maintenance Shed,Near Miss,No,N/A
Emerson Sullivan,Taylor Johnson,10 October 2024,04:16,IT,toxic fumes was discovered before harm occurred.,Engineering Workshop,Near Miss,No,N/A
Chris Bailey,Dakota West,13 December 2024,14:11,Ship Maintenance,asbestos was discovered before harm occurred.,Fuel Depot,Near Miss,No,N/A
Jamie West,Riley Reed,22 August 2025,13:34,Facilities,Worker nearly stepped into an open hatch but avoided injury.,Dockyard South,Near Miss,No,N/A
Elliot Robinson,Cameron Foster,08 February 2024,20:25,Ship Maintenance,asbestos was discovered before harm occurred.,Main Gate Security,Near Miss,No,N/A
Jamie Lee,Reese Davis,14 February 2024,08:09,Training & Development,Worker nearly stepped into an open hatch but avoided injury.,IT Server Room,Near Miss,No,N/A
Alex Cooper,Sawyer Johnson,15 March 2025,15:22,IT,high-voltage wiring was discovered before harm occurred.,Fuel Depot,Near Miss,No,N/A
Frankie Robinson,Jesse Brown,03 December 2024,02:00,Quality Assurance,Unsecured pipe almost fell from ship deck.,Office - Admin Block,Near Miss,No,N/A
Peyton Hughes,Cameron Graham,13 July 2025,00:03,Quality Assurance,Unsecured toolbox almost fell from ship deck.,Office - Admin Block,Near Miss,No,N/A
Dakota Holmes,Skyler Smith,18 January 2025,20:46,Ship Maintenance,Unsecured ladder almost fell from ship deck.,Shipyard Pier,Near Miss,No,N/A
Emerson Allen,Riley Morgan,15 June 2025,18:19,Fleet Management,Unsecured ladder almost fell from ladder.,Dry Dock 2,Near Miss,No,N/A
Harper Lewis,Charlie Lewis,21 September 2024,06:31,Dockyard Operations,toxic fumes was discovered before harm occurred.,Maintenance Shed,Near Miss,No,N/A
Sydney Brown,Jordan Davis,16 April 2024,08:22,Legal,Unsecured toolbox almost fell from ladder.,Tool Crib,Near Miss,No,N/A
Taylor Reed,Charlie Bailey,13 February 2024,21:12,Procurement,Unsecured pipe almost fell from scaffolding.,IT Server Room,Near Miss,No,N/A
Avery Murray,Cameron Ward,10 June 2024,01:47,Engineering,Unsecured toolbox almost fell from scaffolding.,Shipyard Pier,Near Miss,No,N/A
Sawyer Kennedy,Quinn Lewis,12 March 2025,00:02,Engineering,Unsecured toolbox almost fell from scaffolding.,Dockyard South,Near Miss,No,N/A
Casey Davis,Taylor Hughes,04 November 2024,00:54,IT,Unsecured toolbox almost fell from ladder.,Warehouse B,Near Miss,No,N/A
Charlie Sullivan,Avery Mitchell,12 March 2024,08:03,Dockyard Operations,Unsecured toolbox almost fell from ship deck.,Fleet Garage,Near Miss,No,N/A
Reese Davis,Finley Bailey,05 January 2025,13:38,Legal,toxic fumes was discovered before harm occurred.,Tool Crib,Near Miss,No,N/A
Jamie Reed,Logan Bailey,18 August 2025,12:35,HR,Worker nearly slipped on an oily surface but avoided injury.,Reception Area,Near Miss,No,N/A
Elliot Parker,Elliot Hughes,03 July 2024,02:20,Finance,Worker nearly touched live wiring but avoided injury.,Dry Dock 2,Near Miss,No,N/A
Logan West,Drew Walker,03 April 2024,10:13,Warehouse,toxic fumes was discovered before harm occurred.,Dockyard South,Near Miss,No,N/A
Cameron West,Finley Mitchell,16 April 2025,00:26,Fleet Management,Unsecured pipe almost fell from scaffolding.,Training Room,Near Miss,No,N/A
Taylor Kennedy,Blake Johnson,23 May 2024,15:00,HR,Worker nearly stepped into an open hatch but avoided injury.,Main Gate Security,Near Miss,No,N/A
Casey Graham,Emerson Lee,18 February 2024,21:01,Training & Development,toxic fumes was discovered before harm occurred.,Office - Admin Block,Near Miss,No,N/A
Harper Holmes,Kai Sullivan,28 August 2024,16:10,Dockyard Operations,Unsecured pipe almost fell from ship deck.,Fuel Depot,Near Miss,No,N/A
Drew Smith,Skyler Lewis,11 January 2024,09:26,Logistics,high-voltage wiring was discovered before harm occurred.,Warehouse A,Near Miss,No,N/A
Riley Holmes,Emerson Foster,03 October 2024,03:16,Research & Development,Worker nearly touched live wiring but avoided injury.,Dockyard South,Near Miss,No,N/A
Emerson Holmes,Sawyer Payne,17 August 2024,17:35,Facilities,Unsecured ladder almost fell from ladder.,Dry Dock 1,Near Miss,No,N/A
Logan Morgan,Harper Robinson,20 February 2025,14:37,Dockyard Operations,high-voltage wiring was discovered before harm occurred.,Shipyard Pier,Near Miss,No,N/A
Jamie Mitchell,Dakota Davis,24 July 2024,16:28,Quality Assurance,asbestos was discovered before harm occurred.,Dry Dock 2,Near Miss,No,N/A
Frankie Holmes,Riley Reed,26 January 2025,12:27,IT,Worker nearly touched live wiring but avoided injury.,Electrical Bay,Near Miss,No,N/A
Charlie Murray,Sawyer Allen,23 July 2024,16:48,Logistics,asbestos was discovered before harm occurred.,Dry Dock 1,Near Miss,No,N/A
Rowan Lewis,Emerson Parker,12 January 2025,01:05,Quality Assurance,Unsecured toolbox almost fell from scaffolding.,Dockyard South,Near Miss,No,N/A
Cameron Murray,Rowan Clark,03 May 2024,10:34,Dockyard Operations,Unsecured ladder almost fell from ship deck.,Tool Crib,Near Miss,No,N/A
Jamie Foster,Quinn Kennedy,23 September 2024,16:28,Dockyard Operations,Worker nearly touched live wiring but avoided injury.,Reception Area,Near Miss,No,N/A
Finley Bailey,Skyler Hughes,11 March 2025,18:02,Environmental Services,Unsecured pipe almost fell from scaffolding.,Fleet Garage,Near Miss,No,N/A
Drew Parker,Drew Brown,30 December 2024,10:29,Warehouse,asbestos was discovered before harm occurred.,Office - Admin Block,Near Miss,No,N/A
Jesse Walker,Quinn Bennett,21 February 2025,08:23,Training & Development,Unsecured toolbox almost fell from ladder.,Shipyard Pier,Near Miss,No,N/A
Charlie Holmes,Quinn West,13 March 2024,02:59,Engineering,Unsecured ladder almost fell from scaffolding.,Shipyard Pier,Near Miss,No,N/A
Logan Graham,Frankie Mitchell,01 June 2025,22:53,Finance,asbestos was discovered before harm occurred.,Office - Admin Block,Near Miss,No,N/A
Emerson Sullivan,Elliot Kennedy,05 August 2025,06:59,Communications,Worker nearly touched live wiring but avoided injury.,Warehouse A,Near Miss,No,N/A
Casey Parker,Morgan Davis,12 January 2024,02:14,Fleet Management,Worker nearly slipped on an oily surface but avoided injury.,Electrical Bay,Near Miss,No,N/A
Reese Morgan,Logan Fisher,15 April 2025,14:03,Logistics,Worker nearly slipped on an oily surface but avoided injury.,Training Room,Near Miss,No,N/A
Jordan Morgan,Charlie Bailey,30 October 2024,02:53,Research & Development,high-voltage wiring was discovered before harm occurred.,Engineering Workshop,Near Miss,No,N/A
Blake Mitchell,Avery West,31 January 2024,07:51,Finance,Worker nearly touched live wiring but avoided injury.,Reception Area,Near Miss,No,N/A
Frankie Murphy,Blake Cooper,11 November 2024,09:31,Research & Development,Unsecured toolbox almost fell from ship deck.,Dry Dock 1,Near Miss,No,N/A
Dakota Payne,Emerson Robinson,06 October 2024,13:11,Communications,Unsecured pipe almost fell from ladder.,Paint Shop,Near Miss,No,N/A
Alex Bailey,Finley Murphy,14 May 2025,10:36,Training & Development,high-voltage wiring was discovered before harm occurred.,Fleet Garage,Near Miss,No,N/A
Casey Payne,Rowan Murray,19 February 2025,06:36,Procurement,Unsecured pipe almost fell from ship deck.,Engineering Workshop,Near Miss,No,N/A
Casey Cooper,Drew Cooper,20 September 2024,08:54,Environmental Services,high-voltage wiring was discovered before harm occurred.,Engineering Workshop,Near Miss,No,N/A
Alex Graham,Rowan Bailey,12 April 2025,10:55,Legal,toxic fumes was discovered before harm occurred.,Tool Crib,Near Miss,No,N/A
Logan Allen,Jordan Davis,14 August 2024,22:46,HR,Unsecured ladder almost fell from ship deck.,Cafeteria,Near Miss,No,N/A
Avery Fisher,Jesse Allen,17 May 2025,05:46,Warehouse,Unsecured toolbox almost fell from ship deck.,Dry Dock 1,Near Miss,No,N/A
Jamie Morgan,Rowan Morgan,10 May 2025,19:43,Quality Assurance,Unsecured ladder almost fell from scaffolding.,Dry Dock 1,Near Miss,No,N/A
Logan Hughes,Cameron Sullivan,08 January 2024,10:48,Security,Unsecured pipe almost fell from ship deck.,Dry Dock 2,Near Miss,No,N/A
Harper Kennedy,Frankie Smith,20 January 2024,13:47,Fleet Management,asbestos was discovered before harm occurred.,IT Server Room,Near Miss,No,N/A
Drew Lewis,Elliot Lewis,25 July 2025,10:57,Logistics,toxic fumes was discovered before harm occurred.,Warehouse B,Near Miss,No,N/A
Morgan Robinson,Cameron Fisher,23 November 2024,18:13,Training & Development,Worker nearly slipped on an oily surface but avoided injury.,Shipyard Pier,Near Miss,No,N/A
Harper Clark,Finley Hughes,09 January 2025,11:56,IT,Worker nearly touched live wiring but avoided injury.,Dry Dock 1,Near Miss,No,N/A
Casey Robinson,Morgan Allen,29 July 2024,05:47,Customer Service,high-voltage wiring was discovered before harm occurred.,Electrical Bay,Near Miss,No,N/A
Morgan Smith,Sawyer Brown,16 September 2024,23:30,Security,Unsecured pipe almost fell from ship deck.,IT Server Room,Near Miss,No,N/A
Blake Holmes,Quinn Kennedy,05 January 2024,06:40,Customer Service,Unsecured toolbox almost fell from ship deck.,Warehouse A,Near Miss,No,N/A
Frankie Foster,Dakota Smith,20 April 2024,16:48,Engineering,asbestos was discovered before harm occurred.,Main Gate Security,Near Miss,No,N/A
Quinn Sullivan,Kai Murray,01 December 2024,05:17,Training & Development,high-voltage wiring was discovered before harm occurred.,Tool Crib,Near Miss,No,N/A
Harper Graham,Kai Ward,15 November 2024,03:29,Environmental Services,Unsecured toolbox almost fell from ladder.,Dockyard South,Near Miss,No,N/A
Quinn Murphy,Cameron Smith,28 June 2025,16:04,Legal,Worker nearly stepped into an open hatch but avoided injury.,Cafeteria,Near Miss,No,N/A
Jordan Pearson,Peyton Ward,21 June 2025,11:17,Ship Maintenance,Worker nearly stepped into an open hatch but avoided injury.,Fleet Garage,Near Miss,No,N/A
Finley Fisher,Avery Lewis,07 February 2025,01:46,Procurement,Worker nearly touched live wiring but avoided injury.,Fuel Depot,Near Miss,No,N/A
Morgan Bennett,Riley Parker,03 February 2025,11:31,Ship Maintenance,Unsecured toolbox almost fell from ship deck.,Warehouse B,Near Miss,No,N/A
Chris Fisher,Charlie Davis,04 July 2025,13:39,HR,Worker nearly slipped on an oily surface but avoided injury.,Dockyard South,Near Miss,No,N/A
Blake Reed,Spencer Foster,15 May 2025,14:15,Health & Safety,Unsecured pipe almost fell from scaffolding.,Office - Admin Block,Near Miss,No,N/A
Kai Sullivan,Quinn Holmes,07 July 2025,09:22,Engineering,Unsecured pipe almost fell from scaffolding.,Engineering Workshop,Near Miss,No,N/A
Elliot Walker,Drew Holmes,06 January 2024,16:17,IT,Unsecured pipe almost fell from scaffolding.,Tool Crib,Near Miss,No,N/A
Emerson Lee,Reese Morgan,02 July 2025,22:27,Finance,Worker nearly stepped into an open hatch but avoided injury.,Fleet Garage,Near Miss,No,N/A
Skyler Parker,Taylor Johnson,19 February 2024,20:26,Health & Safety,high-voltage wiring was discovered before harm occurred.,Paint Shop,Near Miss,No,N/A
Peyton Johnson,Elliot Smith,20 August 2025,13:39,Health & Safety,asbestos was discovered before harm occurred.,Engineering Workshop,Near Miss,No,N/A
Taylor Murray,Jesse Murphy,03 September 2024,04:03,Facilities,Unsecured ladder almost fell from ship deck.,Maintenance Shed,Near Miss,No,N/A
Riley Bennett,Spencer Bailey,05 March 2024,13:42,Customer Service,Unsecured toolbox almost fell from ship deck.,Dry Dock 1,Near Miss,No,N/A
Charlie Parker,Sydney Holmes,01 June 2024,16:50,IT,high-voltage wiring was discovered before harm occurred.,Fleet Garage,Near Miss,No,N/A
Finley Payne,Sydney Brown,11 June 2025,13:33,Logistics,toxic fumes was discovered before harm occurred.,Fleet Garage,Near Miss,No,N/A
Quinn Davis,Sawyer Murphy,31 July 2025,01:35,Security,Worker nearly slipped on an oily surface but avoided injury.,Tool Crib,Near Miss,No,N/A
Riley Allen,Logan Payne,11 July 2025,10:38,Finance,Unsecured pipe almost fell from ship deck.,Warehouse B,Near Miss,No,N/A
Sydney Cooper,Elliot Walker,27 July 2024,14:07,Training & Development,high-voltage wiring was discovered before harm occurred.,Engineering Workshop,Near Miss,No,N/A
Rowan Walker,Riley Bennett,09 September 2024,22:11,Health & Safety,asbestos was discovered before harm occurred.,Dry Dock 2,Near Miss,No,N/A
Jamie Mitchell,Jesse Robinson,13 February 2024,18:01,Procurement,Worker nearly slipped on an oily surface but avoided injury.,Electrical Bay,Near Miss,No,N/A
Chris Murray,Kai Ward,04 March 2024,21:05,Logistics,toxic fumes was discovered before harm occurred.,Maintenance Shed,Near Miss,No,N/A
Cameron Pearson,Reese Reed,20 December 2024,00:46,Quality Assurance,Worker nearly stepped into an open hatch but avoided injury.,Electrical Bay,Near Miss,No,N/A
Quinn Lewis,Jamie Fisher,01 December 2024,03:36,Facilities,Unsecured toolbox almost fell from ship deck.,Paint Shop,Near Miss,No,N/A
Frankie Cooper,Chris Graham,16 August 2024,06:23,Finance,Worker nearly stepped into an open hatch but avoided injury.,Training Room,Near Miss,No,N/A
Spencer Hughes,Blake Lewis,10 February 2024,21:35,Ship Maintenance,asbestos was discovered before harm occurred.,Reception Area,Near Miss,No,N/A
Charlie Walker,Peyton Murray,07 October 2024,13:09,Warehouse,Unsecured toolbox almost fell from ladder.,Fleet Garage,Near Miss,No,N/A
Logan Murphy,Kai Murphy,04 March 2025,00:43,Facilities,toxic fumes was discovered before harm occurred.,Tool Crib,Near Miss,No,N/A
Casey Pearson,Emerson Allen,01 November 2024,01:33,Environmental Services,high-voltage wiring was discovered before harm occurred.,Paint Shop,Near Miss,No,N/A
Logan Mitchell,Finley Parker,07 April 2024,05:01,Legal,Unsecured toolbox almost fell from ship deck.,Paint Shop,Near Miss,No,N/A
Casey Morgan,Riley Hughes,07 January 2025,01:56,Environmental Services,Unsecured ladder almost fell from ship deck.,Fuel Depot,Near Miss,No,N/A
Spencer Foster,Riley Murphy,27 July 2024,05:11,Environmental Services,Unsecured ladder almost fell from ship deck.,Warehouse A,Near Miss,No,N/A
Logan Holmes,Rowan Brown,28 February 2024,05:42,Quality Assurance,high-voltage wiring was discovered before harm occurred.,Office - Admin Block,Near Miss,No,N/A
Morgan Bennett,Skyler Hughes,28 April 2024,05:06,Training & Development,Unsecured toolbox almost fell from ship deck.,Engineering Workshop,Near Miss,No,N/A
Finley Pearson,Frankie Sullivan,23 January 2025,21:40,IT,asbestos was discovered before harm occurred.,Engineering Workshop,Near Miss,No,N/A
Jordan Parker,Harper Kennedy,08 August 2025,20:42,Research & Development,high-voltage wiring was discovered before harm occurred.,Reception Area,Near Miss,No,N/A
Jordan Davis,Dakota Mitchell,13 December 2024,20:27,Quality Assurance,Worker nearly stepped into an open hatch but avoided injury.,Warehouse B,Near Miss,No,N/A
Blake Ward,Avery Pearson,24 August 2024,22:52,Ship Maintenance,Worker nearly slipped on an oily surface but avoided injury.,Electrical Bay,Near Miss,No,N/A
Emerson Murray,Harper Brown,17 September 2024,18:09,Engineering,Unsecured pipe almost fell from ship deck.,Engineering Workshop,Near Miss,No,N/A
Taylor Clark,Elliot Parker,14 May 2024,04:40,Health & Safety,Worker nearly stepped into an open hatch but avoided injury.,Paint Shop,Near Miss,No,N/A
Sydney Davis,Chris Smith,28 March 2024,13:28,Fleet Management,high-voltage wiring was discovered before harm occurred.,Electrical Bay,Near Miss,No,N/A
Reese Reed,Blake Clark,24 December 2024,23:59,Health & Safety,Unsecured toolbox almost fell from ladder.,Shipyard Pier,Near Miss,No,N/A
Sawyer Allen,Blake Fisher,15 July 2025,20:22,HR,asbestos was discovered before harm occurred.,Main Gate Security,Near Miss,No,N/A
Alex Sullivan,Taylor Hughes,13 April 2025,01:24,Quality Assurance,Worker nearly touched live wiring but avoided injury.,Main Gate Security,Near Miss,No,N/A
Morgan Robinson,Spencer West,16 June 2024,14:37,Customer Service,Worker nearly slipped on an oily surface but avoided injury.,Training Room,Near Miss,No,N/A
Casey Kennedy,Logan Bailey,24 September 2024,19:30,Warehouse,toxic fumes was discovered before harm occurred.,Dockyard North,Near Miss,No,N/A
Sydney Allen,Logan Bennett,08 May 2025,08:10,Legal,Unsecured toolbox almost fell from scaffolding.,Tool Crib,Near Miss,No,N/A
Reese Robinson,Reese Reed,11 July 2024,16:07,Fleet Management,Worker nearly touched live wiring but avoided injury.,Office - Admin Block,Near Miss,No,N/A
Peyton Foster,Harper Smith,23 September 2024,09:42,HR,Worker nearly slipped on an oily surface but avoided injury.,Warehouse B,Near Miss,No,N/A
Jamie Bailey,Alex Clark,26 August 2024,18:58,Dockyard Operations,Unsecured pipe almost fell from ship deck.,IT Server Room,Near Miss,No,N/A
Blake Johnson,Jesse Robinson,03 May 2025,07:58,Quality Assurance,Worker nearly slipped on an oily surface but avoided injury.,Warehouse B,Near Miss,No,N/A
Harper Cooper,Kai Graham,20 March 2024,18:21,Customer Service,Unsecured pipe almost fell from ship deck.,Fleet Garage,Near Miss,No,N/A
Jordan Murray,Morgan Cooper,25 July 2025,20:40,Procurement,Worker nearly slipped on an oily surface but avoided injury.,Paint Shop,Near Miss,No,N/A
Sawyer Clark,Finley Parker,11 March 2024,05:44,Customer Service,asbestos was discovered before harm occurred.,Dockyard South,Near Miss,No,N/A
Sydney Smith,Sawyer Lee,25 September 2024,20:54,Security,Unsecured pipe almost fell from ship deck.,Paint Shop,Near Miss,No,N/A
Reese Fisher,Emerson Hughes,27 January 2024,06:58,Environmental Services,Worker nearly touched live wiring but avoided injury.,Reception Area,Near Miss,No,N/A
Blake Graham,Jamie Robinson,11 May 2024,14:07,Procurement,Worker nearly stepped into an open hatch but avoided injury.,Main Gate Security,Near Miss,No,N/A
Casey Graham,Sydney Pearson,28 September 2024,15:56,Engineering,Worker nearly stepped into an open hatch but avoided injury.,Shipyard Pier,Near Miss,No,N/A
Harper Fisher,Jamie Kennedy,26 January 2025,19:34,Dockyard Operations,asbestos was discovered before harm occurred.,Paint Shop,Near Miss,No,N/A
Spencer Walker,Charlie Cooper,12 September 2024,05:53,Procurement,Worker nearly slipped on an oily surface but avoided injury.,Dockyard South,Near Miss,No,N/A
Alex Holmes,Finley Murray,16 September 2024,09:18,Engineering,Unsecured ladder almost fell from scaffolding.,Engineering Workshop,Near Miss,No,N/A
Jamie Davis,Casey Bailey,19 November 2024,21:07,Environmental Services,Unsecured toolbox almost fell from ladder.,Fleet Garage,Near Miss,No,N/A
Cameron Brown,Drew Davis,04 November 2024,23:15,Environmental Services,Worker nearly touched live wiring but avoided injury.,Paint Shop,Near Miss,No,N/A
Riley Holmes,Jesse Walker,25 July 2025,15:55,Health & Safety,Unsecured pipe almost fell from scaffolding.,Electrical Bay,Near Miss,No,N/A
Kai Walker,Frankie Hughes,22 May 2025,14:02,Finance,Worker nearly touched live wiring but avoided injury.,Engineering Workshop,Near Miss,No,N/A
Sawyer Lee,Rowan Cooper,02 September 2024,17:34,Finance,Unsecured toolbox almost fell from ladder.,Electrical Bay,Near Miss,No,N/A
Jesse Lee,Charlie Payne,13 October 2024,18:42,Facilities,Worker nearly touched live wiring but avoided injury.,Dockyard North,Near Miss,No,N/A
Blake Murray,Harper Lewis,10 January 2024,10:19,Security,Unsecured pipe almost fell from scaffolding.,Dry Dock 2,Near Miss,No,N/A
Elliot Reed,Emerson Pearson,19 July 2024,04:39,Quality Assurance,toxic fumes was discovered before harm occurred.,Electrical Bay,Near Miss,No,N/A
Kai Cooper,Elliot Foster,28 February 2025,11:54,Customer Service,Worker nearly slipped on an oily surface but avoided injury.,Warehouse B,Near Miss,No,N/A
Casey Graham,Sydney Payne,28 March 2025,05:08,Finance,Unsecured toolbox almost fell from ship deck.,Reception Area,Near Miss,No,N/A
Alex Hughes,Dakota Foster,10 March 2025,19:07,Ship Maintenance,Worker nearly stepped into an open hatch but avoided injury.,Dry Dock 1,Near Miss,No,N/A
Morgan Kennedy,Kai Clark,29 July 2025,04:39,Health & Safety,Unsecured ladder almost fell from ladder.,Dockyard South,Near Miss,No,N/A
Casey Murphy,Charlie Walker,31 August 2024,14:29,Security,Worker nearly touched live wiring but avoided injury.,Office - Admin Block,Near Miss,No,N/A
Taylor Brown,Blake Mitchell,27 March 2024,20:21,HR,Worker nearly slipped on an oily surface but avoided injury.,Dry Dock 1,Near Miss,No,N/A
Taylor Fisher,Taylor Brown,22 July 2024,03:09,Facilities,asbestos was discovered before harm occurred.,Engineering Workshop,Near Miss,No,N/A
Emerson West,Kai Parker,02 February 2025,09:22,Health & Safety,asbestos was discovered before harm occurred.,Reception Area,Near Miss,No,N/A
Finley Hughes,Frankie Brown,16 July 2025,15:37,Procurement,high-voltage wiring was discovered before harm occurred.,Fleet Garage,Near Miss,No,N/A
Peyton Reed,Alex Ward,30 October 2024,14:44,Training & Development,Worker nearly touched live wiring but avoided injury.,Warehouse A,Near Miss,No,N/A
Jordan Bailey,Kai Reed,31 May 2025,20:06,Engineering,Unsecured toolbox almost fell from ship deck.,Training Room,Near Miss,No,N/A
Chris Lee,Elliot Lewis,14 February 2024,09:05,Health & Safety,Worker nearly stepped into an open hatch but avoided injury.,Reception Area,Near Miss,No,N/A
Sawyer Smith,Logan Murphy,16 July 2024,10:05,IT,toxic fumes was discovered before harm occurred.,Dockyard North,Near Miss,No,N/A
Blake Morgan,Sawyer Holmes,12 January 2025,19:02,Research & Development,Unsecured pipe almost fell from ship deck.,Electrical Bay,Near Miss,No,N/A
Reese Lewis,Cameron Pearson,05 November 2024,21:32,Logistics,Unsecured ladder almost fell from scaffolding.,Reception Area,Near Miss,No,N/A
Logan Allen,Jesse Reed,06 September 2024,01:36,Quality Assurance,Unsecured pipe almost fell from scaffolding.,Shipyard Pier,Near Miss,No,N/A
Reese Mitchell,Blake Clark,06 July 2024,10:27,Environmental Services,Unsecured toolbox almost fell from ladder.,Tool Crib,Near Miss,No,N/A
Spencer Murray,Peyton Davis,19 July 2025,06:15,Dockyard Operations,Unsecured ladder almost fell from scaffolding.,Main Gate Security,Near Miss,No,N/A
Charlie Mitchell,Casey West,10 June 2024,16:21,Logistics,Worker nearly touched live wiring but avoided injury.,Dry Dock 2,Near Miss,No,N/A
Alex Lee,Avery Reed,24 November 2024,19:23,HR,Unsecured pipe almost fell from ladder.,Paint Shop,Near Miss,No,N/A
Frankie Allen,Blake Bailey,23 May 2025,02:39,Communications,Unsecured pipe almost fell from scaffolding.,Dockyard North,Near Miss,No,N/A
Harper Bailey,Taylor West,28 April 2025,19:05,Communications,Worker nearly slipped on an oily surface but avoided injury.,Paint Shop,Near Miss,No,N/A
Finley Allen,Charlie Walker,07 May 2024,20:14,Dockyard Operations,Unsecured pipe almost fell from ladder.,Main Gate Security,Near Miss,No,N/A
Reese Kennedy,Sawyer Mitchell,25 January 2025,03:46,Training & Development,Unsecured pipe almost fell from ladder.,Maintenance Shed,Near Miss,No,N/A
Chris Hughes,Jamie Bailey,04 June 2024,16:38,Research & Development,Worker nearly stepped into an open hatch but avoided injury.,Training Room,Near Miss,No,N/A
Rowan Clark,Sydney Fisher,29 December 2024,18:07,Facilities,high-voltage wiring was discovered before harm occurred.,Electrical Bay,Near Miss,No,N/A
Charlie Fisher,Jesse Morgan,19 April 2025,01:19,Communications,high-voltage wiring was discovered before harm occurred.,Fuel Depot,Near Miss,No,N/A
Jordan Sullivan,Morgan Sullivan,18 August 2025,11:35,Customer Service,Worker nearly touched live wiring but avoided injury.,Training Room,Near Miss,No,N/A
Kai Morgan,Alex Johnson,28 September 2024,02:00,Warehouse,Worker nearly touched live wiring but avoided injury.,Reception Area,Near Miss,No,N/A
Avery Bennett,Emerson Reed,30 July 2025,18:13,Ship Maintenance,toxic fumes was discovered before harm occurred.,Reception Area,Near Miss,No,N/A
Cameron Pearson,Reese Murphy,24 July 2024,06:33,Quality Assurance,high-voltage wiring was discovered before harm occurred.,Maintenance Shed,Near Miss,No,N/A
Finley Bailey,Alex Ward,10 March 2025,17:05,Logistics,Unsecured toolbox almost fell from ship deck.,Dockyard South,Near Miss,No,N/A
Charlie Murray,Peyton Cooper,31 August 2024,23:40,Security,Worker nearly touched live wiring but avoided injury.,Training Room,Near Miss,No,N/A
Alex Reed,Skyler Foster,22 May 2025,14:29,Engineering,Unsecured toolbox almost fell from ship deck.,Warehouse B,Near Miss,No,N/A
Emerson Bennett,Morgan Graham,04 December 2024,14:25,Research & Development,Unsecured ladder almost fell from scaffolding.,Office - Admin Block,Near Miss,No,N/A
Kai Fisher,Reese Ward,12 May 2024,03:12,Operations,Worker nearly touched live wiring but avoided injury.,IT Server Room,Near Miss,No,N/A
Reese Kennedy,Jordan Foster,25 July 2025,14:38,Finance,asbestos was discovered before harm occurred.,Electrical Bay,Near Miss,No,N/A
Reese Kennedy,Elliot Lewis,10 January 2025,00:01,Fleet Management,Worker nearly touched live wiring but avoided injury.,Fleet Garage,Near Miss,No,N/A
Morgan Walker,Sawyer Morgan,19 November 2024,01:13,Legal,high-voltage wiring was discovered before harm occurred.,Cafeteria,Near Miss,No,N/A
Peyton Johnson,Charlie Sullivan,28 August 2024,23:40,Operations,high-voltage wiring was discovered before harm occurred.,Main Gate Security,Near Miss,No,N/A
Harper Kennedy,Jesse Sullivan,13 March 2024,21:47,Dockyard Operations,Unsecured ladder almost fell from scaffolding.,Main Gate Security,Near Miss,No,N/A
Kai Graham,Spencer Parker,13 January 2024,07:55,Environmental Services,high-voltage wiring was discovered before harm occurred.,Cafeteria,Near Miss,No,N/A
Blake Parker,Dakota Allen,28 January 2025,12:40,Customer Service,Worker nearly slipped on an oily surface but avoided injury.,Dry Dock 2,Near Miss,No,N/A
Riley Pearson,Rowan Foster,25 July 2024,10:38,Logistics,toxic fumes was discovered before harm occurred.,Engineering Workshop,Near Miss,No,N/A
Elliot Reed,Frankie Payne,15 February 2025,22:34,Finance,Worker nearly touched live wiring but avoided injury.,Tool Crib,Near Miss,No,N/A
Dakota Graham,Charlie Mitchell,01 January 2025,16:53,Logistics,Worker nearly stepped into an open hatch but avoided injury.,Reception Area,Near Miss,No,N/A
Chris Robinson,Cameron Holmes,19 February 2025,07:36,Warehouse,Worker nearly touched live wiring but avoided injury.,Dry Dock 1,Near Miss,No,N/A
Chris Parker,Rowan Murphy,04 February 2025,20:13,Health & Safety,high-voltage wiring was discovered before harm occurred.,Warehouse A,Near Miss,No,N/A
Riley Reed,Quinn Graham,28 July 2024,06:40,Procurement,Unsecured toolbox almost fell from ladder.,Dockyard South,Near Miss,No,N/A
Jesse Payne,Skyler Johnson,30 January 2025,07:16,Warehouse,Worker nearly stepped into an open hatch but avoided injury.,Shipyard Pier,Near Miss,No,N/A
Logan Davis,Charlie Foster,07 December 2024,17:11,Facilities,Worker nearly slipped on an oily surface but avoided injury.,Dockyard South,Near Miss,No,N/A
Quinn Pearson,Kai Sullivan,21 August 2024,13:00,Operations,Unsecured ladder almost fell from scaffolding.,Warehouse B,Near Miss,No,N/A
Kai Reed,Peyton Cooper,10 August 2025,19:23,Ship Maintenance,Worker nearly stepped into an open hatch but avoided injury.,Maintenance Shed,Near Miss,No,N/A
Morgan Bailey,Quinn Lee,15 February 2024,02:50,Finance,Unsecured pipe almost fell from ship deck.,Dry Dock 2,Near Miss,No,N/A
Rowan Davis,Frankie Foster,14 March 2025,02:21,IT,asbestos was discovered before harm occurred.,Warehouse A,Near Miss,No,N/A
Kai Payne,Jamie Cooper,24 February 2024,05:37,Communications,Worker nearly touched live wiring but avoided injury.,Shipyard Pier,Near Miss,No,N/A
Riley Reed,Frankie Kennedy,03 April 2025,22:46,Legal,Worker nearly touched live wiring but avoided injury.,Office - Admin Block,Near Miss,No,N/A
Peyton Cooper,Harper Robinson,07 July 2024,20:46,Dockyard Operations,Worker nearly touched live wiring but avoided injury.,Engineering Workshop,Near Miss,No,N/A
Logan Ward,Chris Kennedy,04 June 2024,12:39,Security,Worker nearly slipped on an oily surface but avoided injury.,Engineering Workshop,Near Miss,No,N/A
Alex Johnson,Logan Brown,26 November 2024,18:48,Research & Development,Unsecured toolbox almost fell from ladder.,Fleet Garage,Near Miss,No,N/A
Harper Morgan,Harper Murphy,20 February 2024,02:03,Warehouse,toxic fumes was discovered before harm occurred.,Main Gate Security,Near Miss,No,N/A
Emerson Fisher,Dakota Graham,26 October 2024,20:46,Security,high-voltage wiring was discovered before harm occurred.,Engineering Workshop,Near Miss,No,N/A
Skyler Reed,Logan Ward,21 May 2025,11:06,Warehouse,Worker nearly stepped into an open hatch but avoided injury.,Paint Shop,Near Miss,No,N/A
Emerson Sullivan,Drew Fisher,04 June 2024,16:15,Facilities,Unsecured ladder almost fell from scaffolding.,Paint Shop,Near Miss,No,N/A
Jordan Hughes,Logan Davis,05 May 2024,07:42,Engineering,Unsecured ladder almost fell from scaffolding.,Cafeteria,Near Miss,No,N/A
Rowan Sullivan,Riley Morgan,28 April 2025,13:38,Communications,Worker nearly stepped into an open hatch but avoided injury.,Main Gate Security,Near Miss,No,N/A
Frankie Sullivan,Elliot Mitchell,02 April 2025,22:35,Operations,Worker nearly touched live wiring but avoided injury.,Engineering Workshop,Near Miss,No,N/A
Peyton Foster,Riley Ward,27 July 2024,13:14,Research & Development,Worker nearly slipped on an oily surface but avoided injury.,Dockyard South,Near Miss,No,N/A
Finley Bennett,Riley Bailey,28 May 2025,20:42,Facilities,Worker nearly slipped on an oily surface but avoided injury.,Tool Crib,Near Miss,No,N/A
Rowan Murray,Reese Mitchell,26 May 2025,23:04,Warehouse,Unsecured ladder almost fell from ladder.,Fleet Garage,Near Miss,No,N/A
Charlie Fisher,Morgan Murray,05 February 2024,12:15,Training & Development,Unsecured ladder almost fell from scaffolding.,Fleet Garage,Near Miss,No,N/A
Cameron Bennett,Blake Lee,01 August 2024,08:35,Logistics,Worker nearly stepped into an open hatch but avoided injury.,Office - Admin Block,Near Miss,No,N/A
Sydney Murphy,Sawyer Walker,13 November 2024,08:48,Engineering,Unsecured toolbox almost fell from ladder.,Reception Area,Near Miss,No,N/A
Dakota Walker,Reese Kennedy,06 September 2024,11:27,HR,Unsecured ladder almost fell from scaffolding.,Main Gate Security,Near Miss,No,N/A
Sawyer Walker,Logan Holmes,14 August 2024,21:34,Research & Development,Worker nearly stepped into an open hatch but avoided injury.,Maintenance Shed,Near Miss,No,N/A
Skyler Payne,Skyler Lee,23 September 2024,11:42,Operations,Worker nearly touched live wiring but avoided injury.,Dry Dock 2,Near Miss,No,N/A
Casey Johnson,Rowan Lewis,20 May 2025,17:50,Quality Assurance,Worker nearly stepped into an open hatch but avoided injury.,Main Gate Security,Near Miss,No,N/A
Peyton Morgan,Frankie Sullivan,11 June 2024,21:50,Health & Safety,asbestos was discovered before harm occurred.,Shipyard Pier,Near Miss,No,N/A
Riley Smith,Sydney Reed,12 December 2024,04:47,Finance,Unsecured pipe almost fell from ladder.,Office - Admin Block,Near Miss,No,N/A
Kai Lewis,Kai Mitchell,16 May 2025,06:45,Legal,Unsecured pipe almost fell from ladder.,Maintenance Shed,Near Miss,No,N/A
Logan Pearson,Casey Smith,09 November 2024,22:10,Research & Development,Unsecured pipe almost fell from ladder.,Tool Crib,Near Miss,No,N/A
Emerson Reed,Peyton Kennedy,20 January 2025,21:38,Dockyard Operations,Worker nearly stepped into an open hatch but avoided injury.,Fuel Depot,Near Miss,No,N/A
Taylor Holmes,Sydney Allen,05 December 2024,22:00,Security,toxic fumes was discovered before harm occurred.,Tool Crib,Near Miss,No,N/A
Riley Holmes,Morgan Fisher,19 January 2025,15:50,Communications,Worker nearly touched live wiring but avoided injury.,Dry Dock 2,Near Miss,No,N/A
Jamie Brown,Spencer Kennedy,26 July 2025,18:09,Engineering,toxic fumes was discovered before harm occurred.,Engineering Workshop,Near Miss,No,N/A
Rowan Lee,Finley Murray,13 April 2025,13:06,Legal,Worker nearly stepped into an open hatch but avoided injury.,Office - Admin Block,Near Miss,No,N/A
Chris Graham,Morgan Clark,07 January 2024,02:44,Training & Development,Unsecured pipe almost fell from ship deck.,Warehouse A,Near Miss,No,N/A
Jesse Sullivan,Kai Ward,07 September 2024,21:03,Dockyard Operations,Unsecured pipe almost fell from ladder.,Fuel Depot,Near Miss,No,N/A
Harper Lee,Avery Clark,22 May 2024,02:08,Legal,Worker nearly touched live wiring but avoided injury.,Tool Crib,Near Miss,No,N/A
Alex Davis,Avery Reed,11 April 2024,23:02,Procurement,Worker nearly stepped into an open hatch but avoided injury.,Paint Shop,Near Miss,No,N/A
Jordan Sullivan,Logan Lee,18 August 2024,20:50,Communications,Worker nearly slipped on an oily surface but avoided injury.,Shipyard Pier,Near Miss,No,N/A
Elliot Bailey,Harper Lewis,31 July 2024,08:34,Engineering,Unsecured ladder almost fell from ship deck.,Warehouse B,Near Miss,No,N/A
Sawyer Ward,Chris Morgan,27 June 2025,13:07,Dockyard Operations,Worker nearly stepped into an open hatch but avoided injury.,Fleet Garage,Near Miss,No,N/A
Blake Johnson,Riley Smith,14 June 2024,06:37,Dockyard Operations,high-voltage wiring was discovered before harm occurred.,Electrical Bay,Near Miss,No,N/A
Dakota Murphy,Logan Walker,10 April 2025,08:01,Logistics,Worker nearly slipped on an oily surface but avoided injury.,Dockyard North,Near Miss,No,N/A
Dakota Graham,Cameron Sullivan,05 June 2024,00:04,Fleet Management,Worker nearly slipped on an oily surface but avoided injury.,Paint Shop,Near Miss,No,N/A
Dakota Ward,Morgan Brown,13 August 2025,08:17,Health & Safety,Worker nearly slipped on an oily surface but avoided injury.,Warehouse B,Near Miss,No,N/A
Casey Morgan,Sydney Pearson,02 June 2025,03:06,Warehouse,Worker nearly touched live wiring but avoided injury.,Paint Shop,Near Miss,No,N/A
Taylor Cooper,Alex Lewis,16 April 2025,10:00,Training & Development,Unsecured toolbox almost fell from scaffolding.,Warehouse B,Near Miss,No,N/A
Spencer West,Emerson Murray,13 March 2025,00:05,Warehouse,Worker nearly touched live wiring but avoided injury.,Warehouse B,Near Miss,No,N/A
Reese Davis,Finley Cooper,02 January 2025,23:50,Health & Safety,high-voltage wiring was discovered before harm occurred.,IT Server Room,Near Miss,No,N/A
Morgan Holmes,Emerson Foster,01 July 2024,09:14,Finance,Worker nearly touched live wiring but avoided injury.,Training Room,Near Miss,No,N/A
Quinn Mitchell,Rowan Murphy,28 August 2024,18:55,Environmental Services,Unsecured pipe almost fell from ladder.,Main Gate Security,Near Miss,No,N/A
Frankie Clark,Avery Bennett,28 June 2025,20:51,Operations,asbestos was discovered before harm occurred.,Shipyard Pier,Near Miss,No,N/A
Rowan Ward,Jordan Murray,30 June 2024,10:31,Logistics,high-voltage wiring was discovered before harm occurred.,Office - Admin Block,Near Miss,No,N/A
Sawyer Cooper,Jesse Allen,13 June 2024,20:56,Facilities,Worker nearly stepped into an open hatch but avoided injury.,Maintenance Shed,Near Miss,No,N/A
Frankie Murphy,Riley Payne,10 February 2025,06:41,HR,Unsecured toolbox almost fell from ship deck.,IT Server Room,Near Miss,No,N/A
Dakota Walker,Skyler Clark,07 June 2024,15:28,Customer Service,Unsecured pipe almost fell from ship deck.,Maintenance Shed,Near Miss,No,N/A
Taylor Parker,Elliot Brown,29 December 2024,09:59,Logistics,Worker nearly touched live wiring but avoided injury.,Maintenance Shed,Near Miss,No,N/A
Chris Bennett,Kai Sullivan,25 May 2025,19:02,Security,Unsecured toolbox almost fell from ship deck.,Shipyard Pier,Near Miss,No,N/A
Peyton Murray,Jesse Payne,04 December 2024,16:06,Logistics,Worker nearly touched live wiring but avoided injury.,Dry Dock 2,Near Miss,No,N/A
Charlie Payne,Frankie Clark,26 October 2024,10:21,Operations,Worker nearly stepped into an open hatch but avoided injury.,Office - Admin Block,Near Miss,No,N/A
Finley Brown,Quinn Foster,22 March 2024,00:04,Facilities,toxic fumes was discovered before harm occurred.,Dry Dock 2,Near Miss,No,N/A
Jesse Pearson,Emerson Parker,20 July 2025,08:54,Warehouse,Worker nearly stepped into an open hatch but avoided injury.,Dry Dock 1,Near Miss,No,N/A
Dakota Smith,Spencer Bennett,08 March 2024,20:41,Facilities,Worker nearly slipped on an oily surface but avoided injury.,Maintenance Shed,Near Miss,No,N/A
Cameron Murphy,Avery Payne,10 July 2025,13:58,HR,high-voltage wiring was discovered before harm occurred.,IT Server Room,Near Miss,No,N/A
Kai Mitchell,Spencer Cooper,09 March 2024,13:02,Dockyard Operations,Worker nearly stepped into an open hatch but avoided injury.,Cafeteria,Near Miss,No,N/A
Avery Lee,Taylor Pearson,12 December 2024,22:49,Operations,Worker nearly slipped on an oily surface but avoided injury.,Maintenance Shed,Near Miss,No,N/A
Spencer Robinson,Drew Foster,09 August 2025,13:19,Training & Development,high-voltage wiring was discovered before harm occurred.,Fuel Depot,Near Miss,No,N/A
Kai Walker,Sawyer Smith,20 February 2024,16:40,Fleet Management,high-voltage wiring was discovered before harm occurred.,Main Gate Security,Near Miss,No,N/A
Chris Davis,Elliot Ward,04 March 2025,20:29,IT,Unsecured ladder almost fell from ladder.,Warehouse A,Near Miss,No,N/A
Harper Morgan,Harper Clark,07 November 2024,22:21,Research & Development,Unsecured pipe almost fell from scaffolding.,Maintenance Shed,Near Miss,No,N/A
Spencer Pearson,Kai Graham,04 July 2024,19:11,Ship Maintenance,high-voltage wiring was discovered before harm occurred.,Main Gate Security,Near Miss,No,N/A
Skyler Payne,Blake Lewis,06 January 2024,21:40,Fleet Management,Unsecured ladder almost fell from scaffolding.,Maintenance Shed,Near Miss,No,N/A
Emerson West,Chris Hughes,26 November 2024,19:16,Health & Safety,Unsecured toolbox almost fell from scaffolding.,Paint Shop,Near Miss,No,N/A
Jordan Ward,Casey Reed,27 July 2025,17:30,Finance,Unsecured pipe almost fell from ladder.,Office - Admin Block,Near Miss,No,N/A
Elliot Cooper,Jamie Sullivan,23 April 2024,22:39,Dockyard Operations,Unsecured pipe almost fell from scaffolding.,Maintenance Shed,Near Miss,No,N/A
Logan Bennett,Drew Mitchell,14 March 2024,09:28,Legal,Unsecured toolbox almost fell from ladder.,Paint Shop,Near Miss,No,N/A
Cameron Payne,Riley Clark,21 September 2024,23:45,HR,Worker nearly touched live wiring but avoided injury.,Maintenance Shed,Near Miss,No,N/A
Jordan Murray,Logan Holmes,17 June 2024,05:45,Customer Service,Unsecured toolbox almost fell from ladder.,Fuel Depot,Near Miss,No,N/A
Morgan Smith,Charlie Davis,10 September 2024,06:01,Ship Maintenance,Unsecured toolbox almost fell from ship deck.,Warehouse A,Near Miss,No,N/A
Skyler Kennedy,Chris Murray,21 August 2025,12:19,Dockyard Operations,Worker nearly slipped on an oily surface but avoided injury.,Shipyard Pier,Near Miss,No,N/A
Elliot West,Drew Lewis,12 July 2024,22:59,Finance,Unsecured toolbox almost fell from ladder.,Dry Dock 2,Near Miss,No,N/A
Charlie Cooper,Spencer Allen,10 October 2024,20:23,Research & Development,Worker nearly slipped on an oily surface but avoided injury.,Dry Dock 2,Near Miss,No,N/A
Jordan Mitchell,Taylor Graham,17 February 2025,15:30,Fleet Management,Unsecured ladder almost fell from ship deck.,Reception Area,Near Miss,No,N/A
Finley Bailey,Logan Holmes,22 March 2025,01:44,Environmental Services,Unsecured pipe almost fell from scaffolding.,Tool Crib,Near Miss,No,N/A
Peyton Parker,Blake Kennedy,06 June 2025,14:55,Customer Service,toxic fumes was discovered before harm occurred.,Dockyard North,Near Miss,No,N/A
Riley Cooper,Logan Cooper,01 March 2024,15:43,Finance,Worker nearly stepped into an open hatch but avoided injury.,Fleet Garage,Near Miss,No,N/A
Sydney Lewis,Spencer Morgan,11 March 2025,20:05,Finance,Worker nearly slipped on an oily surface but avoided injury.,Dockyard South,Near Miss,No,N/A
Riley Robinson,Charlie Clark,20 August 2025,02:33,Logistics,Worker nearly touched live wiring but avoided injury.,Main Gate Security,Near Miss,No,N/A
Kai Parker,Taylor Kennedy,18 January 2025,20:48,Procurement,Worker nearly touched live wiring but avoided injury.,Warehouse A,Near Miss,No,N/A
Jordan Holmes,Alex Sullivan,22 January 2024,05:26,Legal,Worker nearly touched live wiring but avoided injury.,Electrical Bay,Near Miss,No,N/A
Blake Mitchell,Quinn Lee,03 March 2024,14:28,Training & Development,Worker nearly slipped on an oily surface but avoided injury.,Warehouse B,Near Miss,No,N/A
Jamie Bailey,Avery Kennedy,14 January 2025,02:56,Logistics,Unsecured toolbox almost fell from ladder.,Reception Area,Near Miss,No,N/A
Cameron Robinson,Skyler Fisher,02 December 2024,00:12,Facilities,Worker nearly touched live wiring but avoided injury.,Dry Dock 2,Near Miss,No,N/A
Jordan Cooper,Blake Hughes,23 April 2024,02:45,Dockyard Operations,Unsecured ladder almost fell from scaffolding.,Shipyard Pier,Near Miss,No,N/A
Spencer Graham,Harper Kennedy,10 July 2025,01:35,Operations,Unsecured toolbox almost fell from scaffolding.,Engineering Workshop,Near Miss,No,N/A
Quinn Foster,Riley Walker,19 February 2024,18:39,Fleet Management,asbestos was discovered before harm occurred.,Electrical Bay,Near Miss,No,N/A
Peyton Foster,Dakota Foster,18 July 2025,04:00,Operations,high-voltage wiring was discovered before harm occurred.,Engineering Workshop,Near Miss,No,N/A
Morgan Bennett,Casey Smith,08 February 2024,12:18,Environmental Services,Unsecured pipe almost fell from ladder.,Cafeteria,Near Miss,No,N/A
Quinn Parker,Morgan Morgan,21 January 2025,22:36,IT,Unsecured toolbox almost fell from ship deck.,Tool Crib,Near Miss,No,N/A
Alex Davis,Frankie Parker,02 November 2024,22:56,HR,Worker nearly touched live wiring but avoided injury.,Tool Crib,Near Miss,No,N/A
Skyler Clark,Casey Kennedy,06 March 2024,08:18,Warehouse,Unsecured pipe almost fell from ladder.,Shipyard Pier,Near Miss,No,N/A
Spencer Parker,Reese Cooper,05 November 2024,01:44,Legal,Unsecured toolbox almost fell from scaffolding.,Dry Dock 2,Near Miss,No,N/A
Frankie Kennedy,Cameron West,04 June 2024,00:19,Operations,high-voltage wiring was discovered before harm occurred.,Shipyard Pier,Near Miss,No,N/A
Blake Walker,Jesse Johnson,01 January 2025,08:52,Dockyard Operations,asbestos was discovered before harm occurred.,Tool Crib,Near Miss,No,N/A
Skyler Payne,Sawyer Murphy,08 September 2024,23:06,Legal,toxic fumes was discovered before harm occurred.,Paint Shop,Near Miss,No,N/A
Cameron Kennedy,Charlie Robinson,23 February 2024,05:57,Finance,Worker nearly slipped on an oily surface but avoided injury.,Dry Dock 1,Near Miss,No,N/A
Finley Morgan,Logan Murphy,24 March 2025,01:57,HR,Worker nearly slipped on an oily surface but avoided injury.,Electrical Bay,Near Miss,No,N/A
Chris West,Quinn Reed,03 July 2024,00:23,IT,Worker nearly stepped into an open hatch but avoided injury.,Dockyard North,Near Miss,No,N/A
Taylor Cooper,Harper Ward,02 August 2024,17:12,Dockyard Operations,Unsecured ladder almost fell from ladder.,Training Room,Near Miss,No,N/A
Sydney Brown,Logan Pearson,10 December 2024,17:36,Logistics,Unsecured toolbox almost fell from scaffolding.,Dockyard North,Near Miss,No,N/A
Quinn Johnson,Emerson Walker,07 August 2024,23:42,Communications,Worker nearly touched live wiring but avoided injury.,Maintenance Shed,Near Miss,No,N/A
Morgan Mitchell,Alex Holmes,09 January 2025,15:32,Finance,asbestos was discovered before harm occurred.,Maintenance Shed,Near Miss,No,N/A
Logan Lewis,Morgan Mitchell,30 November 2024,22:46,IT,asbestos was discovered before harm occurred.,Tool Crib,Near Miss,No,N/A
Morgan Graham,Avery Brown,24 February 2025,17:28,Logistics,Worker nearly slipped on an oily surface but avoided injury.,Fuel Depot,Near Miss,No,N/A
Taylor Reed,Skyler Hughes,01 January 2024,20:21,HR,Unsecured toolbox almost fell from ship deck.,Fleet Garage,Near Miss,No,N/A
Rowan Bailey,Jordan Smith,23 August 2024,08:15,Ship Maintenance,Worker nearly slipped on an oily surface but avoided injury.,Dry Dock 1,Near Miss,No,N/A
Rowan Bennett,Riley Mitchell,21 March 2024,19:53,Logistics,Worker nearly stepped into an open hatch but avoided injury.,Fuel Depot,Near Miss,No,N/A
Cameron Morgan,Drew Payne,21 July 2025,13:04,Ship Maintenance,high-voltage wiring was discovered before harm occurred.,Shipyard Pier,Near Miss,No,N/A
Jamie Brown,Logan Robinson,02 April 2025,17:49,Security,Worker nearly slipped on an oily surface but avoided injury.,Fleet Garage,Near Miss,No,N/A
Casey Hughes,Reese Kennedy,09 May 2024,23:25,Operations,Unsecured ladder almost fell from ladder.,Maintenance Shed,Near Miss,No,N/A
Elliot Lee,Alex Reed,31 January 2025,18:29,Research & Development,asbestos was discovered before harm occurred.,Tool Crib,Near Miss,No,N/A
Finley Sullivan,Emerson Foster,16 April 2025,10:59,Research & Development,Worker nearly touched live wiring but avoided injury.,Tool Crib,Near Miss,No,N/A
Quinn West,Cameron Cooper,30 November 2024,01:08,Training & Development,Unsecured pipe almost fell from scaffolding.,Fuel Depot,Near Miss,No,N/A
Sawyer Johnson,Peyton Allen,27 March 2025,14:13,Research & Development,Unsecured toolbox almost fell from scaffolding.,Dockyard South,Near Miss,No,N/A
Drew Bennett,Reese Davis,04 March 2025,15:36,Logistics,Unsecured ladder almost fell from ladder.,Electrical Bay,Near Miss,No,N/A
Cameron Reed,Jordan Davis,06 April 2025,20:26,Environmental Services,Unsecured pipe almost fell from ship deck.,Maintenance Shed,Near Miss,No,N/A
Taylor Payne,Taylor Smith,28 March 2025,18:16,Warehouse,Worker nearly stepped into an open hatch but avoided injury.,Training Room,Near Miss,No,N/A
Alex Robinson,Jamie Reed,03 March 2024,13:59,IT,Worker nearly slipped on an oily surface but avoided injury.,Engineering Workshop,Near Miss,No,N/A
Emerson West,Frankie Lewis,28 February 2025,23:50,Warehouse,asbestos was discovered before harm occurred.,Cafeteria,Near Miss,No,N/A
Morgan Lewis,Harper Johnson,13 April 2024,01:00,Facilities,Unsecured ladder almost fell from scaffolding.,Dockyard North,Near Miss,No,N/A
Harper Reed,Taylor Murray,05 July 2025,09:17,Quality Assurance,high-voltage wiring was discovered before harm occurred.,Fleet Garage,Near Miss,No,N/A
Jesse Reed,Chris Holmes,11 June 2024,10:06,Engineering,Worker nearly stepped into an open hatch but avoided injury.,Warehouse B,Near Miss,No,N/A
Sawyer Foster,Skyler Smith,05 March 2025,03:43,IT,Unsecured pipe almost fell from ladder.,Shipyard Pier,Near Miss,No,N/A
Alex Hughes,Morgan Walker,05 August 2024,15:17,Procurement,Worker nearly touched live wiring but avoided injury.,Fleet Garage,Near Miss,No,N/A
Blake Allen,Jesse Graham,21 January 2024,13:47,Security,Worker nearly slipped on an oily surface but avoided injury.,Fuel Depot,Near Miss,No,N/A
Riley Cooper,Alex Murphy,30 June 2024,13:14,Legal,high-voltage wiring was discovered before harm occurred.,Dry Dock 2,Near Miss,No,N/A
Blake Walker,Spencer Kennedy,12 December 2024,12:06,HR,Unsecured toolbox almost fell from ship deck.,Office - Admin Block,Near Miss,No,N/A
Blake Walker,Elliot Murphy,19 March 2024,00:51,Health & Safety,Worker nearly touched live wiring but avoided injury.,Training Room,Near Miss,No,N/A
Taylor Reed,Sydney West,15 August 2024,16:26,Ship Maintenance,asbestos was discovered before harm occurred.,Office - Admin Block,Near Miss,No,N/A
Drew Lee,Cameron Bennett,10 April 2025,13:47,Finance,high-voltage wiring was discovered before harm occurred.,Fleet Garage,Near Miss,No,N/A
Sydney Clark,Drew Morgan,04 December 2024,20:46,Legal,toxic fumes was discovered before harm occurred.,Paint Shop,Near Miss,No,N/A
Logan Murray,Harper Bailey,02 July 2025,11:42,Legal,Unsecured toolbox almost fell from ship deck.,Dockyard North,Near Miss,No,N/A
Sydney Walker,Emerson Smith,20 April 2025,01:08,Operations,toxic fumes was discovered before harm occurred.,Main Gate Security,Near Miss,No,N/A
Logan Robinson,Sawyer Davis,18 January 2025,13:07,Ship Maintenance,high-voltage wiring was discovered before harm occurred.,Warehouse A,Near Miss,No,N/A
Cameron Davis,Casey Kennedy,07 October 2024,06:58,Finance,high-voltage wiring was discovered before harm occurred.,Office - Admin Block,Near Miss,No,N/A
Avery Johnson,Blake Ward,03 November 2024,20:50,Finance,asbestos was discovered before harm occurred.,Fuel Depot,Near Miss,No,N/A
Dakota Payne,Frankie West,24 January 2024,02:08,Quality Assurance,Unsecured ladder almost fell from scaffolding.,Maintenance Shed,Near Miss,No,N/A
Riley Bennett,Morgan Bailey,02 October 2024,17:49,Research & Development,Unsecured toolbox almost fell from ladder.,Engineering Workshop,Near Miss,No,N/A
Morgan Hughes,Harper Payne,05 July 2025,04:27,Logistics,Worker nearly touched live wiring but avoided injury.,Fuel Depot,Near Miss,No,N/A
Cameron Fisher,Jesse Pearson,03 March 2024,19:30,HR,toxic fumes was discovered before harm occurred.,Cafeteria,Near Miss,No,N/A
Blake Bailey,Riley Cooper,03 January 2025,16:07,Training & Development,Worker nearly touched live wiring but avoided injury.,Dry Dock 1,Near Miss,No,N/A
Quinn Pearson,Jordan Morgan,12 January 2024,02:55,Procurement,Worker nearly touched live wiring but avoided injury.,Fleet Garage,Near Miss,No,N/A
Harper Reed,Emerson Parker,22 May 2025,02:00,Quality Assurance,Unsecured toolbox almost fell from ship deck.,Dry Dock 2,Near Miss,No,N/A
Rowan Bennett,Frankie Payne,01 April 2025,03:04,Fleet Management,Worker nearly touched live wiring but avoided injury.,Dry Dock 2,Near Miss,No,N/A
Morgan Holmes,Drew Murphy,18 October 2024,08:36,Communications,high-voltage wiring was discovered before harm occurred.,Cafeteria,Near Miss,No,N/A
Finley Johnson,Jesse Cooper,15 June 2024,10:21,HR,Unsecured pipe almost fell from ladder.,Cafeteria,Near Miss,No,N/A
Jordan Johnson,Blake Smith,03 August 2024,18:29,Logistics,Worker nearly slipped on an oily surface but avoided injury.,Warehouse B,Near Miss,No,N/A
Blake Holmes,Quinn Graham,09 June 2025,06:28,Procurement,Worker nearly touched live wiring but avoided injury.,Reception Area,Near Miss,No,N/A
Sawyer Walker,Drew Murphy,22 September 2024,01:17,Training & Development,high-voltage wiring was discovered before harm occurred.,Office - Admin Block,Near Miss,No,N/A
Jamie Parker,Sydney Brown,02 March 2024,23:08,Environmental Services,Worker nearly slipped on an oily surface but avoided injury.,IT Server Room,Near Miss,No,N/A
Jordan Ward,Morgan Parker,13 June 2025,08:33,Engineering,Unsecured toolbox almost fell from scaffolding.,Reception Area,Near Miss,No,N/A
Emerson Reed,Alex Hughes,21 August 2025,14:41,Customer Service,Worker nearly touched live wiring but avoided injury.,Fleet Garage,Near Miss,No,N/A
Blake Brown,Jamie Holmes,28 May 2024,08:18,Finance,Worker nearly touched live wiring but avoided injury.,Engineering Workshop,Near Miss,No,N/A
Blake Morgan,Riley Cooper,11 March 2024,16:00,HR,Worker nearly touched live wiring but avoided injury.,Office - Admin Block,Near Miss,No,N/A
Casey Johnson,Logan Walker,09 March 2024,05:38,Dockyard Operations,asbestos was discovered before harm occurred.,Cafeteria,Near Miss,No,N/A
Charlie Lewis,Sawyer Ward,06 June 2024,03:34,Facilities,Unsecured ladder almost fell from ladder.,Tool Crib,Near Miss,No,N/A
Taylor Graham,Dakota Foster,10 March 2025,10:40,Finance,Unsecured toolbox almost fell from ladder.,Fleet Garage,Near Miss,No,N/A
Casey Cooper,Kai Hughes,19 August 2024,14:14,Ship Maintenance,Unsecured pipe almost fell from ship deck.,Paint Shop,Near Miss,No,N/A
Finley Hughes,Sawyer Payne,26 June 2024,04:56,Logistics,Worker nearly stepped into an open hatch but avoided injury.,Dockyard North,Near Miss,No,N/A
Frankie Bennett,Morgan Parker,16 February 2024,07:44,Environmental Services,Unsecured ladder almost fell from scaffolding.,Dockyard South,Near Miss,No,N/A
Quinn Murphy,Morgan Morgan,28 August 2024,09:33,Logistics,Worker nearly slipped on an oily surface but avoided injury.,Maintenance Shed,Near Miss,No,N/A
Elliot Mitchell,Skyler Murphy,09 November 2024,01:09,Environmental Services,Worker nearly slipped on an oily surface but avoided injury.,Dockyard South,Near Miss,No,N/A
Riley Mitchell,Peyton Allen,16 April 2025,17:52,Finance,Worker nearly touched live wiring but avoided injury.,Engineering Workshop,Near Miss,No,N/A
Dakota Ward,Frankie Smith,28 May 2025,14:21,IT,Worker nearly stepped into an open hatch but avoided injury.,Shipyard Pier,Near Miss,No,N/A
Morgan Clark,Finley Payne,23 April 2024,13:52,Research & Development,toxic fumes was discovered before harm occurred.,Fleet Garage,Near Miss,No,N/A
Dakota Mitchell,Skyler Murphy,01 January 2024,15:05,Legal,high-voltage wiring was discovered before harm occurred.,Training Room,Near Miss,No,N/A
Riley Sullivan,Taylor Foster,17 February 2025,19:57,Logistics,Unsecured toolbox almost fell from scaffolding.,Warehouse A,Near Miss,No,N/A
Avery Morgan,Skyler Brown,25 November 2024,19:15,Ship Maintenance,Unsecured ladder almost fell from ladder.,Dockyard North,Near Miss,No,N/A
Kai Murray,Dakota Brown,01 January 2025,19:50,Finance,Unsecured pipe almost fell from scaffolding.,Tool Crib,Near Miss,No,N/A
Spencer Lee,Alex Bennett,01 April 2025,21:21,Dockyard Operations,asbestos was discovered before harm occurred.,Fleet Garage,Near Miss,No,N/A
Blake Hughes,Blake Bennett,30 June 2024,17:57,HR,high-voltage wiring was discovered before harm occurred.,Dockyard North,Near Miss,No,N/A
Logan Johnson,Casey West,02 January 2025,10:55,Facilities,Worker nearly stepped into an open hatch but avoided injury.,Dockyard North,Near Miss,No,N/A
Jesse Lee,Jesse Graham,18 January 2025,02:28,Engineering,toxic fumes was discovered before harm occurred.,Training Room,Near Miss,No,N/A
Harper Murphy,Blake Smith,07 February 2024,08:56,Dockyard Operations,asbestos was discovered before harm occurred.,Tool Crib,Near Miss,No,N/A
Skyler Sullivan,Jamie Kennedy,07 July 2025,13:17,Dockyard Operations,Worker nearly touched live wiring but avoided injury.,Fleet Garage,Near Miss,No,N/A
Jesse Mitchell,Sydney West,24 June 2024,08:23,Research & Development,Worker nearly stepped into an open hatch but avoided injury.,Cafeteria,Near Miss,No,N/A
Morgan Holmes,Harper Cooper,08 October 2024,06:19,Environmental Services,high-voltage wiring was discovered before harm occurred.,Main Gate Security,Near Miss,No,N/A
Jesse Walker,Chris Murray,08 February 2024,22:44,Security,Worker nearly touched live wiring but avoided injury.,Tool Crib,Near Miss,No,N/A
Emerson West,Finley Graham,18 September 2024,13:54,Facilities,Worker nearly touched live wiring but avoided injury.,Warehouse B,Near Miss,No,N/A
Drew Johnson,Peyton Kennedy,24 June 2025,05:40,Facilities,Unsecured pipe almost fell from ladder.,Training Room,Near Miss,No,N/A
Jordan Clark,Kai Robinson,02 August 2024,16:48,Finance,Worker nearly stepped into an open hatch but avoided injury.,Dockyard North,Near Miss,No,N/A
Chris Johnson,Rowan Murray,20 March 2025,05:51,Engineering,Unsecured pipe almost fell from ladder.,Shipyard Pier,Near Miss,No,N/A
Spencer Johnson,Dakota Foster,09 July 2024,11:12,Communications,high-voltage wiring was discovered before harm occurred.,Tool Crib,Near Miss,No,N/A
Blake Murray,Dakota Lewis,01 June 2024,03:03,Operations,Unsecured toolbox almost fell from scaffolding.,Main Gate Security,Near Miss,No,N/A
Frankie Holmes,Sydney Walker,15 July 2024,22:12,Procurement,high-voltage wiring was discovered before harm occurred.,Warehouse B,Near Miss,No,N/A
Spencer Pearson,Sydney Bennett,17 April 2025,10:00,Research & Development,toxic fumes was discovered before harm occurred.,IT Server Room,Near Miss,No,N/A
Rowan Clark,Alex West,27 November 2024,06:50,Health & Safety,Unsecured toolbox almost fell from scaffolding.,Reception Area,Near Miss,No,N/A
Finley Pearson,Rowan Walker,06 July 2024,16:08,Communications,Worker nearly slipped on an oily surface but avoided injury.,Dry Dock 2,Near Miss,No,N/A
Finley Hughes,Morgan Sullivan,07 March 2024,04:37,Finance,Unsecured ladder almost fell from ladder.,Tool Crib,Near Miss,No,N/A
Drew Pearson,Sydney Holmes,26 July 2024,02:56,HR,Unsecured toolbox almost fell from ship deck.,Electrical Bay,Near Miss,No,N/A
Avery Johnson,Taylor Hughes,29 March 2025,06:53,Engineering,Unsecured pipe almost fell from ladder.,Cafeteria,Near Miss,No,N/A
Cameron Murphy,Emerson Pearson,26 July 2024,19:23,HR,Worker nearly slipped on an oily surface but avoided injury.,Shipyard Pier,Near Miss,No,N/A
Alex Smith,Reese Morgan,20 April 2025,02:59,Operations,Worker nearly touched live wiring but avoided injury.,Electrical Bay,Near Miss,No,N/A
Blake Holmes,Cameron Mitchell,22 July 2025,11:21,Research & Development,Unsecured ladder almost fell from ladder.,Warehouse B,Near Miss,No,N/A
Reese Reed,Peyton Payne,12 August 2025,02:01,Fleet Management,asbestos was discovered before harm occurred.,Training Room,Near Miss,No,N/A
Charlie Sullivan,Chris Davis,20 October 2024,21:17,Environmental Services,asbestos was discovered before harm occurred.,Main Gate Security,Near Miss,No,N/A
Emerson Hughes,Quinn Reed,06 July 2025,20:49,Warehouse,Unsecured ladder almost fell from scaffolding.,Dockyard South,Near Miss,No,N/A
Cameron Morgan,Chris West,20 July 2025,04:29,Research & Development,toxic fumes was discovered before harm occurred.,Fuel Depot,Near Miss,No,N/A
Emerson Davis,Sydney Morgan,18 October 2024,15:59,Operations,Worker nearly touched live wiring but avoided injury.,Maintenance Shed,Near Miss,No,N/A
Sydney Lewis,Chris Reed,02 January 2025,13:19,Security,toxic fumes was discovered before harm occurred.,Engineering Workshop,Near Miss,No,N/A
Jesse Kennedy,Taylor Payne,20 July 2024,05:38,Engineering,asbestos was discovered before harm occurred.,Warehouse B,Near Miss,No,N/A
Sydney West,Elliot Foster,01 September 2024,04:59,Dockyard Operations,Worker nearly touched live wiring but avoided injury.,Maintenance Shed,Near Miss,No,N/A
Quinn Kennedy,Avery Sullivan,22 August 2025,07:41,Legal,asbestos was discovered before harm occurred.,Dry Dock 1,Near Miss,No,N/A
Spencer Lee,Taylor Pearson,23 October 2024,13:02,Engineering,asbestos was discovered before harm occurred.,Shipyard Pier,Near Miss,No,N/A
Spencer Fisher,Blake Murray,27 December 2024,19:29,HR,Unsecured pipe almost fell from ship deck.,Paint Shop,Near Miss,No,N/A
Finley Reed,Morgan Smith,05 April 2025,10:48,Customer Service,Worker nearly slipped on an oily surface but avoided injury.,Shipyard Pier,Near Miss,No,N/A
Jordan Pearson,Chris Murphy,07 May 2024,04:01,Engineering,Worker nearly slipped on an oily surface but avoided injury.,Tool Crib,Near Miss,No,N/A
Jesse Ward,Taylor Murray,20 April 2024,07:10,Procurement,Worker nearly slipped on an oily surface but avoided injury.,Paint Shop,Near Miss,No,N/A
Reese Kennedy,Blake Foster,20 February 2024,20:40,Communications,Worker nearly slipped on an oily surface but avoided injury.,Electrical Bay,Near Miss,No,N/A
Finley West,Harper Robinson,05 April 2024,09:33,Operations,Worker nearly slipped on an oily surface but avoided injury.,Paint Shop,Near Miss,No,N/A
Riley Morgan,Drew Graham,10 November 2024,17:25,Procurement,asbestos was discovered before harm occurred.,Fuel Depot,Near Miss,No,N/A
Sawyer Johnson,Riley Robinson,28 May 2025,02:29,Health & Safety,toxic fumes was discovered before harm occurred.,Dry Dock 1,Near Miss,No,N/A
Riley Morgan,Alex Sullivan,16 October 2024,18:05,Operations,Worker nearly touched live wiring but avoided injury.,Training Room,Near Miss,No,N/A
Alex Pearson,Reese Sullivan,04 December 2024,09:10,Dockyard Operations,asbestos was discovered before harm occurred.,Maintenance Shed,Near Miss,No,N/A
Skyler Parker,Sawyer Parker,10 October 2024,09:03,Fleet Management,Unsecured toolbox almost fell from scaffolding.,Fleet Garage,Near Miss,No,N/A
Sydney Davis,Elliot Morgan,13 April 2024,07:40,Legal,Worker nearly touched live wiring but avoided injury.,Dry Dock 2,Near Miss,No,N/A
Sawyer Murphy,Chris Walker,11 May 2024,18:15,Fleet Management,high-voltage wiring was discovered before harm occurred.,Tool Crib,Near Miss,No,N/A
Alex Walker,Morgan Allen,07 August 2025,11:41,Health & Safety,Unsecured toolbox almost fell from ladder.,Fleet Garage,Near Miss,No,N/A
Rowan Brown,Taylor Bailey,01 May 2024,15:17,Fleet Management,Worker nearly slipped on an oily surface but avoided injury.,Dry Dock 1,Near Miss,No,N/A
Peyton Bennett,Quinn Smith,09 February 2024,12:13,Training & Development,Worker nearly stepped into an open hatch but avoided injury.,Shipyard Pier,Near Miss,No,N/A
Quinn Murray,Jamie Graham,17 February 2025,03:33,Fleet Management,Unsecured ladder almost fell from ladder.,Electrical Bay,Near Miss,No,N/A
Skyler Johnson,Peyton Clark,19 December 2024,21:24,Environmental Services,Unsecured pipe almost fell from ladder.,Dockyard North,Near Miss,No,N/A
Cameron Parker,Finley Morgan,06 May 2024,20:15,Communications,high-voltage wiring was discovered before harm occurred.,Office - Admin Block,Near Miss,No,N/A
Quinn Holmes,Blake Reed,23 November 2024,11:53,Security,asbestos was discovered before harm occurred.,Dry Dock 2,Near Miss,No,N/A
Jamie Davis,Reese Bennett,17 July 2024,19:40,Training & Development,Worker nearly touched live wiring but avoided injury.,Cafeteria,Near Miss,No,N/A
Blake Walker,Cameron Holmes,20 August 2024,09:15,Dockyard Operations,Unsecured pipe almost fell from ladder.,Cafeteria,Near Miss,No,N/A
Avery Smith,Spencer Foster,23 March 2025,01:36,Finance,toxic fumes was discovered before harm occurred.,Paint Shop,Near Miss,No,N/A
Casey Graham,Emerson Morgan,03 February 2025,10:35,Health & Safety,Unsecured pipe almost fell from scaffolding.,Fleet Garage,Near Miss,No,N/A
Jamie Sullivan,Blake Lee,31 October 2024,19:02,Ship Maintenance,toxic fumes was discovered before harm occurred.,Warehouse B,Near Miss,No,N/A
Avery Robinson,Morgan Sullivan,25 March 2024,03:19,Security,Unsecured pipe almost fell from ladder.,Electrical Bay,Near Miss,No,N/A
Logan Cooper,Finley Robinson,09 February 2025,07:31,Finance,Worker nearly stepped into an open hatch but avoided injury.,Warehouse A,Near Miss,No,N/A
Jamie Robinson,Peyton Sullivan,17 August 2024,05:17,Training & Development,Unsecured ladder almost fell from ladder.,Tool Crib,Near Miss,No,N/A
Quinn Payne,Cameron Fisher,16 May 2024,06:09,Quality Assurance,Worker nearly slipped on an oily surface but avoided injury.,Cafeteria,Near Miss,No,N/A
Morgan Hughes,Harper Allen,18 October 2024,08:09,Security,toxic fumes was discovered before harm occurred.,Training Room,Near Miss,No,N/A
Emerson Cooper,Rowan Holmes,23 February 2025,10:26,Training & Development,Worker nearly slipped on an oily surface but avoided injury.,Reception Area,Near Miss,No,N/A
Rowan Cooper,Sawyer Payne,08 April 2025,15:58,Training & Development,high-voltage wiring was discovered before harm occurred.,IT Server Room,Near Miss,No,N/A
Taylor Hughes,Jesse Reed,13 January 2024,04:27,Legal,Unsecured toolbox almost fell from ladder.,Reception Area,Near Miss,No,N/A
Alex Mitchell,Elliot Graham,29 December 2024,10:52,Facilities,high-voltage wiring was discovered before harm occurred.,Training Room,Near Miss,No,N/A
Jamie Sullivan,Morgan Robinson,04 November 2024,13:21,Logistics,Unsecured pipe almost fell from ship deck.,Engineering Workshop,Near Miss,No,N/A
Peyton Payne,Spencer Walker,28 September 2024,21:18,Security,toxic fumes was discovered before harm occurred.,Dockyard South,Near Miss,No,N/A
Emerson Morgan,Dakota Morgan,24 February 2025,13:34,Communications,Worker nearly stepped into an open hatch but avoided injury.,Dockyard South,Near Miss,No,N/A
Riley Johnson,Sawyer Fisher,11 July 2024,03:55,HR,Unsecured pipe almost fell from ladder.,Office - Admin Block,Near Miss,No,N/A
Jesse Cooper,Spencer Sullivan,28 July 2024,06:20,Security,Unsecured ladder almost fell from ladder.,IT Server Room,Near Miss,No,N/A
Riley Ward,Casey Murphy,19 August 2024,06:07,Finance,asbestos was discovered before harm occurred.,Dry Dock 1,Near Miss,No,N/A
Dakota Robinson,Avery Sullivan,14 June 2025,00:29,Logistics,Worker nearly slipped on an oily surface but avoided injury.,Fleet Garage,Near Miss,No,N/A
Jesse Morgan,Taylor Payne,25 October 2024,17:50,Logistics,Unsecured toolbox almost fell from scaffolding.,Dockyard South,Near Miss,No,N/A
Peyton Sullivan,Taylor Walker,12 September 2024,10:15,Security,toxic fumes was discovered before harm occurred.,Warehouse B,Near Miss,No,N/A
Peyton Holmes,Sawyer Murray,23 April 2025,18:01,Facilities,Unsecured toolbox almost fell from ladder.,Shipyard Pier,Near Miss,No,N/A
Morgan Sullivan,Sydney Murphy,19 June 2025,20:57,Security,Unsecured toolbox almost fell from ship deck.,Dry Dock 2,Near Miss,No,N/A
Sydney Bailey,Peyton Brown,15 February 2025,13:08,Procurement,asbestos was discovered before harm occurred.,Dry Dock 1,Near Miss,No,N/A
Elliot Walker,Alex Lee,08 August 2024,06:46,Research & Development,asbestos was discovered before harm occurred.,Engineering Workshop,Near Miss,No,N/A
Dakota Graham,Jordan Parker,04 March 2025,02:25,Health & Safety,Unsecured pipe almost fell from ship deck.,Shipyard Pier,Near Miss,No,N/A
Rowan Pearson,Reese Clark,16 March 2025,04:21,Engineering,Unsecured ladder almost fell from scaffolding.,Dockyard South,Near Miss,No,N/A
Skyler Pearson,Casey West,12 June 2024,19:45,Health & Safety,Worker nearly slipped on an oily surface but avoided injury.,Training Room,Near Miss,No,N/A
Drew Davis,Drew Graham,16 March 2025,22:51,Legal,toxic fumes was discovered before harm occurred.,Cafeteria,Near Miss,No,N/A
Jamie Bailey,Rowan Morgan,28 March 2024,09:18,IT,Unsecured ladder almost fell from scaffolding.,Dry Dock 1,Near Miss,No,N/A
Blake Ward,Jamie Graham,22 December 2024,06:05,Training & Development,Unsecured pipe almost fell from ladder.,Tool Crib,Near Miss,No,N/A
Casey West,Kai Graham,12 March 2024,19:53,Logistics,Unsecured pipe almost fell from ladder.,Tool Crib,Near Miss,No,N/A
Skyler Fisher,Logan Pearson,20 March 2024,10:36,Procurement,Unsecured toolbox almost fell from ladder.,Maintenance Shed,Near Miss,No,N/A
Chris Parker,Emerson Reed,23 May 2024,03:36,Environmental Services,Unsecured toolbox almost fell from ladder.,Main Gate Security,Near Miss,No,N/A
Morgan Mitchell,Finley Payne,22 September 2024,18:32,Procurement,toxic fumes was discovered before harm occurred.,IT Server Room,Near Miss,No,N/A
Sawyer Murray,Rowan Robinson,12 June 2024,14:54,Warehouse,Unsecured toolbox almost fell from ladder.,Cafeteria,Near Miss,No,N/A
Jamie Ward,Alex Pearson,09 April 2024,10:38,Engineering,Worker nearly stepped into an open hatch but avoided injury.,Shipyard Pier,Near Miss,No,N/A
Rowan Hughes,Dakota Parker,23 February 2024,10:17,Security,Worker nearly stepped into an open hatch but avoided injury.,Dry Dock 1,Near Miss,No,N/A
Cameron Murray,Elliot Kennedy,29 January 2024,10:00,Warehouse,toxic fumes was discovered before harm occurred.,Dockyard North,Near Miss,No,N/A
Frankie Sullivan,Riley Bailey,09 October 2024,18:52,Ship Maintenance,toxic fumes was discovered before harm occurred.,Training Room,Near Miss,No,N/A
Jordan Foster,Harper Lee,07 September 2024,14:07,Communications,Worker nearly stepped into an open hatch but avoided injury.,Engineering Workshop,Near Miss,No,N/A
Casey Brown,Alex Reed,14 May 2025,18:39,HR,toxic fumes was discovered before harm occurred.,Fuel Depot,Near Miss,No,N/A
Chris Walker,Casey Robinson,30 December 2024,11:13,IT,Unsecured toolbox almost fell from ladder.,Fleet Garage,Near Miss,No,N/A
Spencer Fisher,Dakota Reed,25 August 2024,08:54,Security,high-voltage wiring was discovered before harm occurred.,Office - Admin Block,Near Miss,No,N/A
Blake Brown,Drew Sullivan,27 October 2024,22:17,Logistics,Unsecured ladder almost fell from scaffolding.,Cafeteria,Near Miss,No,N/A
Finley Lewis,Rowan Sullivan,22 August 2025,04:27,Facilities,Worker nearly slipped on an oily surface but avoided injury.,Paint Shop,Near Miss,No,N/A
Jesse Robinson,Blake Lee,22 April 2025,08:39,Ship Maintenance,Unsecured toolbox almost fell from ship deck.,Training Room,Near Miss,No,N/A
Riley Sullivan,Spencer Pearson,05 June 2025,00:08,Security,Worker nearly touched live wiring but avoided injury.,Maintenance Shed,Near Miss,No,N/A
Emerson Johnson,Cameron West,06 February 2024,08:20,Procurement,Worker nearly stepped into an open hatch but avoided injury.,Dockyard North,Near Miss,No,N/A
Casey Holmes,Elliot Lewis,13 May 2024,23:24,Facilities,asbestos was discovered before harm occurred.,Dry Dock 2,Near Miss,No,N/A
Frankie Murphy,Casey Payne,05 April 2025,13:05,Finance,high-voltage wiring was discovered before harm occurred.,Main Gate Security,Near Miss,No,N/A
Spencer Ward,Riley Pearson,21 July 2024,14:49,Finance,Unsecured pipe almost fell from ship deck.,Reception Area,Near Miss,No,N/A
Dakota Morgan,Kai Kennedy,06 May 2025,00:37,Fleet Management,Unsecured ladder almost fell from ship deck.,Reception Area,Near Miss,No,N/A
Skyler Pearson,Quinn Cooper,20 January 2024,20:58,Health & Safety,high-voltage wiring was discovered before harm occurred.,Fleet Garage,Near Miss,No,N/A
Sawyer Murphy,Harper West,05 June 2024,23:20,Research & Development,asbestos was discovered before harm occurred.,Paint Shop,Near Miss,No,N/A
Casey Fisher,Sawyer Johnson,30 April 2025,08:02,Procurement,Worker nearly touched live wiring but avoided injury.,IT Server Room,Near Miss,No,N/A
Jamie Lewis,Jamie Davis,04 October 2024,18:46,Legal,Worker nearly slipped on an oily surface but avoided injury.,Shipyard Pier,Near Miss,No,N/A
Charlie Reed,Kai Mitchell,12 February 2025,04:56,Security,Unsecured ladder almost fell from ship deck.,IT Server Room,Near Miss,No,N/A
Emerson Hughes,Emerson Foster,21 July 2024,04:23,IT,Worker nearly stepped into an open hatch but avoided injury.,Electrical Bay,Near Miss,No,N/A
Casey Lee,Drew Ward,27 January 2025,04:04,Logistics,Unsecured pipe almost fell from ladder.,Engineering Workshop,Near Miss,No,N/A
Rowan Clark,Charlie Lewis,06 April 2025,00:04,HR,Unsecured pipe almost fell from ship deck.,Engineering Workshop,Near Miss,No,N/A
Frankie Bailey,Taylor Murphy,27 May 2025,13:08,Procurement,Unsecured toolbox almost fell from ship deck.,Tool Crib,Near Miss,No,N/A
Chris West,Riley Mitchell,28 October 2024,15:00,Finance,Unsecured toolbox almost fell from ship deck.,Warehouse A,Near Miss,No,N/A
Kai Ward,Taylor Mitchell,16 January 2024,05:26,Research & Development,Unsecured toolbox almost fell from scaffolding.,Main Gate Security,Near Miss,No,N/A
Avery Murray,Casey Payne,03 October 2024,04:02,Research & Development,Worker nearly slipped on an oily surface but avoided injury.,Warehouse B,Near Miss,No,N/A
Sawyer Fisher,Skyler Cooper,08 June 2024,05:34,Health & Safety,Worker nearly touched live wiring but avoided injury.,Maintenance Shed,Near Miss,No,N/A
Blake Walker,Spencer Reed,30 July 2024,22:45,Customer Service,Unsecured ladder almost fell from ship deck.,Dry Dock 2,Near Miss,No,N/A
Charlie Kennedy,Chris Payne,31 July 2024,13:42,Procurement,high-voltage wiring was discovered before harm occurred.,Cafeteria,Near Miss,No,N/A
Finley Fisher,Spencer Robinson,23 April 2024,06:33,Health & Safety,Unsecured toolbox almost fell from ladder.,Paint Shop,Near Miss,No,N/A
Quinn Murphy,Drew Allen,31 July 2025,01:57,Procurement,Worker nearly stepped into an open hatch but avoided injury.,Cafeteria,Near Miss,No,N/A
Jordan Murray,Rowan Bailey,24 January 2025,04:13,Quality Assurance,Worker nearly slipped on an oily surface but avoided injury.,Fuel Depot,Near Miss,No,N/A
Kai Morgan,Emerson Smith,30 March 2025,06:03,Logistics,Worker nearly slipped on an oily surface but avoided injury.,Paint Shop,Near Miss,No,N/A
Jesse Clark,Casey Pearson,02 April 2025,13:46,Procurement,toxic fumes was discovered before harm occurred.,Shipyard Pier,Near Miss,No,N/A
Spencer Ward,Quinn Lee,29 February 2024,00:09,Engineering,Unsecured ladder almost fell from scaffolding.,Tool Crib,Near Miss,No,N/A
Peyton Foster,Frankie Ward,03 October 2024,18:58,Fleet Management,Unsecured ladder almost fell from ladder.,Cafeteria,Near Miss,No,N/A
Sydney Kennedy,Jamie Allen,23 June 2025,06:02,Fleet Management,Unsecured ladder almost fell from ship deck.,IT Server Room,Near Miss,No,N/A
Quinn Payne,Casey West,23 April 2025,13:21,Procurement,Worker nearly slipped on an oily surface but avoided injury.,Cafeteria,Near Miss,No,N/A
Jordan Foster,Peyton Fisher,10 January 2024,10:08,Legal,high-voltage wiring was discovered before harm occurred.,Paint Shop,Near Miss,No,N/A
Reese Johnson,Jamie Johnson,04 June 2024,18:48,Communications,toxic fumes was discovered before harm occurred.,Dockyard South,Near Miss,No,N/A
Jordan Lewis,Jordan Holmes,05 July 2025,19:44,Operations,Unsecured toolbox almost fell from ship deck.,Office - Admin Block,Near Miss,No,N/A
Cameron Graham,Jesse Walker,11 May 2024,12:06,IT,toxic fumes was discovered before harm occurred.,Dockyard North,Near Miss,No,N/A
Kai Reed,Harper Bailey,02 March 2025,11:41,Quality Assurance,Unsecured toolbox almost fell from scaffolding.,Tool Crib,Near Miss,No,N/A
Finley Parker,Jordan Robinson,11 September 2024,22:29,Ship Maintenance,Worker nearly touched live wiring but avoided injury.,IT Server Room,Near Miss,No,N/A
Logan Allen,Skyler Mitchell,31 May 2025,23:50,Training & Development,toxic fumes was discovered before harm occurred.,Shipyard Pier,Near Miss,No,N/A
Blake Murray,Emerson Reed,01 March 2024,23:44,Training & Development,Worker nearly touched live wiring but avoided injury.,Reception Area,Near Miss,No,N/A
Avery Fisher,Cameron Pearson,18 August 2024,14:42,HR,Unsecured pipe almost fell from ladder.,Dry Dock 2,Near Miss,No,N/A
Riley Clark,Rowan Foster,19 March 2024,18:49,Dockyard Operations,Unsecured pipe almost fell from ship deck.,Main Gate Security,Near Miss,No,N/A
Skyler Payne,Logan Reed,16 May 2024,19:42,Research & Development,Unsecured pipe almost fell from ladder.,Dry Dock 1,Near Miss,No,N/A
Avery Mitchell,Jordan Bailey,21 August 2024,16:21,Environmental Services,toxic fumes was discovered before harm occurred.,Electrical Bay,Near Miss,No,N/A
Rowan Cooper,Chris Bennett,16 March 2025,20:01,HR,Unsecured pipe almost fell from ladder.,Office - Admin Block,Near Miss,No,N/A
Elliot Mitchell,Sydney Cooper,26 September 2024,09:37,Quality Assurance,Worker nearly touched live wiring but avoided injury.,Dockyard North,Near Miss,No,N/A
Sawyer Pearson,Rowan Kennedy,22 November 2024,17:58,Dockyard Operations,toxic fumes was discovered before harm occurred.,Dockyard North,Near Miss,No,N/A
Taylor Parker,Alex Fisher,31 July 2025,16:03,Environmental Services,asbestos was discovered before harm occurred.,Reception Area,Near Miss,No,N/A
Finley Pearson,Jamie Mitchell,18 August 2024,21:42,IT,Worker nearly slipped on an oily surface but avoided injury.,Warehouse A,Near Miss,No,N/A
Jordan Holmes,Morgan Bennett,06 November 2024,09:50,Facilities,Worker nearly slipped on an oily surface but avoided injury.,Office - Admin Block,Near Miss,No,N/A
Peyton Brown,Finley Sullivan,29 October 2024,19:10,Customer Service,Worker nearly stepped into an open hatch but avoided injury.,Dockyard North,Near Miss,No,N/A
Peyton Bennett,Emerson Reed,23 April 2025,08:25,Operations,Unsecured toolbox almost fell from scaffolding.,Engineering Workshop,Near Miss,No,N/A
Drew Davis,Skyler Cooper,04 January 2025,20:51,Security,toxic fumes was discovered before harm occurred.,Engineering Workshop,Near Miss,No,N/A
Alex Hughes,Blake Johnson,06 June 2024,21:55,Procurement,high-voltage wiring was discovered before harm occurred.,Tool Crib,Near Miss,No,N/A
Harper Morgan,Jesse Murray,01 February 2024,17:17,Research & Development,Unsecured ladder almost fell from ship deck.,Tool Crib,Near Miss,No,N/A
Rowan West,Quinn Davis,15 April 2024,20:14,HR,Unsecured toolbox almost fell from scaffolding.,Fuel Depot,Near Miss,No,N/A
Reese Payne,Jamie Sullivan,12 February 2024,07:47,Environmental Services,asbestos was discovered before harm occurred.,Warehouse A,Near Miss,No,N/A
Morgan Fisher,Jesse Graham,23 August 2024,03:47,Customer Service,Worker nearly touched live wiring but avoided injury.,Electrical Bay,Near Miss,No,N/A
Finley Kennedy,Cameron Fisher,12 July 2024,19:34,Operations,asbestos was discovered before harm occurred.,Training Room,Near Miss,No,N/A
Finley Bennett,Dakota Bailey,29 April 2024,06:55,Security,Unsecured ladder almost fell from ship deck.,Dockyard North,Near Miss,No,N/A
Dakota Cooper,Avery Lewis,09 July 2024,22:24,Research & Development,Unsecured pipe almost fell from ladder.,Dry Dock 2,Near Miss,No,N/A
Dakota Kennedy,Charlie Parker,11 February 2025,06:16,Research & Development,Worker nearly touched live wiring but avoided injury.,Electrical Bay,Near Miss,No,N/A
Reese Lee,Emerson Kennedy,15 February 2025,02:15,Health & Safety,Unsecured toolbox almost fell from scaffolding.,Dockyard North,Near Miss,No,N/A
Sydney Murphy,Logan Murray,07 June 2024,10:53,Quality Assurance,high-voltage wiring was discovered before harm occurred.,IT Server Room,Near Miss,No,N/A
Drew Sullivan,Sawyer Murray,11 March 2025,19:33,IT,Unsecured pipe almost fell from scaffolding.,Training Room,Near Miss,No,N/A
Reese Bennett,Sydney Pearson,06 August 2025,23:23,Research & Development,Unsecured toolbox almost fell from ship deck.,Dockyard South,Near Miss,No,N/A
Finley Morgan,Rowan Mitchell,05 June 2025,20:41,Environmental Services,Worker nearly stepped into an open hatch but avoided injury.,Warehouse B,Near Miss,No,N/A
Quinn Ward,Blake Sullivan,30 July 2024,13:34,Fleet Management,Worker nearly stepped into an open hatch but avoided injury.,Main Gate Security,Near Miss,No,N/A
Cameron Lewis,Emerson Graham,28 May 2024,18:26,Facilities,Unsecured ladder almost fell from ship deck.,Maintenance Shed,Near Miss,No,N/A
Logan Clark,Rowan Robinson,14 May 2025,18:29,Customer Service,toxic fumes was discovered before harm occurred.,Training Room,Near Miss,No,N/A
Peyton Brown,Jordan Clark,15 June 2024,13:42,Logistics,Unsecured ladder almost fell from scaffolding.,Tool Crib,Near Miss,No,N/A
Rowan Morgan,Sydney Payne,12 November 2024,13:26,Engineering,Worker nearly touched live wiring but avoided injury.,Tool Crib,Near Miss,No,N/A
Dakota Mitchell,Quinn Foster,01 February 2025,05:33,Communications,Worker nearly slipped on an oily surface but avoided injury.,Dockyard North,Near Miss,No,N/A
Quinn Holmes,Jamie Parker,30 May 2025,09:44,Warehouse,Unsecured ladder almost fell from scaffolding.,Dockyard North,Near Miss,No,N/A
Peyton Sullivan,Quinn Reed,23 June 2024,07:07,Legal,Worker nearly slipped on an oily surface but avoided injury.,Dockyard North,Near Miss,No,N/A
Reese West,Reese Mitchell,12 January 2025,05:02,Security,high-voltage wiring was discovered before harm occurred.,Dry Dock 1,Near Miss,No,N/A
Rowan Bailey,Sawyer Cooper,20 February 2025,03:55,Procurement,toxic fumes was discovered before harm occurred.,Dockyard North,Near Miss,No,N/A
Frankie West,Jordan Murphy,07 June 2025,20:51,Operations,Unsecured ladder almost fell from ship deck.,Reception Area,Near Miss,No,N/A
Cameron Mitchell,Riley Morgan,19 November 2024,21:40,Facilities,Worker nearly stepped into an open hatch but avoided injury.,Tool Crib,Near Miss,No,N/A
Alex Allen,Dakota West,10 August 2025,03:11,Quality Assurance,Unsecured pipe almost fell from ladder.,Maintenance Shed,Near Miss,No,N/A
Dakota Holmes,Harper Bennett,31 March 2024,10:22,Research & Development,high-voltage wiring was discovered before harm occurred.,Dockyard South,Near Miss,No,N/A
Sydney Morgan,Reese Lee,20 April 2025,12:22,Environmental Services,high-voltage wiring was discovered before harm occurred.,Dry Dock 2,Near Miss,No,N/A
Spencer Sullivan,Morgan Smith,04 June 2025,19:23,Engineering,Worker nearly touched live wiring but avoided injury.,IT Server Room,Near Miss,No,N/A
Peyton Foster,Frankie Smith,12 May 2025,18:14,Training & Development,Worker nearly stepped into an open hatch but avoided injury.,Dry Dock 2,Near Miss,No,N/A
Rowan Bailey,Jesse Pearson,05 April 2024,19:47,Environmental Services,high-voltage wiring was discovered before harm occurred.,Tool Crib,Near Miss,No,N/A
Quinn West,Finley Hughes,22 January 2025,20:47,Legal,Worker nearly slipped on an oily surface but avoided injury.,Paint Shop,Near Miss,No,N/A
Blake Ward,Alex Pearson,07 October 2024,17:24,Finance,high-voltage wiring was discovered before harm occurred.,Warehouse A,Near Miss,No,N/A
Charlie Morgan,Logan West,20 December 2024,08:52,Operations,Worker nearly stepped into an open hatch but avoided injury.,Office - Admin Block,Near Miss,No,N/A
Avery Smith,Sydney Lewis,08 February 2025,02:09,Operations,toxic fumes was discovered before harm occurred.,Maintenance Shed,Near Miss,No,N/A
Spencer Foster,Blake Parker,19 February 2025,03:44,Ship Maintenance,Worker nearly stepped into an open hatch but avoided injury.,Cafeteria,Near Miss,No,N/A
Jordan Holmes,Dakota Morgan,13 April 2025,05:42,Quality Assurance,high-voltage wiring was discovered before harm occurred.,Cafeteria,Near Miss,No,N/A
Reese Lee,Finley Davis,15 May 2024,00:36,HR,Unsecured pipe almost fell from ship deck.,Engineering Workshop,Near Miss,No,N/A
Peyton Lee,Sawyer Lee,05 August 2024,21:04,Customer Service,high-voltage wiring was discovered before harm occurred.,Shipyard Pier,Near Miss,No,N/A
Morgan Reed,Morgan Murray,30 December 2024,08:46,Procurement,Worker nearly stepped into an open hatch but avoided injury.,Reception Area,Near Miss,No,N/A
Casey Pearson,Charlie Lee,23 May 2024,00:46,Quality Assurance,toxic fumes was discovered before harm occurred.,Office - Admin Block,Near Miss,No,N/A
Alex Bailey,Elliot Johnson,13 March 2024,08:22,Training & Development,asbestos was discovered before harm occurred.,Training Room,Near Miss,No,N/A
Logan Allen,Chris Murphy,05 April 2024,05:30,Training & Development,Worker nearly slipped on an oily surface but avoided injury.,Main Gate Security,Near Miss,No,N/A
Harper Murphy,Drew Brown,21 April 2024,09:52,Environmental Services,Worker nearly stepped into an open hatch but avoided injury.,Training Room,Near Miss,No,N/A
Blake Parker,Dakota Reed,28 November 2024,16:55,Health & Safety,Unsecured toolbox almost fell from ship deck.,Warehouse B,Near Miss,No,N/A
Sawyer Hughes,Riley Allen,03 June 2024,15:22,Warehouse,Worker nearly stepped into an open hatch but avoided injury.,Dry Dock 2,Near Miss,No,N/A
Jamie Davis,Drew Foster,14 April 2024,20:17,Operations,Unsecured toolbox almost fell from ship deck.,Warehouse B,Near Miss,No,N/A
Emerson Reed,Quinn Smith,13 February 2024,07:16,Research & Development,asbestos was discovered before harm occurred.,Electrical Bay,Near Miss,No,N/A
Jesse Clark,Alex Brown,15 July 2024,05:00,HR,Worker nearly stepped into an open hatch but avoided injury.,IT Server Room,Near Miss,No,N/A
Emerson Davis,Drew Parker,03 May 2024,20:40,Operations,asbestos was discovered before harm occurred.,Training Room,Near Miss,No,N/A
Dakota Murray,Alex Payne,26 January 2025,14:23,Dockyard Operations,Unsecured ladder almost fell from ship deck.,Fuel Depot,Near Miss,No,N/A
Blake Sullivan,Dakota Sullivan,26 July 2024,01:39,Ship Maintenance,Unsecured pipe almost fell from ladder.,Dockyard South,Near Miss,No,N/A
Jesse Reed,Frankie Fisher,05 May 2025,02:29,Legal,Worker nearly stepped into an open hatch but avoided injury.,Fuel Depot,Near Miss,No,N/A
Skyler Holmes,Morgan Sullivan,07 May 2025,07:01,Health & Safety,Worker nearly touched live wiring but avoided injury.,Maintenance Shed,Near Miss,No,N/A
Kai Smith,Jesse Foster,10 May 2025,11:23,IT,Worker nearly touched live wiring but avoided injury.,Paint Shop,Near Miss,No,N/A
Logan Allen,Frankie Lee,24 May 2024,00:21,Facilities,toxic fumes was discovered before harm occurred.,Dockyard South,Near Miss,No,N/A
Spencer Brown,Harper Robinson,07 March 2025,15:19,Customer Service,asbestos was discovered before harm occurred.,Maintenance Shed,Near Miss,No,N/A
Reese Walker,Jordan Walker,24 August 2024,04:34,Procurement,asbestos was discovered before harm occurred.,Main Gate Security,Near Miss,No,N/A
Kai Clark,Reese Foster,17 September 2024,04:04,Engineering,Worker nearly slipped on an oily surface but avoided injury.,Electrical Bay,Near Miss,No,N/A
Morgan Brown,Jordan Ward,24 April 2024,10:02,Facilities,high-voltage wiring was discovered before harm occurred.,Maintenance Shed,Near Miss,No,N/A
Rowan Brown,Spencer Clark,25 November 2024,06:39,IT,high-voltage wiring was discovered before harm occurred.,Paint Shop,Near Miss,No,N/A
Blake Walker,Riley Smith,04 March 2024,08:37,Warehouse,toxic fumes was discovered before harm occurred.,Dry Dock 1,Near Miss,No,N/A
Rowan Johnson,Riley Robinson,20 May 2024,12:45,Security,Unsecured pipe almost fell from scaffolding.,Warehouse A,Near Miss,No,N/A
Casey Bailey,Alex Graham,28 October 2024,14:21,Warehouse,toxic fumes was discovered before harm occurred.,Paint Shop,Near Miss,No,N/A
Quinn Kennedy,Jesse Brown,16 March 2025,10:27,IT,Unsecured ladder almost fell from ladder.,Dockyard South,Near Miss,No,N/A
Jesse Allen,Kai Morgan,14 October 2024,20:54,Quality Assurance,Worker nearly stepped into an open hatch but avoided injury.,Maintenance Shed,Near Miss,No,N/A
Alex Walker,Sawyer Foster,03 April 2025,07:34,Logistics,Unsecured pipe almost fell from ship deck.,Fuel Depot,Near Miss,No,N/A
Morgan Payne,Dakota Murray,10 May 2024,14:43,HR,Worker nearly touched live wiring but avoided injury.,Warehouse A,Near Miss,No,N/A
Blake Parker,Harper Clark,20 April 2024,18:23,Procurement,Worker nearly stepped into an open hatch but avoided injury.,Training Room,Near Miss,No,N/A
Charlie Murphy,Casey Parker,27 June 2024,06:31,Logistics,high-voltage wiring was discovered before harm occurred.,Dockyard North,Near Miss,No,N/A
Kai Clark,Peyton Davis,21 August 2025,23:48,IT,toxic fumes was discovered before harm occurred.,Training Room,Near Miss,No,N/A
Rowan Foster,Casey Bennett,27 January 2024,03:06,Operations,Worker nearly stepped into an open hatch but avoided injury.,Dockyard North,Near Miss,No,N/A
Reese Fisher,Quinn Fisher,11 January 2024,06:20,Finance,Worker nearly slipped on an oily surface but avoided injury.,Reception Area,Near Miss,No,N/A
Alex Allen,Riley Reed,03 August 2024,01:57,IT,Unsecured ladder almost fell from ladder.,Electrical Bay,Near Miss,No,N/A
Cameron Morgan,Finley Murray,16 July 2025,09:16,Fleet Management,Unsecured toolbox almost fell from scaffolding.,IT Server Room,Near Miss,No,N/A
Reese Bennett,Frankie Cooper,10 July 2024,00:09,Communications,Unsecured ladder almost fell from scaffolding.,Electrical Bay,Near Miss,No,N/A
Blake Johnson,Jamie Clark,07 January 2024,05:49,Procurement,toxic fumes was discovered before harm occurred.,Paint Shop,Near Miss,No,N/A
Charlie Graham,Riley Graham,08 November 2024,14:24,Legal,high-voltage wiring was discovered before harm occurred.,Dockyard North,Near Miss,No,N/A
Cameron Walker,Blake Murphy,30 October 2024,01:58,Environmental Services,asbestos was discovered before harm occurred.,Dockyard North,Near Miss,No,N/A
Cameron Walker,Alex Kennedy,27 February 2025,21:20,Logistics,Worker nearly slipped on an oily surface but avoided injury.,Cafeteria,Near Miss,No,N/A
Jamie Foster,Chris Murray,17 March 2024,06:14,Communications,asbestos was discovered before harm occurred.,Cafeteria,Near Miss,No,N/A
Avery Robinson,Peyton Payne,12 July 2025,15:37,Environmental Services,Worker nearly touched live wiring but avoided injury.,Office - Admin Block,Near Miss,No,N/A
Dakota Fisher,Rowan Allen,26 July 2024,00:37,Facilities,Unsecured toolbox almost fell from ship deck.,Warehouse B,Near Miss,No,N/A
Logan Pearson,Chris Foster,24 September 2024,18:22,Dockyard Operations,Unsecured ladder almost fell from scaffolding.,IT Server Room,Near Miss,No,N/A
Chris Holmes,Drew Bailey,23 March 2025,08:16,Quality Assurance,Unsecured toolbox almost fell from ladder.,Warehouse B,Near Miss,No,N/A
Avery Fisher,Elliot Robinson,27 February 2025,22:02,Operations,Unsecured toolbox almost fell from ship deck.,Dry Dock 1,Near Miss,No,N/A
Logan Walker,Peyton Mitchell,08 October 2024,11:05,Fleet Management,toxic fumes was discovered before harm occurred.,Warehouse A,Near Miss,No,N/A
Harper Sullivan,Charlie Reed,10 April 2024,20:05,Quality Assurance,high-voltage wiring was discovered before harm occurred.,Office - Admin Block,Near Miss,No,N/A
Jordan Lee,Kai West,01 June 2024,02:22,Warehouse,Unsecured ladder almost fell from ship deck.,Cafeteria,Near Miss,No,N/A
Morgan Clark,Kai Brown,01 March 2025,12:45,Operations,Unsecured ladder almost fell from scaffolding.,Warehouse A,Near Miss,No,N/A
Chris Payne,Cameron Cooper,13 October 2024,20:17,Customer Service,toxic fumes was discovered before harm occurred.,Dockyard North,Near Miss,No,N/A
Morgan Holmes,Sawyer Sullivan,22 May 2024,19:54,Finance,toxic fumes was discovered before harm occurred.,Fleet Garage,Near Miss,No,N/A
Charlie Mitchell,Taylor Holmes,29 August 2024,11:05,Fleet Management,asbestos was discovered before harm occurred.,Dry Dock 2,Near Miss,No,N/A
Emerson Mitchell,Drew Fisher,31 October 2024,22:28,Facilities,Unsecured ladder almost fell from ship deck.,Training Room,Near Miss,No,N/A
Charlie Bennett,Blake Davis,08 November 2024,08:11,Environmental Services,Worker nearly touched live wiring but avoided injury.,Training Room,Near Miss,No,N/A
Kai Clark,Skyler Ward,11 February 2025,10:08,Communications,Unsecured toolbox almost fell from ship deck.,Cafeteria,Near Miss,No,N/A
Casey Murphy,Avery Ward,17 May 2025,17:45,Security,asbestos was discovered before harm occurred.,Paint Shop,Near Miss,No,N/A
Sawyer Pearson,Morgan Morgan,02 January 2025,15:21,Training & Development,Worker nearly slipped on an oily surface but avoided injury.,Paint Shop,Near Miss,No,N/A
Drew Foster,Jamie Walker,29 February 2024,20:35,Security,toxic fumes was discovered before harm occurred.,Maintenance Shed,Near Miss,No,N/A
Rowan Lee,Charlie Murray,03 September 2024,09:39,Ship Maintenance,Unsecured pipe almost fell from scaffolding.,Main Gate Security,Near Miss,No,N/A
Kai Bennett,Spencer Foster,18 May 2025,02:09,Customer Service,toxic fumes was discovered before harm occurred.,Reception Area,Near Miss,No,N/A
Sawyer Hughes,Morgan Parker,04 December 2024,01:13,Logistics,asbestos was discovered before harm occurred.,Cafeteria,Near Miss,No,N/A
Finley Allen,Chris Fisher,30 June 2025,23:23,IT,Unsecured pipe almost fell from ladder.,Warehouse A,Near Miss,No,N/A
Finley Foster,Cameron Parker,20 December 2024,23:31,Operations,high-voltage wiring was discovered before harm occurred.,Electrical Bay,Near Miss,No,N/A
Drew Davis,Casey Walker,11 March 2024,16:00,Finance,toxic fumes was discovered before harm occurred.,Warehouse B,Near Miss,No,N/A
Finley Murray,Finley Foster,26 June 2025,04:33,Research & Development,Unsecured pipe almost fell from ladder.,Warehouse B,Near Miss,No,N/A
Cameron Bailey,Peyton Robinson,31 October 2024,13:57,Security,Unsecured ladder almost fell from ladder.,Dockyard South,Near Miss,No,N/A
Rowan Payne,Charlie Brown,12 March 2025,05:55,Training & Development,Worker nearly stepped into an open hatch but avoided injury.,Fuel Depot,Near Miss,No,N/A
Quinn Smith,Sawyer Lee,26 February 2025,12:34,Dockyard Operations,Worker nearly touched live wiring but avoided injury.,Main Gate Security,Near Miss,No,N/A
Alex Holmes,Casey Hughes,22 January 2025,06:18,Finance,Worker nearly stepped into an open hatch but avoided injury.,Main Gate Security,Near Miss,No,N/A
Drew Robinson,Sawyer Hughes,27 September 2024,10:09,Fleet Management,Unsecured pipe almost fell from ship deck.,Cafeteria,Near Miss,No,N/A
Taylor Kennedy,Taylor Lewis,18 June 2024,18:23,IT,Unsecured pipe almost fell from scaffolding.,Paint Shop,Near Miss,No,N/A
Sawyer Smith,Alex Ward,23 June 2024,03:30,Procurement,toxic fumes was discovered before harm occurred.,Main Gate Security,Near Miss,No,N/A
Sydney Mitchell,Avery Cooper,13 January 2025,19:38,Engineering,Unsecured ladder almost fell from ship deck.,IT Server Room,Near Miss,No,N/A
Quinn Smith,Kai Parker,31 October 2024,19:32,Customer Service,Unsecured pipe almost fell from scaffolding.,Training Room,Near Miss,No,N/A
Cameron Holmes,Dakota Clark,08 May 2024,10:38,Research & Development,asbestos was discovered before harm occurred.,Engineering Workshop,Near Miss,No,N/A
Cameron Parker,Elliot Sullivan,05 November 2024,05:32,Operations,Unsecured pipe almost fell from ladder.,Tool Crib,Near Miss,No,N/A
Frankie Murphy,Drew Kennedy,08 December 2024,21:58,Operations,toxic fumes was discovered before harm occurred.,Dockyard North,Near Miss,No,N/A
Dakota Fisher,Jamie Bennett,02 January 2025,04:04,Engineering,Worker nearly slipped on an oily surface but avoided injury.,Cafeteria,Near Miss,No,N/A
Alex Murphy,Jordan Reed,28 May 2024,22:05,Research & Development,Worker nearly slipped on an oily surface but avoided injury.,Electrical Bay,Near Miss,No,N/A
Sydney Allen,Sawyer Bennett,09 October 2024,02:20,IT,Worker nearly stepped into an open hatch but avoided injury.,Training Room,Near Miss,No,N/A
Morgan Graham,Cameron Sullivan,16 April 2025,00:24,Facilities,Worker nearly stepped into an open hatch but avoided injury.,Dockyard South,Near Miss,No,N/A
Cameron Lee,Frankie Hughes,23 December 2024,04:22,Operations,Worker nearly stepped into an open hatch but avoided injury.,Tool Crib,Near Miss,No,N/A
Elliot Walker,Drew Robinson,27 January 2024,14:19,Finance,Unsecured toolbox almost fell from ship deck.,Maintenance Shed,Near Miss,No,N/A
Chris Allen,Spencer Fisher,18 July 2024,20:49,Engineering,Unsecured ladder almost fell from scaffolding.,Warehouse A,Near Miss,No,N/A
Dakota Holmes,Dakota Sullivan,14 January 2025,00:05,HR,Worker nearly stepped into an open hatch but avoided injury.,Dockyard North,Near Miss,No,N/A
Emerson Parker,Elliot Murray,13 May 2024,11:01,IT,asbestos was discovered before harm occurred.,Warehouse A,Near Miss,No,N/A
Logan Fisher,Spencer Pearson,28 February 2024,18:56,Security,Worker nearly slipped on an oily surface but avoided injury.,IT Server Room,Near Miss,No,N/A
Dakota Robinson,Jesse Pearson,20 August 2024,09:04,Security,Worker nearly slipped on an oily surface but avoided injury.,Training Room,Near Miss,No,N/A
Blake Parker,Frankie Fisher,28 July 2025,10:36,Logistics,toxic fumes was discovered before harm occurred.,Reception Area,Near Miss,No,N/A
Casey Murphy,Casey Bailey,07 December 2024,01:22,Environmental Services,asbestos was discovered before harm occurred.,Warehouse B,Near Miss,No,N/A
Alex West,Cameron Reed,16 May 2025,13:38,Logistics,high-voltage wiring was discovered before harm occurred.,Office - Admin Block,Near Miss,No,N/A
Cameron Brown,Logan Bennett,01 November 2024,00:32,Customer Service,high-voltage wiring was discovered before harm occurred.,Cafeteria,Near Miss,No,N/A
Avery Murphy,Jordan Davis,15 November 2024,09:40,Customer Service,Unsecured pipe almost fell from ship deck.,Dockyard South,Near Miss,No,N/A
Cameron Ward,Riley Davis,09 February 2025,10:09,Research & Development,Worker nearly slipped on an oily surface but avoided injury.,Dry Dock 1,Near Miss,No,N/A
Casey Allen,Blake Clark,27 September 2024,16:13,Legal,toxic fumes was discovered before harm occurred.,Dry Dock 1,Near Miss,No,N/A
Riley Kennedy,Drew Reed,07 March 2025,18:39,Fleet Management,Unsecured ladder almost fell from ship deck.,Dry Dock 1,Near Miss,No,N/A
Cameron West,Harper Walker,06 April 2025,08:10,Ship Maintenance,toxic fumes was discovered before harm occurred.,Maintenance Shed,Near Miss,No,N/A
Skyler Hughes,Logan Bennett,23 December 2024,05:32,Research & Development,Unsecured ladder almost fell from scaffolding.,Engineering Workshop,Near Miss,No,N/A
Chris Pearson,Chris Walker,03 March 2025,01:02,Quality Assurance,toxic fumes was discovered before harm occurred.,Training Room,Near Miss,No,N/A
Rowan Fisher,Charlie Fisher,01 May 2025,05:23,IT,Unsecured ladder almost fell from ladder.,Electrical Bay,Near Miss,No,N/A
Frankie Cooper,Taylor Robinson,07 October 2024,00:29,Legal,Unsecured ladder almost fell from scaffolding.,Cafeteria,Near Miss,No,N/A
Drew Allen,Quinn Payne,22 July 2024,01:22,Finance,Unsecured ladder almost fell from scaffolding.,Warehouse A,Near Miss,No,N/A
Finley Morgan,Finley Foster,20 May 2024,09:46,Customer Service,Worker nearly touched live wiring but avoided injury.,Fuel Depot,Near Miss,No,N/A
Taylor Mitchell,Jamie Fisher,27 June 2024,23:21,Customer Service,Worker nearly touched live wiring but avoided injury.,Warehouse A,Near Miss,No,N/A
Riley Payne,Frankie Fisher,29 July 2025,09:54,Security,Worker nearly slipped on an oily surface but avoided injury.,Dry Dock 2,Near Miss,No,N/A
Chris Fisher,Rowan Bailey,07 December 2024,22:31,Health & Safety,Unsecured toolbox almost fell from ladder.,Warehouse A,Near Miss,No,N/A
Charlie Davis,Drew Davis,11 September 2024,07:27,Training & Development,high-voltage wiring was discovered before harm occurred.,Fuel Depot,Near Miss,No,N/A
Taylor Robinson,Finley Lee,19 February 2024,11:53,Engineering,Worker nearly touched live wiring but avoided injury.,Maintenance Shed,Near Miss,No,N/A
Harper Davis,Dakota Fisher,22 March 2025,12:05,Fleet Management,toxic fumes was discovered before harm occurred.,IT Server Room,Near Miss,No,N/A
Charlie Payne,Reese Allen,11 October 2024,09:55,Communications,Unsecured pipe almost fell from ship deck.,Dry Dock 2,Near Miss,No,N/A
Blake Foster,Rowan Ward,06 April 2024,01:09,Dockyard Operations,high-voltage wiring was discovered before harm occurred.,Dry Dock 1,Near Miss,No,N/A
Emerson Bailey,Kai Hughes,06 July 2024,05:59,Fleet Management,high-voltage wiring was discovered before harm occurred.,Office - Admin Block,Near Miss,No,N/A
Logan Robinson,Casey Sullivan,08 January 2024,04:35,Finance,Unsecured pipe almost fell from ladder.,Dockyard South,Near Miss,No,N/A
Emerson Fisher,Emerson Sullivan,03 August 2024,01:21,Operations,toxic fumes was discovered before harm occurred.,Reception Area,Near Miss,No,N/A
Cameron Holmes,Riley Payne,27 May 2025,06:49,Facilities,Worker nearly slipped on an oily surface but avoided injury.,Training Room,Near Miss,No,N/A
Jamie Brown,Skyler Johnson,19 March 2024,19:34,Facilities,Unsecured toolbox almost fell from ship deck.,Cafeteria,Near Miss,No,N/A
Emerson Mitchell,Jesse Fisher,24 July 2025,00:11,IT,toxic fumes was discovered before harm occurred.,Electrical Bay,Near Miss,No,N/A
Jamie Payne,Blake Payne,25 May 2024,15:25,Engineering,asbestos was discovered before harm occurred.,Dockyard South,Near Miss,No,N/A
Riley Lewis,Sawyer Davis,13 April 2024,20:13,Quality Assurance,Unsecured ladder almost fell from scaffolding.,Office - Admin Block,Near Miss,No,N/A
Finley Payne,Spencer Lewis,06 February 2024,15:36,Operations,asbestos was discovered before harm occurred.,Paint Shop,Near Miss,No,N/A
Charlie Robinson,Skyler Walker,14 June 2025,11:31,Warehouse,Unsecured pipe almost fell from scaffolding.,Tool Crib,Near Miss,No,N/A
Alex Morgan,Elliot Holmes,19 October 2024,13:25,Legal,Worker nearly touched live wiring but avoided injury.,Maintenance Shed,Near Miss,No,N/A
Casey Lewis,Sydney Ward,12 January 2024,05:19,Health & Safety,Worker nearly stepped into an open hatch but avoided injury.,Dry Dock 1,Near Miss,No,N/A
Avery Sullivan,Chris Smith,17 May 2025,10:29,Dockyard Operations,Worker nearly stepped into an open hatch but avoided injury.,IT Server Room,Near Miss,No,N/A
Frankie Pearson,Harper Payne,17 September 2024,00:32,Facilities,Worker nearly touched live wiring but avoided injury.,Fuel Depot,Near Miss,No,N/A
Cameron Johnson,Alex Hughes,30 July 2025,19:17,Warehouse,Unsecured pipe almost fell from ladder.,Office - Admin Block,Near Miss,No,N/A
Avery Mitchell,Frankie Murray,18 April 2025,00:22,Ship Maintenance,Worker nearly stepped into an open hatch but avoided injury.,Dry Dock 2,Near Miss,No,N/A
Spencer Lewis,Emerson Morgan,22 September 2024,02:04,Facilities,Unsecured pipe almost fell from scaffolding.,Reception Area,Near Miss,No,N/A
Sawyer Morgan,Reese Lewis,29 June 2024,00:32,IT,Unsecured ladder almost fell from scaffolding.,Warehouse A,Near Miss,No,N/A
Morgan Lewis,Jesse Foster,17 July 2024,16:59,Communications,Unsecured pipe almost fell from ladder.,Dockyard North,Near Miss,No,N/A
Avery West,Charlie Hughes,02 August 2025,13:49,Fleet Management,Unsecured toolbox almost fell from ship deck.,Electrical Bay,Near Miss,No,N/A
Jordan Kennedy,Avery Cooper,21 July 2024,01:19,Engineering,high-voltage wiring was discovered before harm occurred.,Office - Admin Block,Near Miss,No,N/A
Spencer Allen,Charlie Sullivan,29 October 2024,21:40,Research & Development,Worker nearly slipped on an oily surface but avoided injury.,Tool Crib,Near Miss,No,N/A
Rowan Murphy,Quinn Bailey,16 October 2024,05:33,Logistics,asbestos was discovered before harm occurred.,Warehouse B,Near Miss,No,N/A
Peyton Sullivan,Spencer Clark,18 October 2024,10:40,Research & Development,high-voltage wiring was discovered before harm occurred.,Fuel Depot,Near Miss,No,N/A
Sydney Robinson,Cameron Allen,10 July 2025,04:33,Legal,Unsecured toolbox almost fell from ship deck.,Cafeteria,Near Miss,No,N/A
Harper Lee,Jamie Murray,25 May 2025,07:56,Warehouse,Worker nearly slipped on an oily surface but avoided injury.,Reception Area,Near Miss,No,N/A
Elliot Cooper,Avery Morgan,15 April 2025,03:55,Ship Maintenance,Worker nearly touched live wiring but avoided injury.,Dry Dock 2,Near Miss,No,N/A
Taylor Pearson,Skyler Davis,19 April 2025,03:06,Operations,high-voltage wiring was discovered before harm occurred.,Main Gate Security,Near Miss,No,N/A
Cameron Allen,Reese Kennedy,20 August 2025,13:52,Security,asbestos was discovered before harm occurred.,Cafeteria,Near Miss,No,N/A
Blake Murray,Kai Morgan,25 July 2025,18:43,Health & Safety,Unsecured pipe almost fell from ladder.,Training Room,Near Miss,No,N/A
Avery Morgan,Elliot Cooper,16 March 2025,11:49,Facilities,Worker nearly stepped into an open hatch but avoided injury.,Warehouse B,Near Miss,No,N/A
Harper Walker,Dakota Davis,30 April 2024,12:28,HR,Worker nearly slipped on an oily surface but avoided injury.,Reception Area,Near Miss,No,N/A
Cameron Pearson,Logan Reed,25 January 2025,05:17,Ship Maintenance,Worker nearly slipped on an oily surface but avoided injury.,Electrical Bay,Near Miss,No,N/A
Sydney Brown,Peyton Hughes,31 March 2024,03:40,Health & Safety,Worker nearly stepped into an open hatch but avoided injury.,Warehouse B,Near Miss,No,N/A
Morgan Holmes,Blake Allen,18 July 2025,17:36,Research & Development,Worker nearly stepped into an open hatch but avoided injury.,Shipyard Pier,Near Miss,No,N/A
Logan Morgan,Quinn Walker,29 October 2024,22:02,HR,Worker nearly stepped into an open hatch but avoided injury.,Dry Dock 2,Near Miss,No,N/A
Elliot Brown,Elliot Payne,18 February 2024,18:14,Legal,Unsecured toolbox almost fell from scaffolding.,Dry Dock 1,Near Miss,No,N/A
Dakota Bennett,Harper Davis,23 September 2024,05:45,Research & Development,high-voltage wiring was discovered before harm occurred.,Dry Dock 2,Near Miss,No,N/A
Kai Clark,Alex Foster,23 January 2024,11:44,Security,Worker nearly slipped on an oily surface but avoided injury.,Dry Dock 2,Near Miss,No,N/A
Frankie Lee,Sydney Holmes,11 April 2024,09:02,Operations,asbestos was discovered before harm occurred.,Electrical Bay,Near Miss,No,N/A
Morgan Kennedy,Dakota Holmes,22 March 2025,05:00,IT,Unsecured pipe almost fell from ladder.,Tool Crib,Near Miss,No,N/A
Cameron Holmes,Spencer Pearson,13 August 2024,17:49,Finance,Worker nearly touched live wiring but avoided injury.,Fuel Depot,Near Miss,No,N/A
Quinn Parker,Chris Morgan,12 January 2024,02:15,Environmental Services,asbestos was discovered before harm occurred.,Office - Admin Block,Near Miss,No,N/A
Cameron Reed,Harper Clark,27 March 2024,05:19,HR,Unsecured pipe almost fell from ship deck.,Warehouse B,Near Miss,No,N/A
Dakota Ward,Sydney Allen,09 January 2025,14:11,Legal,asbestos was discovered before harm occurred.,Tool Crib,Near Miss,No,N/A
Kai Mitchell,Kai Bennett,02 March 2024,09:27,HR,Worker nearly touched live wiring but avoided injury.,Tool Crib,Near Miss,No,N/A
Dakota Murray,Peyton West,06 February 2024,22:05,Operations,toxic fumes was discovered before harm occurred.,Training Room,Near Miss,No,N/A
Drew Payne,Skyler Sullivan,06 December 2024,14:37,Procurement,Unsecured pipe almost fell from ladder.,IT Server Room,Near Miss,No,N/A
Jamie Brown,Quinn West,05 June 2024,22:27,Communications,Worker nearly stepped into an open hatch but avoided injury.,Dry Dock 2,Near Miss,No,N/A
Casey Lewis,Jordan Murray,19 February 2025,16:15,Finance,Worker nearly stepped into an open hatch but avoided injury.,Shipyard Pier,Near Miss,No,N/A
Finley Lewis,Charlie Bennett,17 July 2025,10:34,Security,Worker nearly touched live wiring but avoided injury.,Shipyard Pier,Near Miss,No,N/A
Rowan Pearson,Charlie Davis,03 September 2024,19:13,Environmental Services,Unsecured pipe almost fell from ship deck.,Warehouse A,Near Miss,No,N/A
Jamie Brown,Avery Johnson,15 October 2024,19:08,Logistics,Worker nearly touched live wiring but avoided injury.,Warehouse A,Near Miss,No,N/A
Peyton Reed,Spencer Foster,15 April 2025,18:50,Warehouse,Unsecured pipe almost fell from ladder.,Dockyard South,Near Miss,No,N/A
Quinn West,Avery Reed,25 April 2025,21:25,Security,Worker nearly touched live wiring but avoided injury.,Training Room,Near Miss,No,N/A
Sawyer Parker,Logan Davis,08 December 2024,06:34,Dockyard Operations,Unsecured pipe almost fell from ladder.,Warehouse A,Near Miss,No,N/A
Cameron Bailey,Elliot Lewis,17 February 2025,09:06,Dockyard Operations,toxic fumes was discovered before harm occurred.,Dockyard South,Near Miss,No,N/A
Rowan Pearson,Jesse Allen,31 July 2024,08:35,Communications,Unsecured pipe almost fell from ladder.,Fleet Garage,Near Miss,No,N/A
Riley Walker,Blake Graham,12 March 2025,02:54,Fleet Management,Unsecured pipe almost fell from ship deck.,Electrical Bay,Near Miss,No,N/A
Frankie Payne,Casey Fisher,18 December 2024,23:49,Procurement,Worker nearly stepped into an open hatch but avoided injury.,Engineering Workshop,Near Miss,No,N/A
Morgan Brown,Reese Allen,11 June 2024,21:42,Procurement,asbestos was discovered before harm occurred.,Reception Area,Near Miss,No,N/A
Jesse Johnson,Casey Ward,14 May 2025,18:26,Health & Safety,Unsecured pipe almost fell from scaffolding.,Paint Shop,Near Miss,No,N/A
Cameron Hughes,Harper Graham,29 January 2025,01:58,Procurement,asbestos was discovered before harm occurred.,Tool Crib,Near Miss,No,N/A
Blake Clark,Kai Mitchell,11 September 2024,03:24,Legal,Unsecured ladder almost fell from ladder.,Dockyard North,Near Miss,No,N/A
Avery Lee,Logan Cooper,20 January 2025,12:22,Health & Safety,Worker nearly slipped on an oily surface but avoided injury.,Warehouse B,Near Miss,No,N/A
Drew Brown,Avery Mitchell,30 October 2024,20:07,Fleet Management,Unsecured pipe almost fell from scaffolding.,Fuel Depot,Near Miss,No,N/A
Riley Clark,Spencer Hughes,12 February 2025,12:52,IT,asbestos was discovered before harm occurred.,IT Server Room,Near Miss,No,N/A
Rowan Hughes,Morgan Davis,25 September 2024,03:34,Logistics,Worker nearly slipped on an oily surface but avoided injury.,Cafeteria,Near Miss,No,N/A
Alex Murphy,Chris Reed,29 December 2024,08:37,Research & Development,toxic fumes was discovered before harm occurred.,Tool Crib,Near Miss,No,N/A
Chris Morgan,Kai Reed,07 May 2025,12:35,Health & Safety,Worker nearly stepped into an open hatch but avoided injury.,Cafeteria,Near Miss,No,N/A
Dakota Robinson,Morgan Robinson,02 November 2024,16:24,Environmental Services,Unsecured pipe almost fell from scaffolding.,IT Server Room,Near Miss,No,N/A
Skyler Payne,Quinn Fisher,26 July 2024,11:30,Environmental Services,asbestos was discovered before harm occurred.,Dry Dock 2,Near Miss,No,N/A
Blake Cooper,Spencer Hughes,17 July 2025,10:07,Fleet Management,toxic fumes was discovered before harm occurred.,Reception Area,Near Miss,No,N/A
Sydney Allen,Jesse Brown,29 September 2024,19:04,Procurement,toxic fumes was discovered before harm occurred.,Main Gate Security,Near Miss,No,N/A
Chris Murphy,Quinn Bailey,05 May 2024,08:57,Finance,Worker nearly slipped on an oily surface but avoided injury.,Paint Shop,Near Miss,No,N/A
Rowan Bennett,Peyton Ward,25 September 2024,06:08,Dockyard Operations,toxic fumes was discovered before harm occurred.,IT Server Room,Near Miss,No,N/A
Riley Reed,Chris Reed,02 September 2024,10:39,Legal,Worker nearly slipped on an oily surface but avoided injury.,Dockyard South,Near Miss,No,N/A
Sydney Hughes,Logan Allen,02 January 2024,19:04,Quality Assurance,Worker nearly touched live wiring but avoided injury.,Office - Admin Block,Near Miss,No,N/A
Rowan Davis,Taylor Sullivan,10 September 2024,13:29,Engineering,Worker nearly touched live wiring but avoided injury.,Fuel Depot,Near Miss,No,N/A
Jordan Hughes,Frankie Fisher,12 May 2024,12:25,Logistics,Unsecured ladder almost fell from ladder.,Tool Crib,Near Miss,No,N/A
Sawyer Bennett,Chris Robinson,08 July 2025,16:55,Finance,Worker nearly touched live wiring but avoided injury.,Warehouse A,Near Miss,No,N/A
Avery Allen,Jesse West,16 July 2024,23:54,Quality Assurance,Worker nearly slipped on an oily surface but avoided injury.,IT Server Room,Near Miss,No,N/A
Reese Smith,Jordan Morgan,17 January 2025,09:06,Environmental Services,Unsecured toolbox almost fell from scaffolding.,Maintenance Shed,Near Miss,No,N/A
Reese Robinson,Harper Cooper,25 July 2025,07:41,Fleet Management,Unsecured pipe almost fell from ladder.,Main Gate Security,Near Miss,No,N/A
Frankie Bennett,Jordan Graham,19 April 2025,07:18,Security,Unsecured ladder almost fell from ladder.,Shipyard Pier,Near Miss,No,N/A
Jesse Murray,Blake Brown,12 September 2024,14:13,Health & Safety,Worker nearly stepped into an open hatch but avoided injury.,Warehouse B,Near Miss,No,N/A
Harper Ward,Finley Sullivan,26 October 2024,17:54,Security,high-voltage wiring was discovered before harm occurred.,Electrical Bay,Near Miss,No,N/A
Spencer Reed,Taylor Payne,06 August 2025,16:26,Engineering,Worker nearly touched live wiring but avoided injury.,Shipyard Pier,Near Miss,No,N/A
Sydney Mitchell,Drew Morgan,21 May 2025,20:44,Warehouse,Worker nearly touched live wiring but avoided injury.,Electrical Bay,Near Miss,No,N/A
Chris Pearson,Sawyer Reed,03 July 2024,19:10,Legal,toxic fumes was discovered before harm occurred.,Fleet Garage,Near Miss,No,N/A
Taylor Foster,Charlie Allen,07 March 2024,10:05,Quality Assurance,Worker nearly touched live wiring but avoided injury.,Warehouse A,Near Miss,No,N/A
Alex Hughes,Charlie Morgan,07 July 2024,13:36,Engineering,Unsecured toolbox almost fell from ship deck.,Fleet Garage,Near Miss,No,N/A
Morgan Johnson,Chris Johnson,18 January 2024,03:25,Environmental Services,Worker nearly slipped on an oily surface but avoided injury.,Office - Admin Block,Near Miss,No,N/A
Spencer Parker,Riley Murray,06 May 2025,18:41,Health & Safety,Worker nearly slipped on an oily surface but avoided injury.,Tool Crib,Near Miss,No,N/A
Riley Lewis,Peyton Pearson,14 March 2024,00:25,Engineering,Unsecured ladder almost fell from ladder.,Cafeteria,Near Miss,No,N/A
Quinn Ward,Emerson Payne,09 July 2025,17:51,Ship Maintenance,Unsecured toolbox almost fell from ship deck.,IT Server Room,Near Miss,No,N/A
Casey Holmes,Casey Bennett,11 June 2024,21:36,IT,Unsecured pipe almost fell from ladder.,Fleet Garage,Near Miss,No,N/A
Skyler Murray,Kai Murray,17 November 2024,11:27,Finance,Unsecured pipe almost fell from ladder.,IT Server Room,Near Miss,No,N/A
Charlie Lee,Quinn Robinson,01 March 2025,21:09,IT,Worker nearly stepped into an open hatch but avoided injury.,Warehouse B,Near Miss,No,N/A
Jordan Lewis,Taylor Lewis,25 October 2024,04:26,Facilities,Unsecured toolbox almost fell from scaffolding.,Shipyard Pier,Near Miss,No,N/A
Reese Allen,Charlie Smith,03 August 2025,15:33,Communications,Worker nearly stepped into an open hatch but avoided injury.,Fuel Depot,Near Miss,No,N/A
Alex Clark,Jamie Cooper,08 December 2024,07:43,Logistics,high-voltage wiring was discovered before harm occurred.,IT Server Room,Near Miss,No,N/A
Dakota Mitchell,Jordan Clark,19 May 2024,19:00,Dockyard Operations,Worker nearly touched live wiring but avoided injury.,Dockyard North,Near Miss,No,N/A
Casey Parker,Avery Lewis,03 February 2024,07:56,Quality Assurance,Worker nearly stepped into an open hatch but avoided injury.,Dry Dock 1,Near Miss,No,N/A
Finley Graham,Sawyer Bailey,15 June 2024,08:04,Communications,high-voltage wiring was discovered before harm occurred.,Maintenance Shed,Near Miss,No,N/A
Drew Lewis,Avery Clark,05 January 2024,11:24,Ship Maintenance,Unsecured ladder almost fell from scaffolding.,Tool Crib,Near Miss,No,N/A
Skyler Davis,Jordan Reed,06 February 2025,10:14,Finance,Worker nearly slipped on an oily surface but avoided injury.,Electrical Bay,Near Miss,No,N/A
Spencer Brown,Frankie Johnson,23 April 2024,06:03,Security,toxic fumes was discovered before harm occurred.,Electrical Bay,Near Miss,No,N/A
Frankie Hughes,Finley Holmes,04 July 2024,04:33,Warehouse,Worker nearly slipped on an oily surface but avoided injury.,Tool Crib,Near Miss,No,N/A
Chris Fisher,Dakota Reed,27 January 2024,15:47,Procurement,Unsecured pipe almost fell from ship deck.,Reception Area,Near Miss,No,N/A
Alex Reed,Blake Lewis,05 August 2024,02:28,Warehouse,Unsecured toolbox almost fell from ship deck.,Main Gate Security,Near Miss,No,N/A
Frankie Robinson,Skyler Reed,15 March 2024,00:27,Logistics,Worker nearly stepped into an open hatch but avoided injury.,Dockyard North,Near Miss,No,N/A
Frankie Johnson,Quinn Payne,22 February 2025,11:11,Training & Development,Unsecured toolbox almost fell from scaffolding.,IT Server Room,Near Miss,No,N/A
Sydney Hughes,Rowan Morgan,06 May 2025,02:43,Environmental Services,Unsecured ladder almost fell from ladder.,Tool Crib,Near Miss,No,N/A
Quinn Murphy,Chris Brown,19 November 2024,21:54,Logistics,Worker nearly touched live wiring but avoided injury.,Dockyard South,Near Miss,No,N/A
Jesse Lewis,Blake Cooper,07 August 2025,05:49,Finance,asbestos was discovered before harm occurred.,Dry Dock 1,Near Miss,No,N/A
Avery Kennedy,Charlie Parker,19 December 2024,21:26,IT,toxic fumes was discovered before harm occurred.,Dry Dock 1,Near Miss,No,N/A
Blake Lewis,Peyton Holmes,03 November 2024,09:24,Fleet Management,Worker nearly slipped on an oily surface but avoided injury.,Training Room,Near Miss,No,N/A
Spencer Allen,Peyton Davis,21 November 2024,01:05,Procurement,Worker nearly touched live wiring but avoided injury.,Warehouse B,Near Miss,No,N/A
Jordan Sullivan,Skyler Davis,12 March 2025,18:54,Customer Service,toxic fumes was discovered before harm occurred.,Warehouse B,Near Miss,No,N/A
Emerson Cooper,Dakota Walker,07 July 2025,09:23,Warehouse,high-voltage wiring was discovered before harm occurred.,Paint Shop,Near Miss,No,N/A
Avery Cooper,Rowan West,10 April 2024,11:26,Customer Service,Unsecured toolbox almost fell from ship deck.,Office - Admin Block,Near Miss,No,N/A
Sawyer Graham,Frankie Walker,08 July 2024,21:35,Logistics,asbestos was discovered before harm occurred.,Shipyard Pier,Near Miss,No,N/A
Skyler Graham,Cameron Cooper,25 November 2024,02:18,Health & Safety,Unsecured toolbox almost fell from scaffolding.,Main Gate Security,Near Miss,No,N/A
Skyler Allen,Avery Ward,05 July 2025,04:55,Warehouse,Unsecured toolbox almost fell from scaffolding.,Warehouse B,Near Miss,No,N/A
Cameron Lee,Riley Robinson,20 February 2025,15:18,Training & Development,Unsecured ladder almost fell from ship deck.,Paint Shop,Near Miss,No,N/A
Harper Parker,Harper Morgan,06 November 2024,14:00,Operations,asbestos was discovered before harm occurred.,Dockyard North,Near Miss,No,N/A
Jordan Clark,Frankie Morgan,10 April 2024,20:53,Dockyard Operations,Unsecured pipe almost fell from scaffolding.,Fuel Depot,Near Miss,No,N/A
Taylor West,Taylor Davis,22 January 2024,19:10,Communications,high-voltage wiring was discovered before harm occurred.,Shipyard Pier,Near Miss,No,N/A
Dakota Mitchell,Dakota Smith,03 March 2024,06:54,Warehouse,Unsecured ladder almost fell from ship deck.,IT Server Room,Near Miss,No,N/A
Casey Graham,Sydney Robinson,17 August 2024,16:36,Engineering,high-voltage wiring was discovered before harm occurred.,Dockyard North,Near Miss,No,N/A
Casey Lee,Spencer Davis,01 September 2024,10:34,IT,toxic fumes was discovered before harm occurred.,Maintenance Shed,Near Miss,No,N/A
Morgan Fisher,Kai Holmes,15 July 2025,14:44,Fleet Management,Unsecured pipe almost fell from scaffolding.,Paint Shop,Near Miss,No,N/A
Avery Robinson,Alex Clark,02 March 2025,04:18,Fleet Management,Worker nearly slipped on an oily surface but avoided injury.,Maintenance Shed,Near Miss,No,N/A
Rowan Holmes,Sawyer Bailey,06 May 2025,06:01,Fleet Management,Worker nearly slipped on an oily surface but avoided injury.,Dry Dock 2,Near Miss,No,N/A
Riley West,Jordan Cooper,21 July 2024,08:07,Dockyard Operations,Unsecured ladder almost fell from ship deck.,Fuel Depot,Near Miss,No,N/A
Rowan Ward,Morgan Davis,15 July 2025,20:13,Engineering,high-voltage wiring was discovered before harm occurred.,Cafeteria,Near Miss,No,N/A
Harper Parker,Elliot Graham,15 July 2024,03:16,Training & Development,Worker nearly touched live wiring but avoided injury.,Paint Shop,Near Miss,No,N/A
Harper Lewis,Quinn Allen,31 July 2025,08:03,Fleet Management,toxic fumes was discovered before harm occurred.,Tool Crib,Near Miss,No,N/A
Chris Bailey,Harper Bennett,21 December 2024,00:12,Health & Safety,Unsecured pipe almost fell from scaffolding.,Dockyard South,Near Miss,No,N/A
Peyton Bailey,Rowan Foster,09 September 2024,19:52,Engineering,Worker nearly touched live wiring but avoided injury.,IT Server Room,Near Miss,No,N/A
Charlie Payne,Sawyer Smith,15 January 2024,21:42,Fleet Management,Unsecured pipe almost fell from ship deck.,IT Server Room,Near Miss,No,N/A
Jesse Fisher,Sawyer Cooper,30 July 2025,13:25,Research & Development,toxic fumes was discovered before harm occurred.,Main Gate Security,Near Miss,No,N/A
Harper Ward,Sawyer Bennett,22 April 2025,00:12,Ship Maintenance,Worker nearly touched live wiring but avoided injury.,Office - Admin Block,Near Miss,No,N/A
Skyler Johnson,Finley Foster,29 November 2024,04:50,HR,Unsecured ladder almost fell from ladder.,Dry Dock 2,Near Miss,No,N/A
Taylor Bailey,Peyton Johnson,23 September 2024,01:23,Training & Development,high-voltage wiring was discovered before harm occurred.,Cafeteria,Near Miss,No,N/A
Finley Hughes,Casey Morgan,15 June 2024,12:16,Ship Maintenance,toxic fumes was discovered before harm occurred.,Engineering Workshop,Near Miss,No,N/A
Dakota Cooper,Elliot Hughes,18 September 2024,16:46,Fleet Management,high-voltage wiring was discovered before harm occurred.,Fuel Depot,Near Miss,No,N/A
Logan Pearson,Jamie Murphy,09 April 2025,16:49,Engineering,Worker nearly touched live wiring but avoided injury.,Dry Dock 2,Near Miss,No,N/A
Harper Clark,Taylor Walker,10 February 2024,05:33,Quality Assurance,asbestos was discovered before harm occurred.,Maintenance Shed,Near Miss,No,N/A
Drew Parker,Jamie Morgan,23 September 2024,09:33,Facilities,Worker nearly stepped into an open hatch but avoided injury.,Dockyard South,Near Miss,No,N/A
Quinn Smith,Chris Fisher,23 July 2025,17:24,Operations,Unsecured ladder almost fell from ship deck.,Training Room,Near Miss,No,N/A
Quinn Cooper,Sawyer Pearson,04 January 2025,06:25,Warehouse,Unsecured pipe almost fell from ship deck.,Main Gate Security,Near Miss,No,N/A
Jordan Brown,Peyton Parker,08 April 2024,20:13,Warehouse,Worker nearly touched live wiring but avoided injury.,Tool Crib,Near Miss,No,N/A
Taylor Walker,Jamie Ward,03 July 2024,22:37,Training & Development,Unsecured toolbox almost fell from ladder.,Cafeteria,Near Miss,No,N/A
Harper Foster,Chris Clark,06 June 2025,17:44,Communications,high-voltage wiring was discovered before harm occurred.,Shipyard Pier,Near Miss,No,N/A
Casey Bailey,Alex Ward,06 April 2025,20:24,Customer Service,asbestos was discovered before harm occurred.,Shipyard Pier,Near Miss,No,N/A
Jesse West,Jesse Lewis,20 March 2024,09:26,Environmental Services,Unsecured ladder almost fell from scaffolding.,IT Server Room,Near Miss,No,N/A
Alex Clark,Jesse West,24 October 2024,09:37,Facilities,Unsecured toolbox almost fell from scaffolding.,Training Room,Near Miss,No,N/A
Cameron Lee,Taylor Pearson,26 March 2024,12:27,Finance,high-voltage wiring was discovered before harm occurred.,Fleet Garage,Near Miss,No,N/A
Harper Reed,Kai Johnson,01 March 2024,02:28,Ship Maintenance,Worker nearly slipped on an oily surface but avoided injury.,Shipyard Pier,Near Miss,No,N/A
Blake Walker,Emerson Lewis,24 March 2024,03:22,Communications,high-voltage wiring was discovered before harm occurred.,Warehouse B,Near Miss,No,N/A
Peyton Davis,Skyler West,05 November 2024,23:44,Ship Maintenance,Worker nearly touched live wiring but avoided injury.,Dry Dock 2,Near Miss,No,N/A
Avery Kennedy,Chris Lee,26 February 2025,23:06,Quality Assurance,Unsecured ladder almost fell from ladder.,Tool Crib,Near Miss,No,N/A
Charlie Fisher,Sydney Smith,26 December 2024,08:55,Facilities,asbestos was discovered before harm occurred.,Dockyard South,Near Miss,No,N/A
Kai Brown,Casey Cooper,27 April 2025,08:33,Ship Maintenance,Unsecured pipe almost fell from ladder.,Tool Crib,Near Miss,No,N/A
Quinn Parker,Spencer Walker,23 July 2024,12:42,Security,asbestos was discovered before harm occurred.,Fleet Garage,Near Miss,No,N/A
Casey Davis,Emerson Lee,02 April 2024,02:38,Facilities,high-voltage wiring was discovered before harm occurred.,Maintenance Shed,Near Miss,No,N/A
Casey Parker,Cameron Fisher,22 June 2025,16:52,Procurement,toxic fumes was discovered before harm occurred.,Engineering Workshop,Near Miss,No,N/A
Cameron Payne,Sydney Clark,28 May 2024,21:55,IT,toxic fumes was discovered before harm occurred.,Warehouse A,Near Miss,No,N/A
Skyler Smith,Charlie Bennett,13 May 2024,10:26,Finance,Unsecured pipe almost fell from ladder.,Electrical Bay,Near Miss,No,N/A
Elliot Payne,Riley Murray,03 June 2024,00:53,Legal,Worker nearly stepped into an open hatch but avoided injury.,Main Gate Security,Near Miss,No,N/A
Emerson Mitchell,Avery Bailey,09 May 2025,06:17,Dockyard Operations,Worker nearly stepped into an open hatch but avoided injury.,Engineering Workshop,Near Miss,No,N/A
Finley Kennedy,Alex Payne,10 November 2024,20:15,Training & Development,Worker nearly stepped into an open hatch but avoided injury.,Main Gate Security,Near Miss,No,N/A
Emerson Murray,Blake Reed,10 April 2024,16:26,Engineering,Unsecured ladder almost fell from ship deck.,Office - Admin Block,Near Miss,No,N/A
Jamie West,Charlie Bennett,21 November 2024,04:40,Health & Safety,Worker nearly slipped on an oily surface but avoided injury.,Paint Shop,Near Miss,No,N/A
Reese Bailey,Riley Brown,04 March 2025,12:16,HR,asbestos was discovered before harm occurred.,Dockyard South,Near Miss,No,N/A
Jamie Walker,Jamie Brown,26 July 2025,05:32,Engineering,Worker nearly touched live wiring but avoided injury.,Electrical Bay,Near Miss,No,N/A
Jordan Lewis,Kai Pearson,14 July 2025,17:30,Logistics,Worker nearly slipped on an oily surface but avoided injury.,Main Gate Security,Near Miss,No,N/A
Taylor Lewis,Jamie Clark,28 September 2024,20:52,Procurement,toxic fumes was discovered before harm occurred.,Paint Shop,Near Miss,No,N/A
Emerson Ward,Avery Payne,26 March 2025,04:21,Logistics,Worker nearly touched live wiring but avoided injury.,Reception Area,Near Miss,No,N/A
Peyton Pearson,Jamie Holmes,14 May 2024,12:05,Research & Development,Worker nearly slipped on an oily surface but avoided injury.,IT Server Room,Near Miss,No,N/A
Sydney West,Harper Parker,16 January 2024,01:02,Legal,toxic fumes was discovered before harm occurred.,Paint Shop,Near Miss,No,N/A
Taylor Smith,Finley Bailey,15 January 2025,21:06,Finance,asbestos was discovered before harm occurred.,Dockyard South,Near Miss,No,N/A
Harper Davis,Drew Pearson,12 July 2024,03:30,Fleet Management,Worker nearly slipped on an oily surface but avoided injury.,Tool Crib,Near Miss,No,N/A
Riley Clark,Blake Bailey,10 January 2024,03:21,Dockyard Operations,Unsecured pipe almost fell from scaffolding.,Tool Crib,Near Miss,No,N/A
Reese Robinson,Cameron Kennedy,05 July 2024,13:19,Environmental Services,Unsecured pipe almost fell from scaffolding.,Cafeteria,Near Miss,No,N/A
Jesse Allen,Avery Lewis,22 May 2025,03:47,Dockyard Operations,Worker nearly touched live wiring but avoided injury.,IT Server Room,Near Miss,No,N/A
Logan Pearson,Logan Murphy,05 May 2025,17:37,Procurement,Worker nearly stepped into an open hatch but avoided injury.,Warehouse B,Near Miss,No,N/A
Skyler Reed,Logan Cooper,23 November 2024,14:20,Finance,Worker nearly touched live wiring but avoided injury.,Main Gate Security,Near Miss,No,N/A
Spencer Kennedy,Cameron Lewis,12 June 2025,10:47,Logistics,Worker nearly stepped into an open hatch but avoided injury.,IT Server Room,Near Miss,No,N/A
Dakota West,Morgan Murray,20 February 2024,06:27,Ship Maintenance,Unsecured toolbox almost fell from ladder.,Tool Crib,Near Miss,No,N/A
Spencer Murray,Rowan Holmes,14 May 2024,12:20,Research & Development,Unsecured pipe almost fell from ship deck.,Fleet Garage,Near Miss,No,N/A
Drew Brown,Reese Smith,03 January 2024,08:27,Procurement,Worker nearly touched live wiring but avoided injury.,Dockyard South,Near Miss,No,N/A
Casey Hughes,Peyton Allen,20 April 2024,12:15,Research & Development,asbestos was discovered before harm occurred.,Warehouse B,Near Miss,No,N/A
Charlie Bennett,Rowan Smith,31 May 2025,08:42,Engineering,Worker nearly slipped on an oily surface but avoided injury.,Paint Shop,Near Miss,No,N/A
Peyton Morgan,Skyler Davis,27 December 2024,01:01,Training & Development,Unsecured ladder almost fell from scaffolding.,Engineering Workshop,Near Miss,No,N/A
Rowan Holmes,Blake Reed,15 October 2024,17:18,Research & Development,Worker nearly slipped on an oily surface but avoided injury.,Fuel Depot,Near Miss,No,N/A
Morgan Robinson,Taylor Fisher,20 July 2025,20:12,Communications,toxic fumes was discovered before harm occurred.,Fuel Depot,Near Miss,No,N/A
Harper Parker,Cameron Johnson,05 June 2024,14:21,Quality Assurance,Worker nearly stepped into an open hatch but avoided injury.,Dockyard South,Near Miss,No,N/A
Jordan Lewis,Sawyer Parker,28 March 2025,06:15,Research & Development,Unsecured pipe almost fell from ship deck.,Paint Shop,Near Miss,No,N/A
Chris Foster,Jesse Murphy,05 March 2025,23:20,Security,Worker nearly stepped into an open hatch but avoided injury.,Electrical Bay,Near Miss,No,N/A
Peyton Kennedy,Reese Ward,12 January 2025,03:44,Dockyard Operations,Unsecured toolbox almost fell from scaffolding.,Cafeteria,Near Miss,No,N/A
Quinn Bennett,Avery Fisher,20 January 2025,20:49,Operations,toxic fumes was discovered before harm occurred.,Maintenance Shed,Near Miss,No,N/A
Jesse Holmes,Blake Lewis,27 April 2024,10:04,HR,Unsecured toolbox almost fell from ladder.,Electrical Bay,Near Miss,No,N/A
Sydney Bailey,Quinn Murray,29 July 2025,10:22,Security,Worker nearly stepped into an open hatch but avoided injury.,Dry Dock 2,Near Miss,No,N/A
Charlie Bennett,Peyton Lewis,05 November 2024,15:57,Dockyard Operations,Worker nearly slipped on an oily surface but avoided injury.,Training Room,Near Miss,No,N/A
Avery Bailey,Rowan Robinson,08 February 2025,18:35,Engineering,Unsecured toolbox almost fell from ladder.,Paint Shop,Near Miss,No,N/A
Finley Bailey,Taylor Morgan,04 November 2024,18:52,Ship Maintenance,toxic fumes was discovered before harm occurred.,Training Room,Near Miss,No,N/A
Harper Hughes,Chris Reed,16 October 2024,09:56,Research & Development,Unsecured toolbox almost fell from ladder.,Warehouse B,Near Miss,No,N/A
Logan Allen,Quinn Walker,23 January 2024,01:38,Ship Maintenance,asbestos was discovered before harm occurred.,Paint Shop,Near Miss,No,N/A
Jesse Ward,Harper Parker,14 May 2025,05:52,Training & Development,toxic fumes was discovered before harm occurred.,Warehouse A,Near Miss,No,N/A
Charlie Lewis,Peyton Hughes,03 February 2025,18:45,Health & Safety,toxic fumes was discovered before harm occurred.,Paint Shop,Near Miss,No,N/A
Cameron Fisher,Skyler Reed,02 March 2024,10:19,Logistics,asbestos was discovered before harm occurred.,Cafeteria,Near Miss,No,N/A
Morgan Holmes,Harper West,19 March 2024,09:39,Ship Maintenance,Worker nearly touched live wiring but avoided injury.,Electrical Bay,Near Miss,No,N/A
Dakota Ward,Jamie Bailey,22 October 2024,14:28,Dockyard Operations,Worker nearly stepped into an open hatch but avoided injury.,Shipyard Pier,Near Miss,No,N/A
Cameron Davis,Drew Walker,07 February 2024,06:25,Quality Assurance,high-voltage wiring was discovered before harm occurred.,Fuel Depot,Near Miss,No,N/A
Finley Cooper,Drew Johnson,11 July 2024,02:25,Logistics,toxic fumes was discovered before harm occurred.,Warehouse A,Near Miss,No,N/A
Riley Clark,Reese Payne,07 November 2024,06:47,Legal,asbestos was discovered before harm occurred.,Dry Dock 1,Near Miss,No,N/A
Chris Sullivan,Jesse Allen,08 December 2024,04:39,Customer Service,asbestos was discovered before harm occurred.,Tool Crib,Near Miss,No,N/A
Drew West,Harper Bailey,17 July 2024,22:42,Environmental Services,Worker nearly slipped on an oily surface but avoided injury.,Maintenance Shed,Near Miss,No,N/A
Elliot West,Taylor Murray,26 March 2024,22:36,Training & Development,Worker nearly touched live wiring but avoided injury.,Fuel Depot,Near Miss,No,N/A
Harper Hughes,Cameron Pearson,21 October 2024,23:28,Security,Unsecured toolbox almost fell from scaffolding.,Main Gate Security,Near Miss,No,N/A
Drew Holmes,Frankie Johnson,10 August 2025,08:46,Logistics,toxic fumes was discovered before harm occurred.,IT Server Room,Near Miss,No,N/A
Blake Johnson,Charlie Holmes,15 August 2025,17:59,Logistics,asbestos was discovered before harm occurred.,Shipyard Pier,Near Miss,No,N/A
Finley Smith,Sawyer Holmes,24 April 2025,17:04,Ship Maintenance,Unsecured toolbox almost fell from scaffolding.,Electrical Bay,Near Miss,No,N/A
Morgan Brown,Logan Bennett,18 March 2025,16:00,Customer Service,Worker nearly touched live wiring but avoided injury.,Warehouse B,Near Miss,No,N/A
Avery Clark,Charlie Payne,02 May 2025,15:49,Logistics,Worker nearly slipped on an oily surface but avoided injury.,Warehouse B,Near Miss,No,N/A
Frankie Holmes,Casey Hughes,06 October 2024,08:01,Operations,asbestos was discovered before harm occurred.,Fuel Depot,Near Miss,No,N/A
Skyler Graham,Jordan Foster,19 March 2025,19:16,Environmental Services,Worker nearly slipped on an oily surface but avoided injury.,Dockyard North,Near Miss,No,N/A
Cameron Pearson,Spencer Mitchell,04 March 2024,06:23,Security,asbestos was discovered before harm occurred.,IT Server Room,Near Miss,No,N/A
Jamie Cooper,Harper Bennett,07 January 2025,23:06,Training & Development,asbestos was discovered before harm occurred.,Main Gate Security,Near Miss,No,N/A
Alex Brown,Jesse Johnson,11 April 2024,08:54,Engineering,asbestos was discovered before harm occurred.,Tool Crib,Near Miss,No,N/A
Morgan Lewis,Jordan West,01 May 2024,05:19,Health & Safety,Unsecured ladder almost fell from ship deck.,Reception Area,Near Miss,No,N/A
Sawyer Murphy,Spencer Parker,30 March 2024,01:15,Health & Safety,high-voltage wiring was discovered before harm occurred.,Dry Dock 2,Near Miss,No,N/A
Riley Graham,Kai Hughes,08 January 2024,17:22,Ship Maintenance,toxic fumes was discovered before harm occurred.,Paint Shop,Near Miss,No,N/A
Jesse Johnson,Morgan Sullivan,05 November 2024,21:20,Ship Maintenance,Worker nearly touched live wiring but avoided injury.,Electrical Bay,Near Miss,No,N/A
Emerson Davis,Reese Robinson,23 July 2025,12:05,Finance,Unsecured toolbox almost fell from ladder.,Fuel Depot,Near Miss,No,N/A
Jordan Smith,Chris Fisher,05 September 2024,20:38,Research & Development,Unsecured toolbox almost fell from scaffolding.,Reception Area,Near Miss,No,N/A
Harper Sullivan,Kai Brown,17 August 2024,05:01,Procurement,Worker nearly slipped on an oily surface but avoided injury.,Maintenance Shed,Near Miss,No,N/A
Jesse Hughes,Blake Holmes,25 November 2024,00:03,Health & Safety,Unsecured ladder almost fell from ship deck.,Warehouse B,Near Miss,No,N/A
Sydney Clark,Riley Pearson,29 January 2024,21:44,Legal,Unsecured pipe almost fell from ladder.,Tool Crib,Near Miss,No,N/A
Peyton Lee,Blake Robinson,28 July 2025,00:24,Legal,Worker nearly slipped on an oily surface but avoided injury.,Fuel Depot,Near Miss,No,N/A
Harper Pearson,Skyler Foster,16 January 2024,15:16,Research & Development,Unsecured pipe almost fell from ship deck.,Office - Admin Block,Near Miss,No,N/A
Chris Lee,Emerson Cooper,28 January 2024,22:24,Customer Service,high-voltage wiring was discovered before harm occurred.,Paint Shop,Near Miss,No,N/A
Chris Murray,Finley Foster,25 July 2024,07:03,IT,Unsecured ladder almost fell from scaffolding.,Fuel Depot,Near Miss,No,N/A
Riley Davis,Frankie Morgan,01 June 2025,06:45,Research & Development,Worker nearly slipped on an oily surface but avoided injury.,Electrical Bay,Near Miss,No,N/A
Frankie Davis,Reese Hughes,31 January 2025,18:30,Training & Development,asbestos was discovered before harm occurred.,Dry Dock 2,Near Miss,No,N/A
Elliot Cooper,Kai Morgan,19 May 2025,08:31,Engineering,Unsecured ladder almost fell from scaffolding.,Training Room,Near Miss,No,N/A
Charlie Morgan,Dakota Morgan,27 April 2024,19:19,Fleet Management,Unsecured toolbox almost fell from scaffolding.,Tool Crib,Near Miss,No,N/A
Chris Brown,Frankie Davis,08 March 2025,04:11,Finance,Unsecured ladder almost fell from ladder.,Tool Crib,Near Miss,No,N/A
Reese Brown,Casey Bennett,19 December 2024,16:33,Ship Maintenance,Worker nearly stepped into an open hatch but avoided injury.,Dockyard North,Near Miss,No,N/A
Jesse Walker,Jordan Johnson,22 May 2024,21:33,Health & Safety,Unsecured ladder almost fell from scaffolding.,Electrical Bay,Near Miss,No,N/A
Cameron Sullivan,Rowan Reed,13 June 2025,04:14,Health & Safety,toxic fumes was discovered before harm occurred.,Dockyard South,Near Miss,No,N/A
Quinn Morgan,Peyton Brown,19 April 2024,19:41,Research & Development,Unsecured ladder almost fell from ladder.,Main Gate Security,Near Miss,No,N/A
Avery Hughes,Rowan Holmes,02 September 2024,06:36,Facilities,toxic fumes was discovered before harm occurred.,Office - Admin Block,Near Miss,No,N/A
Jordan Clark,Harper Ward,17 August 2024,05:05,Legal,Unsecured ladder almost fell from ship deck.,Office - Admin Block,Near Miss,No,N/A
Spencer Bennett,Alex Johnson,06 May 2025,14:28,Quality Assurance,asbestos was discovered before harm occurred.,Dockyard South,Near Miss,No,N/A
Riley Clark,Sawyer Clark,21 February 2024,00:15,Legal,Worker nearly stepped into an open hatch but avoided injury.,Reception Area,Near Miss,No,N/A
Kai Hughes,Kai Murray,06 April 2024,08:05,Finance,Worker nearly touched live wiring but avoided injury.,Main Gate Security,Near Miss,No,N/A
Morgan Cooper,Peyton Sullivan,08 June 2024,22:18,Health & Safety,Worker nearly touched live wiring but avoided injury.,Dockyard South,Near Miss,No,N/A
Sydney Smith,Dakota Parker,18 June 2024,13:20,Security,Worker nearly touched live wiring but avoided injury.,Training Room,Near Miss,No,N/A
Elliot Fisher,Finley Robinson,19 July 2025,13:29,Ship Maintenance,Unsecured toolbox almost fell from ship deck.,Maintenance Shed,Near Miss,No,N/A
Kai Pearson,Peyton Morgan,22 June 2025,16:36,Quality Assurance,Unsecured ladder almost fell from scaffolding.,Dockyard South,Near Miss,No,N/A
Chris Robinson,Skyler Walker,28 December 2024,18:45,Ship Maintenance,asbestos was discovered before harm occurred.,Warehouse B,Near Miss,No,N/A
Drew Smith,Morgan Payne,18 January 2024,08:37,Warehouse,Worker nearly stepped into an open hatch but avoided injury.,Fuel Depot,Near Miss,No,N/A
Emerson Fisher,Sawyer Brown,05 March 2025,16:03,Facilities,Worker nearly stepped into an open hatch but avoided injury.,Paint Shop,Near Miss,No,N/A
Quinn Murphy,Rowan Johnson,24 August 2024,11:54,Environmental Services,Worker nearly touched live wiring but avoided injury.,Training Room,Near Miss,No,N/A
Quinn Ward,Avery Brown,10 April 2025,08:08,Health & Safety,asbestos was discovered before harm occurred.,Warehouse B,Near Miss,No,N/A
Taylor Sullivan,Rowan Murray,03 November 2024,21:48,Ship Maintenance,Worker nearly slipped on an oily surface but avoided injury.,Training Room,Near Miss,No,N/A
Riley Parker,Skyler Lee,20 March 2024,18:10,Environmental Services,asbestos was discovered before harm occurred.,Office - Admin Block,Near Miss,No,N/A
Spencer Parker,Spencer Davis,05 June 2025,04:08,Finance,Worker nearly touched live wiring but avoided injury.,Dry Dock 2,Near Miss,No,N/A
Cameron Allen,Chris Smith,03 July 2025,20:50,Security,toxic fumes was discovered before harm occurred.,Dry Dock 2,Near Miss,No,N/A
Alex West,Peyton Smith,25 April 2025,08:36,Dockyard Operations,Unsecured pipe almost fell from ladder.,Training Room,Near Miss,No,N/A
Logan Davis,Elliot Walker,06 July 2025,01:34,Ship Maintenance,Worker nearly slipped on an oily surface but avoided injury.,Dockyard South,Near Miss,No,N/A
Taylor Ward,Rowan Walker,28 June 2024,20:12,Logistics,Worker nearly touched live wiring but avoided injury.,Warehouse B,Near Miss,No,N/A
Skyler Walker,Riley Graham,28 April 2025,07:23,IT,toxic fumes was discovered before harm occurred.,Cafeteria,Near Miss,No,N/A
Cameron Mitchell,Dakota Walker,18 March 2024,15:10,Warehouse,Worker nearly slipped on an oily surface but avoided injury.,Reception Area,Near Miss,No,N/A
Peyton Lewis,Logan Walker,21 March 2025,16:17,Facilities,Worker nearly slipped on an oily surface but avoided injury.,Dry Dock 2,Near Miss,No,N/A
Finley Holmes,Emerson West,17 February 2025,07:06,Security,Unsecured ladder almost fell from ship deck.,Warehouse B,Near Miss,No,N/A
Finley Holmes,Jordan Payne,22 January 2025,22:45,Procurement,Worker nearly slipped on an oily surface but avoided injury.,Maintenance Shed,Near Miss,No,N/A
Dakota Reed,Elliot Mitchell,30 May 2024,18:15,Environmental Services,Worker nearly slipped on an oily surface but avoided injury.,Electrical Bay,Near Miss,No,N/A
Jamie Lewis,Jesse Sullivan,07 March 2025,06:16,Engineering,toxic fumes was discovered before harm occurred.,Paint Shop,Near Miss,No,N/A
Skyler Holmes,Cameron Allen,28 September 2024,07:46,IT,Worker nearly touched live wiring but avoided injury.,Office - Admin Block,Near Miss,No,N/A
Rowan Robinson,Casey Allen,06 June 2024,10:54,Training & Development,Worker nearly stepped into an open hatch but avoided injury.,Tool Crib,Near Miss,No,N/A
Sydney Cooper,Reese Murray,09 September 2024,13:27,Warehouse,Worker nearly stepped into an open hatch but avoided injury.,Office - Admin Block,Near Miss,No,N/A
Taylor Bennett,Skyler Walker,19 August 2024,11:31,Facilities,Worker nearly slipped on an oily surface but avoided injury.,Maintenance Shed,Near Miss,No,N/A
Skyler Brown,Rowan Bailey,18 July 2024,09:05,Training & Development,Negative: missing guardrails was observed but not corrected.,Fuel Depot,Safety Observation,No,N/A
Dakota Kennedy,Skyler Foster,13 July 2025,11:32,Warehouse,Negative: missing guardrails was observed but not corrected.,Office - Admin Block,Safety Observation,No,N/A
Jamie Murray,Chris Fisher,12 May 2024,01:39,Procurement,Paint crew followed confined space entry without violations.,Cafeteria,Safety Observation,No,N/A
Blake Payne,Jamie Lee,16 April 2025,05:26,Dockyard Operations,Negative: untidy cables was observed but not corrected.,Fleet Garage,Safety Observation,No,N/A
Quinn Fisher,Skyler Foster,03 June 2024,19:19,Facilities,Welding team followed confined space entry without violations.,Electrical Bay,Safety Observation,No,N/A
Cameron Kennedy,Jamie Kennedy,24 May 2025,10:19,Fleet Management,Negative: blocked emergency exit was observed but not corrected.,Dockyard North,Safety Observation,No,N/A
Logan Cooper,Cameron Payne,06 July 2025,14:53,Logistics,All grinder was used correctly during welding.,Fleet Garage,Safety Observation,No,N/A
Rowan Graham,Frankie Cooper,08 May 2024,08:28,Training & Development,Scaffolders followed confined space entry without violations.,Fleet Garage,Safety Observation,No,N/A
Skyler Hughes,Avery Parker,01 May 2024,16:01,IT,All crane was used correctly during painting.,Dockyard South,Safety Observation,No,N/A
Skyler Payne,Emerson Smith,14 June 2025,15:24,Procurement,All grinder was used correctly during repairing the hull.,Reception Area,Safety Observation,No,N/A
Chris West,Charlie Bailey,17 July 2025,12:32,Fleet Management,Negative: missing guardrails was observed but not corrected.,Tool Crib,Safety Observation,No,N/A
Harper Allen,Sawyer Murphy,03 June 2024,21:04,Training & Development,Scaffolders followed confined space entry without violations.,Cafeteria,Safety Observation,No,N/A
Kai Fisher,Jesse Hughes,16 December 2024,20:39,Security,All grinder was used correctly during repairing the hull.,Maintenance Shed,Safety Observation,No,N/A
Emerson Parker,Dakota Sullivan,12 August 2025,17:53,IT,Welding team followed lockout/tagout without violations.,Cafeteria,Safety Observation,No,N/A
Elliot Walker,Riley Clark,19 June 2024,03:35,HR,Welding team followed lockout/tagout without violations.,IT Server Room,Safety Observation,No,N/A
Riley Bennett,Blake Cooper,09 August 2024,13:51,Environmental Services,Negative: missing guardrails was observed but not corrected.,Maintenance Shed,Safety Observation,No,N/A
Taylor Pearson,Casey Davis,11 February 2025,15:40,IT,Negative: missing guardrails was observed but not corrected.,Main Gate Security,Safety Observation,No,N/A
Sawyer Payne,Reese Robinson,05 March 2025,02:53,IT,Negative: untidy cables was observed but not corrected.,Fuel Depot,Safety Observation,No,N/A
Jordan Allen,Quinn Ward,05 March 2025,23:53,Fleet Management,Scaffolders followed confined space entry without violations.,Electrical Bay,Safety Observation,No,N/A
Jordan Kennedy,Skyler Cooper,12 November 2024,14:22,Logistics,All forklift was used correctly during repairing the hull.,Dockyard South,Safety Observation,No,N/A
Finley Hughes,Reese Kennedy,23 August 2025,13:19,Legal,Scaffolders followed confined space entry without violations.,Electrical Bay,Safety Observation,No,N/A
Avery Bennett,Taylor Parker,10 May 2025,16:21,Communications,All grinder was used correctly during repairing the hull.,Tool Crib,Safety Observation,No,N/A
Taylor Clark,Frankie Sullivan,23 July 2025,02:38,Dockyard Operations,Negative: untidy cables was observed but not corrected.,Fuel Depot,Safety Observation,No,N/A
Alex Cooper,Peyton Morgan,08 February 2024,20:15,Training & Development,Welding team followed PPE guidelines without violations.,Shipyard Pier,Safety Observation,No,N/A
Jordan Parker,Drew Mitchell,10 June 2025,16:49,Training & Development,Scaffolders followed PPE guidelines without violations.,Engineering Workshop,Safety Observation,No,N/A
Rowan Allen,Kai Parker,12 September 2024,00:21,Security,Negative: blocked emergency exit was observed but not corrected.,Main Gate Security,Safety Observation,No,N/A
Spencer Graham,Frankie Morgan,10 June 2025,00:55,Operations,Welding team followed confined space entry without violations.,Warehouse A,Safety Observation,No,N/A
Spencer Bennett,Chris Mitchell,24 October 2024,09:47,Research & Development,Negative: blocked emergency exit was observed but not corrected.,Office - Admin Block,Safety Observation,No,N/A
Finley Clark,Riley Foster,09 August 2024,15:53,Engineering,Scaffolders followed PPE guidelines without violations.,Shipyard Pier,Safety Observation,No,N/A
Reese Reed,Casey Fisher,21 September 2024,13:42,Warehouse,All crane was used correctly during painting.,Paint Shop,Safety Observation,No,N/A
Riley Cooper,Sawyer Reed,07 May 2025,10:25,Environmental Services,All crane was used correctly during repairing the hull.,Electrical Bay,Safety Observation,No,N/A
Frankie Morgan,Alex Bennett,21 May 2024,07:16,HR,All forklift was used correctly during welding.,Dry Dock 2,Safety Observation,No,N/A
Finley Holmes,Taylor Brown,14 January 2025,17:33,Finance,Scaffolders followed confined space entry without violations.,Shipyard Pier,Safety Observation,No,N/A
Sydney Bennett,Emerson Cooper,16 May 2025,03:11,Security,Scaffolders followed confined space entry without violations.,Office - Admin Block,Safety Observation,No,N/A
Spencer Kennedy,Elliot Holmes,06 December 2024,13:30,Environmental Services,All forklift was used correctly during repairing the hull.,IT Server Room,Safety Observation,No,N/A
Charlie Murray,Cameron Murphy,27 September 2024,15:49,Security,Negative: missing guardrails was observed but not corrected.,Cafeteria,Safety Observation,No,N/A
Chris Reed,Sydney Walker,19 November 2024,22:57,Engineering,Scaffolders followed confined space entry without violations.,Dockyard North,Safety Observation,No,N/A
Morgan Johnson,Drew Johnson,28 February 2025,18:08,Training & Development,All forklift was used correctly during welding.,Maintenance Shed,Safety Observation,No,N/A
Drew Ward,Kai Mitchell,27 January 2024,07:45,Legal,Paint crew followed PPE guidelines without violations.,Maintenance Shed,Safety Observation,No,N/A
Peyton Hughes,Emerson Payne,04 April 2024,13:48,Fleet Management,Paint crew followed PPE guidelines without violations.,Office - Admin Block,Safety Observation,No,N/A
Skyler Bennett,Spencer Parker,06 January 2024,08:25,Warehouse,Negative: blocked emergency exit was observed but not corrected.,Fleet Garage,Safety Observation,No,N/A
Emerson Brown,Reese Pearson,14 May 2025,15:53,HR,Negative: missing guardrails was observed but not corrected.,Cafeteria,Safety Observation,No,N/A
Emerson Walker,Skyler Pearson,21 February 2024,13:25,Legal,All forklift was used correctly during welding.,Main Gate Security,Safety Observation,No,N/A
Skyler Morgan,Cameron Ward,28 September 2024,16:36,Communications,Welding team followed PPE guidelines without violations.,Dockyard North,Safety Observation,No,N/A
Quinn Walker,Avery Fisher,01 June 2024,14:49,Environmental Services,Negative: missing guardrails was observed but not corrected.,Main Gate Security,Safety Observation,No,N/A
Cameron Smith,Cameron Hughes,10 November 2024,20:56,Customer Service,Negative: untidy cables was observed but not corrected.,IT Server Room,Safety Observation,No,N/A
Reese Ward,Kai Bailey,13 January 2024,12:34,Dockyard Operations,All grinder was used correctly during painting.,Electrical Bay,Safety Observation,No,N/A
Jamie Fisher,Cameron West,15 February 2025,11:10,Finance,All grinder was used correctly during painting.,IT Server Room,Safety Observation,No,N/A
Logan Johnson,Jamie Cooper,28 March 2025,02:01,Ship Maintenance,All crane was used correctly during painting.,Dry Dock 1,Safety Observation,No,N/A
Jesse Bailey,Casey Pearson,13 September 2024,01:45,Procurement,Negative: untidy cables was observed but not corrected.,Electrical Bay,Safety Observation,No,N/A
Sydney Graham,Frankie Allen,17 May 2025,02:09,Customer Service,Negative: missing guardrails was observed but not corrected.,Fuel Depot,Safety Observation,No,N/A
Riley Murray,Rowan Foster,05 January 2025,08:42,Quality Assurance,Negative: missing guardrails was observed but not corrected.,Office - Admin Block,Safety Observation,No,N/A
Taylor Reed,Skyler Allen,20 August 2024,02:21,Communications,All crane was used correctly during welding.,Office - Admin Block,Safety Observation,No,N/A
Morgan Pearson,Charlie Murphy,21 August 2024,22:13,Operations,Negative: untidy cables was observed but not corrected.,Engineering Workshop,Safety Observation,No,N/A
Jordan Bailey,Emerson Clark,04 April 2024,05:59,Operations,Negative: missing guardrails was observed but not corrected.,Paint Shop,Safety Observation,No,N/A
Finley Cooper,Drew Brown,04 January 2025,10:12,Communications,All forklift was used correctly during repairing the hull.,Cafeteria,Safety Observation,No,N/A
Chris Pearson,Reese Payne,17 March 2025,18:09,Warehouse,Welding team followed lockout/tagout without violations.,Dry Dock 2,Safety Observation,No,N/A
Riley Davis,Finley Parker,26 April 2025,16:48,Ship Maintenance,Scaffolders followed confined space entry without violations.,Dry Dock 2,Safety Observation,No,N/A
Cameron Bennett,Blake Murphy,22 August 2024,04:57,Engineering,Paint crew followed PPE guidelines without violations.,Electrical Bay,Safety Observation,No,N/A
Logan Mitchell,Rowan Johnson,07 July 2024,16:48,Facilities,Paint crew followed lockout/tagout without violations.,Cafeteria,Safety Observation,No,N/A
Charlie Cooper,Rowan Holmes,09 July 2025,09:25,Finance,All forklift was used correctly during welding.,Warehouse A,Safety Observation,No,N/A
Dakota Brown,Quinn Pearson,18 August 2024,22:53,Research & Development,Scaffolders followed PPE guidelines without violations.,Shipyard Pier,Safety Observation,No,N/A
Drew Kennedy,Jesse Cooper,06 September 2024,18:31,IT,Scaffolders followed lockout/tagout without violations.,Shipyard Pier,Safety Observation,No,N/A
Spencer Hughes,Kai West,27 April 2025,11:35,Engineering,All forklift was used correctly during repairing the hull.,Dry Dock 1,Safety Observation,No,N/A
Emerson Bailey,Harper West,20 April 2025,23:35,Quality Assurance,Negative: untidy cables was observed but not corrected.,Office - Admin Block,Safety Observation,No,N/A
Sydney Brown,Jamie Fisher,18 April 2025,03:27,Fleet Management,Negative: missing guardrails was observed but not corrected.,Electrical Bay,Safety Observation,No,N/A
Emerson Mitchell,Drew Brown,22 March 2024,06:24,Environmental Services,Negative: missing guardrails was observed but not corrected.,Main Gate Security,Safety Observation,No,N/A
Logan Bennett,Avery Holmes,19 February 2025,05:13,Fleet Management,Paint crew followed confined space entry without violations.,Electrical Bay,Safety Observation,No,N/A
Charlie Graham,Riley Mitchell,01 October 2024,06:06,Ship Maintenance,Negative: missing guardrails was observed but not corrected.,Warehouse B,Safety Observation,No,N/A
Logan Murray,Casey Hughes,16 June 2024,21:30,Security,Negative: missing guardrails was observed but not corrected.,Warehouse A,Safety Observation,No,N/A
Spencer Robinson,Kai Robinson,30 August 2024,22:20,Research & Development,Welding team followed PPE guidelines without violations.,Cafeteria,Safety Observation,No,N/A
Taylor Kennedy,Finley Ward,11 March 2024,16:26,Dockyard Operations,All crane was used correctly during painting.,Electrical Bay,Safety Observation,No,N/A
Frankie Ward,Casey Kennedy,22 February 2024,02:39,Health & Safety,Negative: blocked emergency exit was observed but not corrected.,Cafeteria,Safety Observation,No,N/A
Kai Kennedy,Jordan Brown,11 June 2024,18:08,IT,Scaffolders followed lockout/tagout without violations.,Maintenance Shed,Safety Observation,No,N/A
Chris Foster,Casey Mitchell,28 July 2025,02:24,Logistics,All grinder was used correctly during repairing the hull.,Shipyard Pier,Safety Observation,No,N/A
Rowan Graham,Reese Fisher,31 May 2025,03:02,IT,Negative: blocked emergency exit was observed but not corrected.,IT Server Room,Safety Observation,No,N/A
Emerson Smith,Peyton Lewis,19 May 2025,02:26,Communications,Scaffolders followed PPE guidelines without violations.,Office - Admin Block,Safety Observation,No,N/A
Blake Fisher,Cameron Foster,18 February 2025,12:22,Dockyard Operations,Welding team followed confined space entry without violations.,Training Room,Safety Observation,No,N/A
Riley Parker,Rowan Kennedy,03 June 2024,19:39,HR,Negative: missing guardrails was observed but not corrected.,Fuel Depot,Safety Observation,No,N/A
Logan Lewis,Drew Reed,13 May 2024,21:53,Health & Safety,Scaffolders followed PPE guidelines without violations.,Warehouse B,Safety Observation,No,N/A
Reese Davis,Logan Murray,12 June 2025,10:27,Fleet Management,Paint crew followed lockout/tagout without violations.,Engineering Workshop,Safety Observation,No,N/A
Skyler Johnson,Sydney Foster,19 January 2024,14:49,Communications,Negative: blocked emergency exit was observed but not corrected.,IT Server Room,Safety Observation,No,N/A
Skyler Graham,Riley Cooper,31 July 2025,00:44,Engineering,Negative: untidy cables was observed but not corrected.,Warehouse B,Safety Observation,No,N/A
Jordan Reed,Morgan Foster,15 January 2024,10:55,Communications,All crane was used correctly during repairing the hull.,Electrical Bay,Safety Observation,No,N/A
Sawyer Lee,Riley Bennett,29 January 2024,11:21,Facilities,All grinder was used correctly during welding.,Warehouse B,Safety Observation,No,N/A
Morgan Murphy,Cameron Kennedy,10 August 2025,16:59,Finance,All grinder was used correctly during painting.,Cafeteria,Safety Observation,No,N/A
Kai Sullivan,Casey Mitchell,26 August 2024,20:38,Customer Service,Negative: missing guardrails was observed but not corrected.,Cafeteria,Safety Observation,No,N/A
Sydney Murphy,Elliot Bennett,29 June 2024,16:57,Research & Development,Negative: untidy cables was observed but not corrected.,Fleet Garage,Safety Observation,No,N/A
Dakota Mitchell,Reese Clark,02 August 2024,17:10,Ship Maintenance,Paint crew followed lockout/tagout without violations.,Electrical Bay,Safety Observation,No,N/A
Charlie Pearson,Dakota Ward,07 September 2024,04:56,HR,All forklift was used correctly during painting.,Warehouse B,Safety Observation,No,N/A
Spencer Bailey,Dakota West,05 June 2025,22:58,Communications,All crane was used correctly during painting.,Warehouse B,Safety Observation,No,N/A
Avery Reed,Taylor Smith,26 October 2024,08:34,Training & Development,Negative: blocked emergency exit was observed but not corrected.,Fuel Depot,Safety Observation,No,N/A
Frankie Lewis,Charlie Sullivan,24 January 2024,23:21,Environmental Services,Paint crew followed lockout/tagout without violations.,Electrical Bay,Safety Observation,No,N/A
Drew Bailey,Skyler Bennett,28 April 2024,21:43,IT,Negative: blocked emergency exit was observed but not corrected.,Fleet Garage,Safety Observation,No,N/A
Jesse Smith,Alex Kennedy,20 October 2024,17:37,Security,Negative: missing guardrails was observed but not corrected.,Cafeteria,Safety Observation,No,N/A
Morgan Foster,Riley Pearson,02 August 2025,22:20,Legal,Negative: missing guardrails was observed but not corrected.,Training Room,Safety Observation,No,N/A
Sydney Sullivan,Dakota Payne,28 April 2024,14:42,Engineering,All forklift was used correctly during welding.,Dry Dock 1,Safety Observation,No,N/A
Skyler Johnson,Chris Smith,14 December 2024,19:24,Finance,All forklift was used correctly during repairing the hull.,Training Room,Safety Observation,No,N/A
Peyton Bennett,Kai Smith,04 September 2024,11:22,Training & Development,All grinder was used correctly during welding.,Main Gate Security,Safety Observation,No,N/A
Skyler Ward,Logan Foster,04 August 2025,19:24,Health & Safety,All grinder was used correctly during painting.,Reception Area,Safety Observation,No,N/A
Kai Robinson,Rowan Reed,05 January 2024,09:52,HR,All forklift was used correctly during welding.,Main Gate Security,Safety Observation,No,N/A
Jesse Lewis,Chris Walker,06 September 2024,18:17,Fleet Management,All crane was used correctly during repairing the hull.,Warehouse B,Safety Observation,No,N/A
Peyton Clark,Elliot Parker,11 January 2025,02:40,Operations,Paint crew followed lockout/tagout without violations.,IT Server Room,Safety Observation,No,N/A
Cameron Hughes,Cameron Bailey,25 September 2024,15:09,HR,Negative: blocked emergency exit was observed but not corrected.,Electrical Bay,Safety Observation,No,N/A
Sydney Murray,Skyler Robinson,06 January 2024,02:38,Procurement,Negative: untidy cables was observed but not corrected.,Maintenance Shed,Safety Observation,No,N/A
Quinn West,Cameron Kennedy,06 July 2025,00:47,Customer Service,Negative: missing guardrails was observed but not corrected.,Office - Admin Block,Safety Observation,No,N/A
Reese Hughes,Dakota Pearson,10 November 2024,13:17,IT,Negative: blocked emergency exit was observed but not corrected.,Tool Crib,Safety Observation,No,N/A
Jordan Lee,Emerson West,06 December 2024,12:20,Communications,Negative: blocked emergency exit was observed but not corrected.,Fleet Garage,Safety Observation,No,N/A
Avery Allen,Dakota Fisher,10 June 2024,06:02,HR,Negative: untidy cables was observed but not corrected.,Fleet Garage,Safety Observation,No,N/A
Sawyer Graham,Rowan Bailey,09 January 2024,18:09,Dockyard Operations,All forklift was used correctly during painting.,Maintenance Shed,Safety Observation,No,N/A
Rowan Graham,Spencer Fisher,15 November 2024,00:01,Operations,Scaffolders followed lockout/tagout without violations.,Warehouse A,Safety Observation,No,N/A
Peyton Sullivan,Rowan Davis,22 January 2024,01:47,Communications,Negative: missing guardrails was observed but not corrected.,Electrical Bay,Safety Observation,No,N/A
Drew Brown,Kai Kennedy,07 May 2024,11:24,Facilities,Negative: blocked emergency exit was observed but not corrected.,Office - Admin Block,Safety Observation,No,N/A
Finley Davis,Kai Lewis,18 May 2024,14:34,Facilities,All forklift was used correctly during welding.,Cafeteria,Safety Observation,No,N/A
Avery Parker,Sawyer Hughes,31 January 2024,18:26,Customer Service,Negative: missing guardrails was observed but not corrected.,Fleet Garage,Safety Observation,No,N/A
Alex Payne,Frankie Davis,05 February 2024,20:08,Engineering,Negative: untidy cables was observed but not corrected.,Office - Admin Block,Safety Observation,No,N/A
Drew Holmes,Frankie Cooper,11 March 2025,06:14,Operations,Negative: blocked emergency exit was observed but not corrected.,Fleet Garage,Safety Observation,No,N/A
Casey Davis,Quinn Mitchell,10 March 2025,03:33,Logistics,Negative: missing guardrails was observed but not corrected.,Cafeteria,Safety Observation,No,N/A
Reese Robinson,Avery Fisher,22 April 2024,21:34,Finance,Welding team followed confined space entry without violations.,Dry Dock 1,Safety Observation,No,N/A
Frankie Mitchell,Harper Murray,31 October 2024,07:02,Legal,Negative: untidy cables was observed but not corrected.,Shipyard Pier,Safety Observation,No,N/A
Cameron Mitchell,Peyton Cooper,31 May 2025,12:00,Security,All grinder was used correctly during welding.,Training Room,Safety Observation,No,N/A
Kai Walker,Spencer Murray,07 April 2025,11:17,Quality Assurance,All forklift was used correctly during welding.,Paint Shop,Safety Observation,No,N/A
Spencer Walker,Emerson Ward,21 August 2024,16:34,Operations,Paint crew followed confined space entry without violations.,Fleet Garage,Safety Observation,No,N/A
Chris Walker,Sydney Davis,26 June 2025,17:38,Security,All grinder was used correctly during welding.,Cafeteria,Safety Observation,No,N/A
Jesse Sullivan,Emerson Ward,05 June 2025,23:34,Facilities,Negative: blocked emergency exit was observed but not corrected.,Cafeteria,Safety Observation,No,N/A
Morgan Bailey,Chris West,28 February 2025,02:37,Dockyard Operations,All forklift was used correctly during welding.,Shipyard Pier,Safety Observation,No,N/A
Frankie Reed,Kai Sullivan,20 April 2024,02:10,Facilities,Negative: untidy cables was observed but not corrected.,Dry Dock 1,Safety Observation,No,N/A
Cameron Kennedy,Taylor Morgan,28 February 2025,16:41,Dockyard Operations,Scaffolders followed confined space entry without violations.,Cafeteria,Safety Observation,No,N/A
Taylor Brown,Peyton Sullivan,13 January 2024,19:42,Engineering,Negative: missing guardrails was observed but not corrected.,Tool Crib,Safety Observation,No,N/A
Peyton Morgan,Kai Murray,03 July 2025,01:48,Research & Development,Scaffolders followed PPE guidelines without violations.,Fleet Garage,Safety Observation,No,N/A
Peyton Murphy,Jordan Clark,09 August 2025,13:03,Legal,Scaffolders followed PPE guidelines without violations.,Cafeteria,Safety Observation,No,N/A
Sydney Morgan,Elliot Lewis,03 January 2025,19:36,Health & Safety,All crane was used correctly during repairing the hull.,Training Room,Safety Observation,No,N/A
Rowan Smith,Dakota Brown,26 May 2025,01:17,Security,Welding team followed PPE guidelines without violations.,Electrical Bay,Safety Observation,No,N/A
Frankie Johnson,Logan Murray,16 October 2024,11:02,Procurement,Paint crew followed confined space entry without violations.,IT Server Room,Safety Observation,No,N/A
Morgan Cooper,Reese Bennett,08 March 2024,18:44,Logistics,All crane was used correctly during painting.,Maintenance Shed,Safety Observation,No,N/A
Chris Davis,Rowan Allen,06 August 2025,17:58,Operations,Paint crew followed lockout/tagout without violations.,Fuel Depot,Safety Observation,No,N/A
Jamie Holmes,Elliot Bennett,23 June 2024,06:01,Quality Assurance,All crane was used correctly during repairing the hull.,Engineering Workshop,Safety Observation,No,N/A
Cameron West,Drew Murphy,29 July 2024,05:05,Health & Safety,Negative: untidy cables was observed but not corrected.,Fuel Depot,Safety Observation,No,N/A
Charlie Hughes,Sawyer Mitchell,09 July 2024,11:25,Procurement,Negative: missing guardrails was observed but not corrected.,Reception Area,Safety Observation,No,N/A
Peyton Johnson,Harper Ward,21 September 2024,02:14,Ship Maintenance,All crane was used correctly during repairing the hull.,Dockyard South,Safety Observation,No,N/A
Peyton Johnson,Emerson West,30 January 2024,10:47,Legal,All forklift was used correctly during repairing the hull.,Warehouse A,Safety Observation,No,N/A
Harper Lewis,Blake Ward,26 August 2024,01:11,Logistics,Negative: missing guardrails was observed but not corrected.,Warehouse A,Safety Observation,No,N/A
Rowan Hughes,Dakota Lee,17 June 2024,17:28,Customer Service,Scaffolders followed PPE guidelines without violations.,Dockyard South,Safety Observation,No,N/A
Cameron Foster,Rowan Clark,06 January 2025,05:03,Warehouse,Scaffolders followed lockout/tagout without violations.,Office - Admin Block,Safety Observation,No,N/A
Spencer Mitchell,Sawyer Cooper,01 September 2024,21:38,Training & Development,All crane was used correctly during painting.,Dry Dock 2,Safety Observation,No,N/A
Spencer West,Skyler Ward,01 April 2025,12:49,Operations,All forklift was used correctly during repairing the hull.,Warehouse A,Safety Observation,No,N/A
Jamie Reed,Skyler Hughes,01 June 2024,19:21,Operations,Paint crew followed lockout/tagout without violations.,Tool Crib,Safety Observation,No,N/A
Sawyer Robinson,Jesse Murphy,08 May 2025,16:29,Engineering,Paint crew followed PPE guidelines without violations.,Paint Shop,Safety Observation,No,N/A
Charlie Lewis,Alex Allen,29 June 2024,19:00,Training & Development,All grinder was used correctly during welding.,Training Room,Safety Observation,No,N/A
Charlie Foster,Emerson Cooper,15 September 2024,10:03,Health & Safety,All crane was used correctly during repairing the hull.,Fleet Garage,Safety Observation,No,N/A
Chris Cooper,Rowan Sullivan,03 May 2025,15:14,Warehouse,Negative: untidy cables was observed but not corrected.,Cafeteria,Safety Observation,No,N/A
Drew Smith,Kai West,28 September 2024,12:01,Environmental Services,All grinder was used correctly during welding.,Reception Area,Safety Observation,No,N/A
Rowan Payne,Peyton Morgan,11 September 2024,03:47,Dockyard Operations,Welding team followed lockout/tagout without violations.,IT Server Room,Safety Observation,No,N/A
Jesse Kennedy,Harper Payne,17 May 2025,03:21,Customer Service,All crane was used correctly during repairing the hull.,Main Gate Security,Safety Observation,No,N/A
Rowan West,Frankie Walker,19 March 2024,22:33,Facilities,Scaffolders followed lockout/tagout without violations.,Warehouse B,Safety Observation,No,N/A
Morgan Holmes,Blake Murray,01 June 2025,01:17,Communications,Negative: blocked emergency exit was observed but not corrected.,Shipyard Pier,Safety Observation,No,N/A
Charlie Payne,Dakota Morgan,18 January 2024,18:54,Environmental Services,All crane was used correctly during painting.,Engineering Workshop,Safety Observation,No,N/A
Finley Davis,Sawyer Clark,25 March 2025,00:13,Environmental Services,Negative: untidy cables was observed but not corrected.,Dry Dock 2,Safety Observation,No,N/A
Emerson Bailey,Rowan Payne,29 May 2024,05:18,Security,Paint crew followed confined space entry without violations.,Dockyard North,Safety Observation,No,N/A
Harper Kennedy,Skyler Kennedy,26 November 2024,07:27,HR,Welding team followed confined space entry without violations.,Warehouse B,Safety Observation,No,N/A
Casey Walker,Morgan Bailey,24 December 2024,19:17,Operations,Negative: untidy cables was observed but not corrected.,Tool Crib,Safety Observation,No,N/A
Morgan Ward,Frankie Sullivan,17 September 2024,10:17,Fleet Management,All crane was used correctly during repairing the hull.,Fuel Depot,Safety Observation,No,N/A
Taylor Fisher,Jordan Brown,03 February 2025,23:51,Communications,Negative: untidy cables was observed but not corrected.,Maintenance Shed,Safety Observation,No,N/A
Logan Foster,Harper Clark,26 February 2025,08:09,Procurement,Negative: missing guardrails was observed but not corrected.,Office - Admin Block,Safety Observation,No,N/A
Finley Ward,Avery Clark,14 August 2025,12:57,Engineering,Welding team followed confined space entry without violations.,Fuel Depot,Safety Observation,No,N/A
Quinn Foster,Reese Smith,08 November 2024,10:36,HR,Negative: untidy cables was observed but not corrected.,Reception Area,Safety Observation,No,N/A
Frankie Holmes,Elliot Johnson,05 February 2024,10:53,Finance,All crane was used correctly during welding.,Dockyard South,Safety Observation,No,N/A
Sydney Smith,Sydney Graham,01 June 2025,02:04,Engineering,Negative: missing guardrails was observed but not corrected.,Electrical Bay,Safety Observation,No,N/A
Elliot Pearson,Sawyer Mitchell,13 July 2025,04:49,Customer Service,Negative: untidy cables was observed but not corrected.,Dockyard South,Safety Observation,No,N/A
Cameron Kennedy,Finley Davis,05 June 2025,11:43,Environmental Services,Negative: untidy cables was observed but not corrected.,Dockyard South,Safety Observation,No,N/A
Reese Murray,Kai Pearson,14 October 2024,01:00,Environmental Services,Negative: missing guardrails was observed but not corrected.,Dockyard South,Safety Observation,No,N/A
Avery Bailey,Frankie Hughes,24 May 2025,19:09,Communications,Scaffolders followed PPE guidelines without violations.,Fuel Depot,Safety Observation,No,N/A
Emerson Morgan,Jesse Foster,01 August 2024,04:47,Quality Assurance,Negative: untidy cables was observed but not corrected.,IT Server Room,Safety Observation,No,N/A
Jamie Smith,Charlie Hughes,16 February 2024,04:32,Legal,Negative: untidy cables was observed but not corrected.,Shipyard Pier,Safety Observation,No,N/A
Jordan Lewis,Frankie Cooper,20 February 2025,17:00,Environmental Services,Scaffolders followed PPE guidelines without violations.,Warehouse B,Safety Observation,No,N/A
Charlie Murray,Peyton Pearson,09 June 2025,19:37,IT,All grinder was used correctly during welding.,Office - Admin Block,Safety Observation,No,N/A
Reese Mitchell,Harper Smith,13 March 2025,04:06,Security,Negative: untidy cables was observed but not corrected.,Fuel Depot,Safety Observation,No,N/A
Dakota Cooper,Cameron Fisher,24 May 2024,02:37,Logistics,All grinder was used correctly during welding.,Main Gate Security,Safety Observation,No,N/A
Charlie Bennett,Sydney Mitchell,19 June 2024,09:45,Health & Safety,Negative: missing guardrails was observed but not corrected.,Electrical Bay,Safety Observation,No,N/A
Drew Brown,Cameron Walker,26 February 2025,21:31,Quality Assurance,All crane was used correctly during painting.,Cafeteria,Safety Observation,No,N/A
Avery West,Kai Ward,10 July 2024,21:20,Quality Assurance,All crane was used correctly during painting.,Reception Area,Safety Observation,No,N/A
Frankie Holmes,Emerson Foster,30 April 2024,21:04,Facilities,Negative: blocked emergency exit was observed but not corrected.,Fleet Garage,Safety Observation,No,N/A
Jesse Lee,Elliot Lee,11 March 2024,15:13,Procurement,Negative: missing guardrails was observed but not corrected.,Fuel Depot,Safety Observation,No,N/A
Spencer Fisher,Frankie Robinson,04 February 2025,15:05,Finance,Scaffolders followed lockout/tagout without violations.,Fleet Garage,Safety Observation,No,N/A
Sawyer Ward,Alex Payne,16 March 2025,07:26,Training & Development,Negative: missing guardrails was observed but not corrected.,Dockyard South,Safety Observation,No,N/A
Rowan Graham,Frankie Cooper,24 March 2024,06:18,Health & Safety,Scaffolders followed lockout/tagout without violations.,Fleet Garage,Safety Observation,No,N/A
Sawyer West,Avery Foster,19 July 2025,04:41,Procurement,All crane was used correctly during painting.,Cafeteria,Safety Observation,No,N/A
Spencer Lee,Alex Mitchell,30 April 2024,01:05,Engineering,Welding team followed confined space entry without violations.,Shipyard Pier,Safety Observation,No,N/A
Sawyer Foster,Finley West,13 March 2024,21:58,Communications,Negative: blocked emergency exit was observed but not corrected.,Shipyard Pier,Safety Observation,No,N/A
Finley Murray,Rowan Murphy,24 March 2025,02:35,Fleet Management,All grinder was used correctly during repairing the hull.,Fuel Depot,Safety Observation,No,N/A
Jamie Hughes,Peyton Mitchell,05 August 2025,09:14,Procurement,Negative: untidy cables was observed but not corrected.,Warehouse B,Safety Observation,No,N/A
Blake Brown,Jesse Bennett,14 August 2024,09:24,Facilities,Negative: blocked emergency exit was observed but not corrected.,Training Room,Safety Observation,No,N/A
Dakota Murphy,Sawyer Cooper,25 July 2025,05:49,Customer Service,Welding team followed PPE guidelines without violations.,Dry Dock 2,Safety Observation,No,N/A
Frankie Pearson,Rowan Clark,17 May 2025,12:12,Logistics,Negative: untidy cables was observed but not corrected.,Dry Dock 1,Safety Observation,No,N/A
Jamie Morgan,Elliot Pearson,30 June 2024,05:35,Security,All crane was used correctly during welding.,Warehouse A,Safety Observation,No,N/A
Morgan Murphy,Rowan Foster,17 January 2024,05:19,Ship Maintenance,Welding team followed PPE guidelines without violations.,Paint Shop,Safety Observation,No,N/A
Charlie Sullivan,Skyler Smith,15 March 2024,01:37,Training & Development,Welding team followed PPE guidelines without violations.,Warehouse A,Safety Observation,No,N/A
Drew Murray,Sawyer Reed,26 October 2024,08:24,Communications,Scaffolders followed confined space entry without violations.,Main Gate Security,Safety Observation,No,N/A
Alex Lewis,Quinn West,10 March 2025,02:43,Engineering,Paint crew followed confined space entry without violations.,Cafeteria,Safety Observation,No,N/A
Charlie Johnson,Finley Allen,10 March 2024,11:04,Finance,Welding team followed confined space entry without violations.,Warehouse B,Safety Observation,No,N/A
Casey Cooper,Quinn Payne,23 March 2025,05:41,Health & Safety,Negative: blocked emergency exit was observed but not corrected.,Tool Crib,Safety Observation,No,N/A
Dakota Walker,Quinn Clark,05 February 2025,18:27,Logistics,All forklift was used correctly during painting.,Fleet Garage,Safety Observation,No,N/A
Kai Johnson,Finley Cooper,14 April 2024,11:36,HR,Welding team followed lockout/tagout without violations.,Paint Shop,Safety Observation,No,N/A
Sawyer Reed,Dakota Clark,03 August 2024,21:27,Training & Development,Welding team followed confined space entry without violations.,Dockyard South,Safety Observation,No,N/A
Alex Allen,Jordan Johnson,23 July 2025,01:32,Quality Assurance,All crane was used correctly during painting.,Dry Dock 2,Safety Observation,No,N/A
Frankie Davis,Elliot Bennett,09 May 2025,11:11,IT,Paint crew followed confined space entry without violations.,Dockyard North,Safety Observation,No,N/A
Emerson Bennett,Blake Sullivan,22 July 2025,02:32,Environmental Services,Negative: missing guardrails was observed but not corrected.,Paint Shop,Safety Observation,No,N/A
Jamie Holmes,Rowan Murray,17 February 2024,16:48,Ship Maintenance,All crane was used correctly during repairing the hull.,Fuel Depot,Safety Observation,No,N/A
Taylor Murray,Avery Lee,23 May 2024,05:36,Dockyard Operations,Negative: untidy cables was observed but not corrected.,Warehouse B,Safety Observation,No,N/A
Dakota Graham,Cameron Hughes,01 February 2024,13:16,Legal,All crane was used correctly during painting.,Cafeteria,Safety Observation,No,N/A
Quinn Sullivan,Sydney Payne,18 September 2024,06:21,Ship Maintenance,Negative: untidy cables was observed but not corrected.,Dockyard North,Safety Observation,No,N/A
Chris Holmes,Riley Davis,07 December 2024,16:59,Environmental Services,Scaffolders followed confined space entry without violations.,Engineering Workshop,Safety Observation,No,N/A
Riley Graham,Chris Sullivan,20 March 2024,22:22,Finance,Scaffolders followed confined space entry without violations.,Reception Area,Safety Observation,No,N/A
Frankie Walker,Drew Bennett,19 March 2025,03:29,Legal,All grinder was used correctly during painting.,IT Server Room,Safety Observation,No,N/A
Taylor Walker,Sydney Bennett,05 December 2024,04:59,Quality Assurance,Negative: untidy cables was observed but not corrected.,Dockyard South,Safety Observation,No,N/A
Jamie Lee,Spencer West,19 March 2025,06:14,Health & Safety,All crane was used correctly during welding.,Tool Crib,Safety Observation,No,N/A
Kai Payne,Sydney Payne,30 March 2024,15:46,Operations,Paint crew followed confined space entry without violations.,Office - Admin Block,Safety Observation,No,N/A
Charlie Robinson,Kai Ward,04 May 2025,01:34,Security,All forklift was used correctly during painting.,Dockyard North,Safety Observation,No,N/A
Rowan Foster,Charlie Johnson,29 June 2024,00:36,Security,Negative: untidy cables was observed but not corrected.,Cafeteria,Safety Observation,No,N/A
Charlie Payne,Riley Clark,12 October 2024,21:07,HR,Paint crew followed lockout/tagout without violations.,Training Room,Safety Observation,No,N/A
Finley Fisher,Harper Lee,19 December 2024,01:08,Warehouse,Negative: untidy cables was observed but not corrected.,IT Server Room,Safety Observation,No,N/A
Jamie Reed,Casey Pearson,09 July 2024,02:51,Research & Development,Negative: missing guardrails was observed but not corrected.,Engineering Workshop,Safety Observation,No,N/A
Sydney Bailey,Kai Hughes,29 February 2024,05:30,Fleet Management,Negative: missing guardrails was observed but not corrected.,IT Server Room,Safety Observation,No,N/A
Alex Hughes,Quinn Sullivan,15 December 2024,18:49,Environmental Services,Welding team followed confined space entry without violations.,IT Server Room,Safety Observation,No,N/A
Frankie Reed,Reese Bennett,19 July 2025,15:02,Warehouse,All forklift was used correctly during repairing the hull.,Dockyard North,Safety Observation,No,N/A
Jamie Sullivan,Morgan Foster,12 September 2024,21:12,Ship Maintenance,All crane was used correctly during repairing the hull.,Maintenance Shed,Safety Observation,No,N/A
Kai Bailey,Jordan Ward,08 December 2024,19:38,Training & Development,Negative: untidy cables was observed but not corrected.,Dockyard North,Safety Observation,No,N/A
Kai Smith,Harper Fisher,12 March 2024,01:21,Procurement,Paint crew followed lockout/tagout without violations.,Maintenance Shed,Safety Observation,No,N/A
Blake Mitchell,Rowan Lee,17 April 2025,13:46,Dockyard Operations,Paint crew followed lockout/tagout without violations.,Warehouse A,Safety Observation,No,N/A
Jesse Pearson,Drew Cooper,20 August 2025,04:50,IT,All grinder was used correctly during painting.,Dockyard South,Safety Observation,No,N/A
Dakota Graham,Rowan Brown,14 February 2024,07:37,Training & Development,Paint crew followed confined space entry without violations.,Office - Admin Block,Safety Observation,No,N/A
Jamie Lee,Sydney Davis,27 June 2024,09:49,Operations,Negative: blocked emergency exit was observed but not corrected.,Tool Crib,Safety Observation,No,N/A
Rowan West,Emerson Kennedy,27 March 2025,18:06,Facilities,All grinder was used correctly during repairing the hull.,Electrical Bay,Safety Observation,No,N/A
Finley Payne,Jordan Smith,24 January 2025,22:21,Facilities,All crane was used correctly during repairing the hull.,Reception Area,Safety Observation,No,N/A
Casey Pearson,Blake Allen,11 May 2024,03:26,Engineering,All crane was used correctly during welding.,Office - Admin Block,Safety Observation,No,N/A
Avery Fisher,Jamie Ward,06 November 2024,04:36,Quality Assurance,Scaffolders followed confined space entry without violations.,Cafeteria,Safety Observation,No,N/A
Peyton Clark,Taylor Payne,25 September 2024,21:03,Quality Assurance,Welding team followed confined space entry without violations.,Dockyard North,Safety Observation,No,N/A
Casey Clark,Alex Mitchell,12 March 2025,08:55,Customer Service,Negative: untidy cables was observed but not corrected.,Dry Dock 1,Safety Observation,No,N/A
Logan Fisher,Casey Smith,24 July 2025,22:48,Engineering,Welding team followed lockout/tagout without violations.,Reception Area,Safety Observation,No,N/A
Jamie Lewis,Spencer Foster,02 August 2025,13:32,Training & Development,Paint crew followed PPE guidelines without violations.,Office - Admin Block,Safety Observation,No,N/A
Blake Murphy,Casey Bailey,23 February 2025,22:18,Environmental Services,All forklift was used correctly during painting.,Shipyard Pier,Safety Observation,No,N/A
Kai Mitchell,Blake Graham,19 February 2024,09:23,Operations,All forklift was used correctly during painting.,Engineering Workshop,Safety Observation,No,N/A
Morgan Ward,Riley Pearson,24 April 2024,08:35,Environmental Services,Paint crew followed PPE guidelines without violations.,Shipyard Pier,Safety Observation,No,N/A
Emerson Lee,Jesse Payne,29 March 2025,01:37,Training & Development,Scaffolders followed PPE guidelines without violations.,Reception Area,Safety Observation,No,N/A
Finley Smith,Reese Mitchell,02 July 2025,05:24,Dockyard Operations,Welding team followed PPE guidelines without violations.,Maintenance Shed,Safety Observation,No,N/A
Jesse Morgan,Spencer Walker,01 May 2025,22:11,Fleet Management,Paint crew followed confined space entry without violations.,Engineering Workshop,Safety Observation,No,N/A
Avery Fisher,Spencer Reed,16 May 2025,14:10,Finance,All crane was used correctly during painting.,Dry Dock 1,Safety Observation,No,N/A
Skyler Brown,Cameron Johnson,26 July 2024,05:08,Communications,Negative: missing guardrails was observed but not corrected.,Fleet Garage,Safety Observation,No,N/A
Spencer Hughes,Finley Smith,10 June 2025,07:53,Communications,Negative: untidy cables was observed but not corrected.,Shipyard Pier,Safety Observation,No,N/A
Frankie Fisher,Harper Hughes,03 September 2024,04:48,IT,All crane was used correctly during welding.,Warehouse B,Safety Observation,No,N/A
Jamie Robinson,Chris Brown,10 November 2024,03:07,Research & Development,Negative: untidy cables was observed but not corrected.,Reception Area,Safety Observation,No,N/A
Frankie Graham,Riley Reed,20 February 2024,10:04,Legal,Negative: blocked emergency exit was observed but not corrected.,Warehouse A,Safety Observation,No,N/A
Harper Hughes,Peyton Ward,29 February 2024,03:59,Finance,All forklift was used correctly during welding.,Dockyard North,Safety Observation,No,N/A
Dakota Davis,Harper Lee,20 November 2024,08:12,Fleet Management,All forklift was used correctly during repairing the hull.,Paint Shop,Safety Observation,No,N/A
Logan Payne,Blake Davis,16 February 2024,00:16,Warehouse,All grinder was used correctly during welding.,Office - Admin Block,Safety Observation,No,N/A
Avery Sullivan,Alex Bennett,06 May 2024,12:06,Legal,Welding team followed confined space entry without violations.,Fleet Garage,Safety Observation,No,N/A
Chris Cooper,Sydney Pearson,02 August 2024,22:44,Training & Development,Paint crew followed confined space entry without violations.,Engineering Workshop,Safety Observation,No,N/A
Harper Fisher,Taylor Lewis,30 April 2024,17:03,Environmental Services,Paint crew followed PPE guidelines without violations.,Main Gate Security,Safety Observation,No,N/A
Chris Payne,Jamie Ward,28 February 2025,06:18,Legal,Paint crew followed PPE guidelines without violations.,Dry Dock 2,Safety Observation,No,N/A
Reese West,Blake Clark,23 July 2025,03:23,IT,Scaffolders followed PPE guidelines without violations.,Warehouse A,Safety Observation,No,N/A
Riley Holmes,Jordan Parker,13 April 2024,21:33,Security,Welding team followed PPE guidelines without violations.,Training Room,Safety Observation,No,N/A
Sawyer Cooper,Sydney Walker,15 January 2024,19:09,Research & Development,Negative: missing guardrails was observed but not corrected.,Dockyard South,Safety Observation,No,N/A
Taylor Brown,Chris Morgan,03 November 2024,07:21,Logistics,All forklift was used correctly during welding.,Office - Admin Block,Safety Observation,No,N/A
Avery Sullivan,Avery Bailey,28 November 2024,10:22,Security,Welding team followed PPE guidelines without violations.,Dry Dock 2,Safety Observation,No,N/A
Sawyer Davis,Avery Murray,25 May 2025,21:21,Quality Assurance,Paint crew followed confined space entry without violations.,Office - Admin Block,Safety Observation,No,N/A
Spencer Graham,Blake Davis,10 July 2024,09:55,Dockyard Operations,Welding team followed lockout/tagout without violations.,Office - Admin Block,Safety Observation,No,N/A
Taylor Cooper,Elliot Allen,10 December 2024,17:18,Engineering,Negative: blocked emergency exit was observed but not corrected.,Fleet Garage,Safety Observation,No,N/A
Finley Graham,Rowan Sullivan,14 April 2025,21:49,Facilities,Scaffolders followed confined space entry without violations.,Tool Crib,Safety Observation,No,N/A
Emerson Murray,Peyton Reed,01 January 2025,13:32,Health & Safety,Scaffolders followed PPE guidelines without violations.,Tool Crib,Safety Observation,No,N/A
Logan Murphy,Finley Clark,21 August 2025,18:41,Warehouse,All crane was used correctly during repairing the hull.,Dockyard South,Safety Observation,No,N/A
Elliot Mitchell,Elliot Parker,30 August 2024,23:00,Logistics,Negative: blocked emergency exit was observed but not corrected.,Main Gate Security,Safety Observation,No,N/A
Logan Murray,Riley Pearson,07 March 2024,17:15,Logistics,All crane was used correctly during welding.,Paint Shop,Safety Observation,No,N/A
Sydney Foster,Jesse Sullivan,07 July 2024,04:58,Facilities,Negative: untidy cables was observed but not corrected.,Warehouse B,Safety Observation,No,N/A
Casey Bailey,Spencer Davis,22 January 2025,09:15,Engineering,Negative: untidy cables was observed but not corrected.,IT Server Room,Safety Observation,No,N/A
Avery Kennedy,Jesse Graham,12 November 2024,06:31,Quality Assurance,Negative: missing guardrails was observed but not corrected.,Cafeteria,Safety Observation,No,N/A
Spencer Bennett,Harper Murphy,25 June 2024,22:46,Quality Assurance,Negative: blocked emergency exit was observed but not corrected.,Maintenance Shed,Safety Observation,No,N/A
Elliot Johnson,Jamie Walker,04 May 2025,21:30,Facilities,Negative: blocked emergency exit was observed but not corrected.,Dry Dock 2,Safety Observation,No,N/A
Avery Smith,Elliot Graham,11 February 2024,05:37,Customer Service,Negative: blocked emergency exit was observed but not corrected.,Paint Shop,Safety Observation,No,N/A
Rowan Payne,Reese Hughes,04 September 2024,12:05,HR,Negative: untidy cables was observed but not corrected.,Shipyard Pier,Safety Observation,No,N/A
Jesse Foster,Quinn Johnson,08 April 2025,16:46,Engineering,Paint crew followed lockout/tagout without violations.,Fuel Depot,Safety Observation,No,N/A
Kai Johnson,Emerson Bailey,10 October 2024,17:53,Facilities,Paint crew followed PPE guidelines without violations.,Dry Dock 1,Safety Observation,No,N/A
Quinn Fisher,Emerson Foster,21 September 2024,01:09,Warehouse,Scaffolders followed confined space entry without violations.,Dockyard North,Safety Observation,No,N/A
Riley Johnson,Blake Lewis,19 April 2024,14:08,Operations,Welding team followed lockout/tagout without violations.,Dockyard South,Safety Observation,No,N/A
Cameron Payne,Logan Morgan,15 February 2025,21:29,Environmental Services,All forklift was used correctly during painting.,Cafeteria,Safety Observation,No,N/A
Chris Murphy,Rowan West,19 August 2024,08:33,Research & Development,Negative: untidy cables was observed but not corrected.,Shipyard Pier,Safety Observation,No,N/A
Blake Hughes,Spencer Robinson,15 July 2025,14:26,Communications,All grinder was used correctly during painting.,Dry Dock 2,Safety Observation,No,N/A
Morgan Lee,Sawyer Kennedy,10 October 2024,15:28,Ship Maintenance,Negative: blocked emergency exit was observed but not corrected.,IT Server Room,Safety Observation,No,N/A
Skyler Brown,Morgan Lewis,25 March 2025,08:14,Environmental Services,All forklift was used correctly during painting.,Main Gate Security,Safety Observation,No,N/A
Casey Parker,Riley Robinson,27 January 2025,09:18,Quality Assurance,Negative: blocked emergency exit was observed but not corrected.,Electrical Bay,Safety Observation,No,N/A
Drew Davis,Rowan Foster,15 March 2024,22:37,Engineering,Negative: untidy cables was observed but not corrected.,Main Gate Security,Safety Observation,No,N/A
Jamie Reed,Drew Bailey,04 August 2024,06:32,Health & Safety,All forklift was used correctly during welding.,Engineering Workshop,Safety Observation,No,N/A
Quinn Smith,Cameron Lee,01 September 2024,00:01,Finance,All crane was used correctly during painting.,Office - Admin Block,Safety Observation,No,N/A
Charlie Ward,Sawyer Fisher,28 May 2024,16:56,Health & Safety,All crane was used correctly during painting.,Dockyard South,Safety Observation,No,N/A
Charlie Parker,Sawyer Cooper,19 September 2024,23:15,Procurement,All grinder was used correctly during painting.,Reception Area,Safety Observation,No,N/A
Spencer Mitchell,Alex Morgan,01 August 2025,04:56,Finance,All crane was used correctly during repairing the hull.,Engineering Workshop,Safety Observation,No,N/A
Finley Graham,Alex Hughes,25 June 2025,11:14,Facilities,Negative: untidy cables was observed but not corrected.,Electrical Bay,Safety Observation,No,N/A
Riley Parker,Dakota Graham,03 April 2024,15:27,Dockyard Operations,All crane was used correctly during welding.,Reception Area,Safety Observation,No,N/A
Drew Davis,Taylor Murphy,20 July 2024,11:07,Training & Development,Negative: missing guardrails was observed but not corrected.,Maintenance Shed,Safety Observation,No,N/A
Sawyer Bailey,Rowan Davis,11 May 2025,15:11,IT,Negative: missing guardrails was observed but not corrected.,Dry Dock 1,Safety Observation,No,N/A
Sawyer Bennett,Alex Smith,09 May 2025,01:21,Health & Safety,Negative: missing guardrails was observed but not corrected.,Engineering Workshop,Safety Observation,No,N/A
Frankie Lee,Casey Robinson,04 August 2024,19:39,Procurement,All grinder was used correctly during welding.,Dockyard North,Safety Observation,No,N/A
Sawyer Allen,Peyton Sullivan,10 November 2024,14:30,Training & Development,All grinder was used correctly during repairing the hull.,Dry Dock 1,Safety Observation,No,N/A
Sawyer Payne,Riley Holmes,28 January 2024,22:56,Training & Development,All crane was used correctly during repairing the hull.,Maintenance Shed,Safety Observation,No,N/A
Spencer Sullivan,Alex Bennett,21 February 2024,21:09,Fleet Management,All grinder was used correctly during welding.,Maintenance Shed,Safety Observation,No,N/A
Logan Allen,Morgan Kennedy,14 July 2025,05:33,Procurement,All crane was used correctly during painting.,Warehouse A,Safety Observation,No,N/A
Sydney Kennedy,Skyler Hughes,11 May 2025,12:29,Engineering,All crane was used correctly during repairing the hull.,Shipyard Pier,Safety Observation,No,N/A
Emerson Parker,Cameron Smith,14 May 2025,03:19,Security,Negative: blocked emergency exit was observed but not corrected.,Dockyard South,Safety Observation,No,N/A
Frankie Davis,Spencer Walker,01 February 2025,01:26,IT,Negative: blocked emergency exit was observed but not corrected.,Warehouse A,Safety Observation,No,N/A
Peyton Lee,Alex West,05 November 2024,23:31,Procurement,Negative: untidy cables was observed but not corrected.,Fuel Depot,Safety Observation,No,N/A
Jordan Robinson,Riley Reed,15 November 2024,07:56,Dockyard Operations,Negative: untidy cables was observed but not corrected.,Dry Dock 2,Safety Observation,No,N/A
Logan Graham,Cameron Johnson,17 May 2024,04:18,Communications,Negative: untidy cables was observed but not corrected.,IT Server Room,Safety Observation,No,N/A
Frankie Murray,Charlie Payne,27 August 2024,16:52,Customer Service,All crane was used correctly during welding.,Shipyard Pier,Safety Observation,No,N/A
Riley Murphy,Elliot Hughes,09 July 2025,14:46,HR,Paint crew followed lockout/tagout without violations.,Tool Crib,Safety Observation,No,N/A
Taylor Payne,Avery Foster,27 March 2025,15:13,Fleet Management,Welding team followed confined space entry without violations.,Cafeteria,Safety Observation,No,N/A
Sawyer Reed,Riley Reed,01 August 2025,23:53,Health & Safety,Welding team followed lockout/tagout without violations.,Warehouse B,Safety Observation,No,N/A
Chris Lewis,Frankie Bennett,11 September 2024,00:59,Logistics,All grinder was used correctly during welding.,Main Gate Security,Safety Observation,No,N/A
Casey Brown,Skyler Clark,09 May 2025,23:03,Warehouse,Negative: untidy cables was observed but not corrected.,Shipyard Pier,Safety Observation,No,N/A
Finley Hughes,Sawyer Davis,10 April 2024,21:19,Communications,Welding team followed PPE guidelines without violations.,Dockyard North,Safety Observation,No,N/A
Skyler Murray,Logan Smith,12 July 2024,20:39,IT,Welding team followed confined space entry without violations.,Warehouse A,Safety Observation,No,N/A
Quinn Reed,Finley Parker,23 May 2025,07:10,HR,Negative: blocked emergency exit was observed but not corrected.,IT Server Room,Safety Observation,No,N/A
Kai Bennett,Casey Lee,23 December 2024,14:45,Customer Service,Paint crew followed PPE guidelines without violations.,Office - Admin Block,Safety Observation,No,N/A
Jesse Clark,Logan Bennett,09 September 2024,17:57,Dockyard Operations,Welding team followed PPE guidelines without violations.,Maintenance Shed,Safety Observation,No,N/A
Jesse Bennett,Kai Graham,16 January 2025,15:07,IT,Negative: blocked emergency exit was observed but not corrected.,Dry Dock 2,Safety Observation,No,N/A
Chris Graham,Morgan Kennedy,13 December 2024,23:14,Ship Maintenance,All grinder was used correctly during repairing the hull.,Dockyard South,Safety Observation,No,N/A
Blake Reed,Avery Allen,08 May 2025,03:52,Finance,Negative: untidy cables was observed but not corrected.,Fuel Depot,Safety Observation,No,N/A
Jordan Lewis,Sydney Mitchell,13 August 2024,08:42,Health & Safety,Negative: blocked emergency exit was observed but not corrected.,Paint Shop,Safety Observation,No,N/A
Frankie Sullivan,Casey Fisher,09 February 2024,02:53,Security,Paint crew followed PPE guidelines without violations.,Electrical Bay,Safety Observation,No,N/A
Emerson Robinson,Avery Brown,06 July 2025,19:52,Operations,Negative: untidy cables was observed but not corrected.,Tool Crib,Safety Observation,No,N/A
Sawyer Reed,Jamie Parker,06 August 2024,01:46,Research & Development,Paint crew followed confined space entry without violations.,Dry Dock 2,Safety Observation,No,N/A
Sydney Lee,Finley Hughes,07 October 2024,04:26,Operations,Paint crew followed confined space entry without violations.,Warehouse A,Safety Observation,No,N/A
Skyler Murray,Chris Walker,24 January 2024,20:03,Legal,Negative: blocked emergency exit was observed but not corrected.,Paint Shop,Safety Observation,No,N/A
Alex Allen,Peyton Murphy,17 November 2024,19:31,Research & Development,Negative: untidy cables was observed but not corrected.,Tool Crib,Safety Observation,No,N/A
Kai Brown,Charlie Walker,04 May 2024,19:16,Environmental Services,Scaffolders followed confined space entry without violations.,Dockyard South,Safety Observation,No,N/A
Cameron Bailey,Finley Morgan,17 April 2025,00:19,Training & Development,Negative: untidy cables was observed but not corrected.,Dockyard North,Safety Observation,No,N/A
Emerson Bailey,Harper Payne,09 June 2025,03:22,Quality Assurance,Scaffolders followed lockout/tagout without violations.,Main Gate Security,Safety Observation,No,N/A
Reese Smith,Harper Murray,04 February 2024,13:49,Security,Paint crew followed confined space entry without violations.,Tool Crib,Safety Observation,No,N/A
Taylor Kennedy,Sawyer Johnson,19 July 2025,09:32,Warehouse,Scaffolders followed confined space entry without violations.,Paint Shop,Safety Observation,No,N/A
Jamie Holmes,Skyler Lee,02 August 2024,23:34,Quality Assurance,Scaffolders followed lockout/tagout without violations.,Reception Area,Safety Observation,No,N/A
Reese Smith,Cameron Robinson,02 January 2025,02:13,Ship Maintenance,All forklift was used correctly during repairing the hull.,Training Room,Safety Observation,No,N/A
Peyton Sullivan,Taylor Lewis,24 April 2024,02:56,Engineering,Welding team followed lockout/tagout without violations.,Reception Area,Safety Observation,No,N/A
Casey Allen,Skyler Graham,12 August 2025,17:37,Procurement,Paint crew followed lockout/tagout without violations.,Office - Admin Block,Safety Observation,No,N/A
Frankie Mitchell,Reese Mitchell,23 June 2025,13:52,Quality Assurance,Negative: untidy cables was observed but not corrected.,Fuel Depot,Safety Observation,No,N/A
Blake Graham,Avery Smith,16 June 2024,05:46,Finance,Scaffolders followed lockout/tagout without violations.,Electrical Bay,Safety Observation,No,N/A
Peyton Davis,Chris Lewis,27 May 2024,07:14,Dockyard Operations,All forklift was used correctly during welding.,Paint Shop,Safety Observation,No,N/A
Morgan Murray,Drew Bailey,10 July 2024,16:01,HR,All crane was used correctly during painting.,Training Room,Safety Observation,No,N/A
Finley West,Jamie Davis,23 October 2024,22:09,IT,Negative: missing guardrails was observed but not corrected.,Warehouse A,Safety Observation,No,N/A
Jesse Allen,Elliot Clark,29 April 2024,06:23,Dockyard Operations,All crane was used correctly during repairing the hull.,Dockyard North,Safety Observation,No,N/A
Cameron Pearson,Emerson West,29 March 2024,05:29,Customer Service,Welding team followed PPE guidelines without violations.,Tool Crib,Safety Observation,No,N/A
Quinn Parker,Spencer Lee,23 May 2025,18:25,Fleet Management,Negative: blocked emergency exit was observed but not corrected.,Main Gate Security,Safety Observation,No,N/A
Blake Allen,Reese Robinson,14 December 2024,00:49,Procurement,Paint crew followed confined space entry without violations.,Reception Area,Safety Observation,No,N/A
Charlie Graham,Kai Walker,28 March 2025,22:55,Finance,Negative: untidy cables was observed but not corrected.,Main Gate Security,Safety Observation,No,N/A
Peyton Davis,Sawyer Johnson,02 December 2024,14:08,Engineering,All forklift was used correctly during welding.,Fleet Garage,Safety Observation,No,N/A
Finley Holmes,Casey Hughes,27 December 2024,07:35,Environmental Services,Scaffolders followed confined space entry without violations.,Dry Dock 1,Safety Observation,No,N/A
Emerson Allen,Kai Davis,30 September 2024,05:39,Environmental Services,Paint crew followed lockout/tagout without violations.,Shipyard Pier,Safety Observation,No,N/A
Riley Lee,Drew Clark,02 June 2025,04:07,Warehouse,Scaffolders followed PPE guidelines without violations.,Office - Admin Block,Safety Observation,No,N/A
Drew Bailey,Cameron Cooper,03 April 2024,13:04,Legal,Negative: missing guardrails was observed but not corrected.,Shipyard Pier,Safety Observation,No,N/A
Avery Smith,Reese Bailey,29 December 2024,04:12,Procurement,All forklift was used correctly during painting.,Dry Dock 1,Safety Observation,No,N/A
Riley Ward,Casey Walker,28 November 2024,00:58,Engineering,All forklift was used correctly during welding.,Tool Crib,Safety Observation,No,N/A
Harper Morgan,Avery Davis,13 February 2025,09:56,Fleet Management,All grinder was used correctly during repairing the hull.,Electrical Bay,Safety Observation,No,N/A
Drew Sullivan,Emerson Murphy,03 October 2024,16:27,HR,Negative: missing guardrails was observed but not corrected.,Fleet Garage,Safety Observation,No,N/A
Morgan Bailey,Emerson Allen,21 June 2024,18:37,Security,Paint crew followed PPE guidelines without violations.,Dry Dock 2,Safety Observation,No,N/A
Taylor Clark,Frankie Cooper,30 April 2024,08:06,Procurement,Scaffolders followed lockout/tagout without violations.,Reception Area,Safety Observation,No,N/A
Sydney Fisher,Jordan Holmes,30 January 2024,08:24,Facilities,Welding team followed lockout/tagout without violations.,Warehouse A,Safety Observation,No,N/A
Riley Robinson,Jesse Sullivan,24 July 2025,07:43,Finance,Negative: missing guardrails was observed but not corrected.,Dry Dock 1,Safety Observation,No,N/A
Drew Murphy,Riley Walker,07 September 2024,18:05,IT,All forklift was used correctly during welding.,Dry Dock 2,Safety Observation,No,N/A
Quinn Reed,Rowan Pearson,11 July 2024,15:23,Warehouse,Negative: untidy cables was observed but not corrected.,Training Room,Safety Observation,No,N/A
Morgan Ward,Skyler Davis,23 February 2025,00:38,Quality Assurance,Paint crew followed PPE guidelines without violations.,Shipyard Pier,Safety Observation,No,N/A
Reese Kennedy,Jamie Bailey,24 October 2024,22:18,IT,Negative: blocked emergency exit was observed but not corrected.,Main Gate Security,Safety Observation,No,N/A
Chris Smith,Cameron Kennedy,06 January 2025,19:27,Warehouse,Negative: untidy cables was observed but not corrected.,Shipyard Pier,Safety Observation,No,N/A
Skyler Sullivan,Chris Cooper,25 October 2024,06:52,IT,All crane was used correctly during painting.,Engineering Workshop,Safety Observation,No,N/A
Kai Murray,Avery Parker,17 February 2024,07:01,Ship Maintenance,All crane was used correctly during painting.,Fleet Garage,Safety Observation,No,N/A
Cameron Davis,Morgan Cooper,04 October 2024,10:30,IT,All forklift was used correctly during painting.,Engineering Workshop,Safety Observation,No,N/A
Jordan Cooper,Blake Murray,14 August 2024,06:25,Procurement,Scaffolders followed PPE guidelines without violations.,Tool Crib,Safety Observation,No,N/A
Avery Murphy,Taylor Lewis,29 October 2024,05:20,Finance,All crane was used correctly during welding.,Reception Area,Safety Observation,No,N/A
Frankie Walker,Sawyer Johnson,28 December 2024,05:53,Fleet Management,Negative: blocked emergency exit was observed but not corrected.,Fuel Depot,Safety Observation,No,N/A
Frankie Reed,Jamie Murphy,12 March 2024,16:07,Procurement,All forklift was used correctly during repairing the hull.,Warehouse A,Safety Observation,No,N/A
Casey Clark,Reese Smith,17 January 2025,08:32,Quality Assurance,Paint crew followed confined space entry without violations.,Shipyard Pier,Safety Observation,No,N/A
Morgan Pearson,Finley Foster,24 May 2025,02:47,Security,Negative: missing guardrails was observed but not corrected.,Fleet Garage,Safety Observation,No,N/A
Sawyer Holmes,Blake Mitchell,18 May 2024,09:41,Environmental Services,Scaffolders followed PPE guidelines without violations.,Fuel Depot,Safety Observation,No,N/A
Morgan Payne,Sydney Lee,07 February 2024,19:11,Health & Safety,Scaffolders followed PPE guidelines without violations.,Office - Admin Block,Safety Observation,No,N/A
Elliot Parker,Peyton Sullivan,06 September 2024,22:23,IT,All crane was used correctly during repairing the hull.,Office - Admin Block,Safety Observation,No,N/A
Dakota Clark,Avery Brown,15 October 2024,15:00,Operations,Negative: blocked emergency exit was observed but not corrected.,Warehouse A,Safety Observation,No,N/A
Peyton Bailey,Alex Bennett,16 December 2024,18:18,Facilities,Negative: blocked emergency exit was observed but not corrected.,Office - Admin Block,Safety Observation,No,N/A
Jordan Smith,Elliot Robinson,09 July 2024,21:11,Customer Service,Scaffolders followed lockout/tagout without violations.,Warehouse A,Safety Observation,No,N/A
Casey Murphy,Charlie Allen,02 October 2024,05:59,Logistics,Welding team followed PPE guidelines without violations.,Tool Crib,Safety Observation,No,N/A
Finley Bennett,Harper Lewis,15 September 2024,09:29,HR,Negative: missing guardrails was observed but not corrected.,Warehouse A,Safety Observation,No,N/A
Emerson West,Sydney West,01 June 2025,10:39,Legal,All grinder was used correctly during welding.,Dry Dock 1,Safety Observation,No,N/A
Peyton Pearson,Sawyer Reed,10 January 2025,02:12,Dockyard Operations,Scaffolders followed PPE guidelines without violations.,Fleet Garage,Safety Observation,No,N/A
Jamie Fisher,Sawyer Mitchell,23 March 2024,02:16,Security,All forklift was used correctly during welding.,Maintenance Shed,Safety Observation,No,N/A
Spencer Johnson,Drew Bennett,01 February 2025,20:00,Fleet Management,Scaffolders followed lockout/tagout without violations.,Reception Area,Safety Observation,No,N/A
Quinn Holmes,Elliot Walker,13 February 2025,07:05,Engineering,Negative: blocked emergency exit was observed but not corrected.,Fuel Depot,Safety Observation,No,N/A
Dakota Lee,Harper Reed,04 March 2025,03:35,Ship Maintenance,Scaffolders followed confined space entry without violations.,IT Server Room,Safety Observation,No,N/A
Morgan Ward,Kai Davis,22 May 2024,02:20,Research & Development,Paint crew followed PPE guidelines without violations.,Shipyard Pier,Safety Observation,No,N/A
Kai Foster,Quinn Kennedy,25 February 2025,04:21,Finance,Negative: missing guardrails was observed but not corrected.,Dry Dock 2,Safety Observation,No,N/A
Dakota Brown,Rowan Graham,25 March 2024,07:59,Security,Negative: blocked emergency exit was observed but not corrected.,Engineering Workshop,Safety Observation,No,N/A
Logan Morgan,Reese Payne,18 March 2024,13:29,Security,Negative: untidy cables was observed but not corrected.,Warehouse A,Safety Observation,No,N/A
Morgan Fisher,Avery Lewis,25 June 2025,23:38,Environmental Services,Scaffolders followed lockout/tagout without violations.,Dockyard North,Safety Observation,No,N/A
Taylor Murray,Emerson Smith,01 February 2025,17:57,Finance,Negative: blocked emergency exit was observed but not corrected.,Dry Dock 2,Safety Observation,No,N/A
Rowan Allen,Alex Bennett,22 July 2024,09:37,Environmental Services,All forklift was used correctly during painting.,Tool Crib,Safety Observation,No,N/A
Dakota Lewis,Emerson Graham,29 June 2025,10:44,Research & Development,Negative: untidy cables was observed but not corrected.,Maintenance Shed,Safety Observation,No,N/A
Cameron Reed,Cameron Walker,06 April 2025,12:07,Logistics,Negative: untidy cables was observed but not corrected.,Dockyard North,Safety Observation,No,N/A
Jesse Holmes,Logan Smith,30 May 2024,21:31,Ship Maintenance,All crane was used correctly during repairing the hull.,Paint Shop,Safety Observation,No,N/A
Spencer Lewis,Quinn Brown,02 October 2024,14:44,Warehouse,All grinder was used correctly during welding.,Shipyard Pier,Safety Observation,No,N/A
Sawyer Allen,Dakota Bennett,22 January 2025,15:32,Procurement,All forklift was used correctly during repairing the hull.,Warehouse B,Safety Observation,No,N/A
Cameron Foster,Jordan Fisher,19 August 2025,20:13,Procurement,Welding team followed PPE guidelines without violations.,Electrical Bay,Safety Observation,No,N/A
Reese Holmes,Reese Fisher,16 August 2024,02:15,Finance,Negative: untidy cables was observed but not corrected.,Shipyard Pier,Safety Observation,No,N/A
Peyton Allen,Kai Johnson,08 October 2024,17:59,Facilities,Negative: missing guardrails was observed but not corrected.,Maintenance Shed,Safety Observation,No,N/A
Finley Cooper,Morgan Holmes,26 January 2024,01:28,Fleet Management,Negative: blocked emergency exit was observed but not corrected.,Shipyard Pier,Safety Observation,No,N/A
Dakota Davis,Finley Kennedy,14 January 2024,14:50,Operations,Scaffolders followed PPE guidelines without violations.,Reception Area,Safety Observation,No,N/A
Avery Clark,Reese Sullivan,21 March 2024,11:49,Engineering,Welding team followed lockout/tagout without violations.,Engineering Workshop,Safety Observation,No,N/A
Taylor Lee,Jesse Bennett,25 August 2024,09:23,Security,Welding team followed lockout/tagout without violations.,Office - Admin Block,Safety Observation,No,N/A
Riley Holmes,Chris Johnson,21 February 2024,20:43,IT,Scaffolders followed lockout/tagout without violations.,Fuel Depot,Safety Observation,No,N/A
Spencer Foster,Skyler Morgan,23 June 2024,12:46,Engineering,Paint crew followed PPE guidelines without violations.,IT Server Room,Safety Observation,No,N/A
Finley Clark,Rowan Allen,03 October 2024,18:48,Finance,Negative: missing guardrails was observed but not corrected.,Engineering Workshop,Safety Observation,No,N/A
Kai Cooper,Blake West,24 April 2024,12:35,Logistics,Negative: missing guardrails was observed but not corrected.,Dockyard North,Safety Observation,No,N/A
Cameron Cooper,Elliot Lewis,19 April 2024,11:21,Logistics,Negative: missing guardrails was observed but not corrected.,Shipyard Pier,Safety Observation,No,N/A
Spencer Kennedy,Riley Sullivan,30 April 2025,06:39,Finance,All forklift was used correctly during painting.,Maintenance Shed,Safety Observation,No,N/A
Dakota Hughes,Kai West,19 March 2025,21:07,IT,Negative: blocked emergency exit was observed but not corrected.,Engineering Workshop,Safety Observation,No,N/A
Riley Smith,Harper Graham,12 August 2025,14:34,Procurement,All forklift was used correctly during painting.,Shipyard Pier,Safety Observation,No,N/A
Casey Payne,Blake Hughes,10 February 2025,23:20,Customer Service,All forklift was used correctly during welding.,Electrical Bay,Safety Observation,No,N/A
Reese Graham,Riley Parker,27 June 2025,22:23,Dockyard Operations,Negative: blocked emergency exit was observed but not corrected.,Dry Dock 2,Safety Observation,No,N/A
Jordan Parker,Rowan Johnson,19 March 2025,22:46,Dockyard Operations,Negative: untidy cables was observed but not corrected.,Electrical Bay,Safety Observation,No,N/A
Harper Reed,Peyton West,29 November 2024,04:44,IT,Scaffolders followed confined space entry without violations.,Tool Crib,Safety Observation,No,N/A
Jordan Reed,Emerson Fisher,27 September 2024,15:32,Communications,Welding team followed lockout/tagout without violations.,Fuel Depot,Safety Observation,No,N/A
Finley Kennedy,Blake Smith,20 April 2025,10:37,Dockyard Operations,Welding team followed lockout/tagout without violations.,Fleet Garage,Safety Observation,No,N/A
Taylor Clark,Quinn Brown,29 June 2024,11:02,Quality Assurance,All crane was used correctly during repairing the hull.,IT Server Room,Safety Observation,No,N/A
Riley Bailey,Taylor Lee,30 June 2024,01:51,Customer Service,Negative: blocked emergency exit was observed but not corrected.,Main Gate Security,Safety Observation,No,N/A
Sawyer Morgan,Taylor Morgan,08 January 2025,15:48,Facilities,Negative: missing guardrails was observed but not corrected.,Reception Area,Safety Observation,No,N/A
Emerson Allen,Sydney Clark,20 November 2024,04:05,HR,Scaffolders followed PPE guidelines without violations.,Dockyard South,Safety Observation,No,N/A
Sydney Kennedy,Sydney Morgan,21 February 2025,20:49,Engineering,All crane was used correctly during repairing the hull.,Dockyard North,Safety Observation,No,N/A
Casey Clark,Drew Robinson,06 October 2024,02:09,HR,Negative: blocked emergency exit was observed but not corrected.,IT Server Room,Safety Observation,No,N/A
Jordan Holmes,Harper Holmes,06 May 2024,20:52,Customer Service,All forklift was used correctly during painting.,Main Gate Security,Safety Observation,No,N/A
Reese Cooper,Drew Murray,13 November 2024,20:34,Engineering,Paint crew followed PPE guidelines without violations.,Electrical Bay,Safety Observation,No,N/A
Drew Kennedy,Jamie West,08 August 2025,09:33,Customer Service,Paint crew followed confined space entry without violations.,Main Gate Security,Safety Observation,No,N/A
Peyton Ward,Avery Pearson,29 June 2024,14:24,IT,All forklift was used correctly during welding.,Dry Dock 2,Safety Observation,No,N/A
Peyton Davis,Alex Smith,02 June 2025,17:04,HR,Negative: untidy cables was observed but not corrected.,Dry Dock 1,Safety Observation,No,N/A
Alex Clark,Reese Morgan,16 October 2024,20:33,Engineering,Negative: untidy cables was observed but not corrected.,Electrical Bay,Safety Observation,No,N/A
Avery Lewis,Logan Smith,17 October 2024,15:18,Legal,Negative: blocked emergency exit was observed but not corrected.,Paint Shop,Safety Observation,No,N/A
Morgan Mitchell,Cameron Sullivan,27 October 2024,21:18,Logistics,All grinder was used correctly during repairing the hull.,Fuel Depot,Safety Observation,No,N/A
Riley Cooper,Kai Reed,08 May 2024,20:17,Security,Negative: blocked emergency exit was observed but not corrected.,Cafeteria,Safety Observation,No,N/A
Chris Parker,Sawyer Clark,27 May 2025,00:44,Logistics,Scaffolders followed PPE guidelines without violations.,Fleet Garage,Safety Observation,No,N/A
Charlie Brown,Drew Sullivan,12 July 2024,15:31,Dockyard Operations,Scaffolders followed confined space entry without violations.,Paint Shop,Safety Observation,No,N/A
Jamie Ward,Kai Graham,23 March 2025,07:57,Fleet Management,Negative: missing guardrails was observed but not corrected.,Main Gate Security,Safety Observation,No,N/A
Sawyer Cooper,Sydney Johnson,20 July 2025,23:10,Security,Negative: blocked emergency exit was observed but not corrected.,Fleet Garage,Safety Observation,No,N/A
Jordan Clark,Skyler Bailey,30 June 2025,19:09,Operations,Negative: blocked emergency exit was observed but not corrected.,Main Gate Security,Safety Observation,No,N/A
Dakota Graham,Reese West,11 August 2025,17:55,Quality Assurance,Scaffolders followed PPE guidelines without violations.,Maintenance Shed,Safety Observation,No,N/A
Logan Parker,Cameron Lee,17 November 2024,05:52,Communications,Paint crew followed lockout/tagout without violations.,Fuel Depot,Safety Observation,No,N/A
Jamie Smith,Alex Clark,21 January 2024,12:27,Quality Assurance,Negative: untidy cables was observed but not corrected.,Engineering Workshop,Safety Observation,No,N/A
Riley Foster,Sawyer Bennett,19 June 2024,09:24,Operations,All forklift was used correctly during painting.,Dry Dock 2,Safety Observation,No,N/A
Charlie Murphy,Reese Hughes,09 March 2025,00:22,Facilities,All forklift was used correctly during painting.,Shipyard Pier,Safety Observation,No,N/A
Cameron Morgan,Morgan Morgan,05 October 2024,20:30,Environmental Services,Paint crew followed lockout/tagout without violations.,Electrical Bay,Safety Observation,No,N/A
Drew Johnson,Cameron Johnson,10 March 2024,23:34,Engineering,Negative: missing guardrails was observed but not corrected.,Reception Area,Safety Observation,No,N/A
Jamie Robinson,Charlie Murphy,24 February 2025,01:49,IT,All crane was used correctly during repairing the hull.,Electrical Bay,Safety Observation,No,N/A
Drew Bailey,Harper Mitchell,14 January 2024,08:45,Warehouse,All grinder was used correctly during painting.,Paint Shop,Safety Observation,No,N/A
Kai West,Emerson Murphy,29 January 2025,18:05,Finance,Negative: untidy cables was observed but not corrected.,Tool Crib,Safety Observation,No,N/A
Jordan Lee,Emerson Lee,10 April 2025,06:18,Quality Assurance,All crane was used correctly during repairing the hull.,Warehouse B,Safety Observation,No,N/A
Chris Murphy,Sawyer Murphy,30 July 2025,12:11,Legal,Negative: untidy cables was observed but not corrected.,Fleet Garage,Safety Observation,No,N/A
Harper Payne,Spencer Kennedy,12 February 2025,07:05,Quality Assurance,Paint crew followed confined space entry without violations.,Warehouse B,Safety Observation,No,N/A
Avery Allen,Peyton Ward,22 April 2025,10:19,Customer Service,Welding team followed PPE guidelines without violations.,Tool Crib,Safety Observation,No,N/A
Frankie Lee,Avery Pearson,02 February 2024,16:25,Operations,All forklift was used correctly during painting.,Dry Dock 2,Safety Observation,No,N/A
Charlie Pearson,Quinn Smith,15 July 2025,13:43,Warehouse,Paint crew followed PPE guidelines without violations.,Warehouse B,Safety Observation,No,N/A
Cameron Davis,Alex Brown,01 February 2024,12:40,Training & Development,Negative: missing guardrails was observed but not corrected.,Tool Crib,Safety Observation,No,N/A
Finley Murray,Jesse Hughes,07 March 2024,19:24,Security,All crane was used correctly during painting.,Warehouse A,Safety Observation,No,N/A
Sydney Graham,Avery Smith,10 June 2024,04:17,Training & Development,Negative: missing guardrails was observed but not corrected.,Training Room,Safety Observation,No,N/A
Casey Reed,Logan Walker,20 December 2024,08:38,Environmental Services,All grinder was used correctly during painting.,Fleet Garage,Safety Observation,No,N/A
Sydney Davis,Emerson Reed,25 March 2024,02:01,Quality Assurance,All forklift was used correctly during painting.,Dockyard North,Safety Observation,No,N/A
Morgan Hughes,Dakota Smith,22 August 2025,09:15,Research & Development,Negative: untidy cables was observed but not corrected.,Electrical Bay,Safety Observation,No,N/A
Jordan Robinson,Jordan Bennett,03 April 2025,14:26,Fleet Management,Scaffolders followed lockout/tagout without violations.,Tool Crib,Safety Observation,No,N/A
Drew Clark,Emerson Sullivan,19 November 2024,05:59,Security,All grinder was used correctly during repairing the hull.,Reception Area,Safety Observation,No,N/A
Avery Robinson,Finley Bailey,03 October 2024,12:39,Health & Safety,All crane was used correctly during welding.,Warehouse A,Safety Observation,No,N/A
Cameron Fisher,Reese Johnson,21 August 2024,02:26,Security,Paint crew followed PPE guidelines without violations.,Dockyard North,Safety Observation,No,N/A
Jamie Davis,Blake Sullivan,12 November 2024,02:34,Ship Maintenance,All crane was used correctly during welding.,Engineering Workshop,Safety Observation,No,N/A
Emerson Johnson,Finley Lewis,24 May 2025,22:00,Logistics,Scaffolders followed lockout/tagout without violations.,Electrical Bay,Safety Observation,No,N/A
Charlie Graham,Taylor Smith,03 May 2025,08:25,Health & Safety,Negative: missing guardrails was observed but not corrected.,Shipyard Pier,Safety Observation,No,N/A
Kai Murray,Jesse Fisher,13 October 2024,16:04,Procurement,Negative: blocked emergency exit was observed but not corrected.,Reception Area,Safety Observation,No,N/A
Quinn Payne,Morgan Bailey,11 June 2025,21:30,Operations,Welding team followed PPE guidelines without violations.,Fuel Depot,Safety Observation,No,N/A
Logan Pearson,Rowan Lewis,26 October 2024,18:42,Facilities,Negative: missing guardrails was observed but not corrected.,Electrical Bay,Safety Observation,No,N/A
Chris West,Jamie West,08 May 2024,05:09,Quality Assurance,All grinder was used correctly during repairing the hull.,Tool Crib,Safety Observation,No,N/A
Jordan Mitchell,Jordan Graham,02 November 2024,13:38,Ship Maintenance,Welding team followed confined space entry without violations.,Fuel Depot,Safety Observation,No,N/A
Jesse Kennedy,Morgan Cooper,11 March 2025,15:32,Logistics,All grinder was used correctly during welding.,Cafeteria,Safety Observation,No,N/A
Sawyer Clark,Chris Allen,26 December 2024,03:19,Facilities,Negative: missing guardrails was observed but not corrected.,Dry Dock 1,Safety Observation,No,N/A
Sawyer Davis,Skyler Clark,22 March 2025,09:23,Security,Welding team followed lockout/tagout without violations.,Dry Dock 1,Safety Observation,No,N/A
Jordan Robinson,Jordan Johnson,10 October 2024,13:55,Research & Development,All grinder was used correctly during repairing the hull.,Warehouse A,Safety Observation,No,N/A
Kai Morgan,Sydney Smith,27 February 2024,16:51,IT,Negative: untidy cables was observed but not corrected.,Dry Dock 1,Safety Observation,No,N/A
Blake Allen,Jamie Murray,15 May 2025,05:34,Security,All forklift was used correctly during repairing the hull.,Dockyard North,Safety Observation,No,N/A
Peyton Lewis,Skyler Kennedy,20 July 2025,20:30,Operations,All grinder was used correctly during painting.,Dry Dock 2,Safety Observation,No,N/A
Peyton Brown,Cameron Mitchell,12 March 2024,12:02,Facilities,All forklift was used correctly during repairing the hull.,Cafeteria,Safety Observation,No,N/A
Finley Walker,Logan Reed,27 December 2024,22:00,Facilities,Paint crew followed PPE guidelines without violations.,Dockyard North,Safety Observation,No,N/A
Peyton Allen,Cameron Bennett,21 March 2024,03:25,Security,Negative: missing guardrails was observed but not corrected.,Warehouse A,Safety Observation,No,N/A
Riley Pearson,Chris Walker,28 December 2024,02:54,Warehouse,Negative: untidy cables was observed but not corrected.,Shipyard Pier,Safety Observation,No,N/A
Reese Payne,Drew Bennett,12 January 2025,19:30,Ship Maintenance,Paint crew followed confined space entry without violations.,Tool Crib,Safety Observation,No,N/A
Cameron Pearson,Emerson Ward,08 April 2025,17:14,Legal,Scaffolders followed lockout/tagout without violations.,Training Room,Safety Observation,No,N/A
Drew Johnson,Taylor Walker,05 May 2024,08:16,Facilities,Welding team followed lockout/tagout without violations.,Paint Shop,Safety Observation,No,N/A
Finley Payne,Elliot Hughes,24 September 2024,22:43,Procurement,Welding team followed lockout/tagout without violations.,Warehouse A,Safety Observation,No,N/A
Sydney Bailey,Harper Robinson,20 November 2024,00:52,Fleet Management,All crane was used correctly during painting.,Maintenance Shed,Safety Observation,No,N/A
Dakota Robinson,Elliot Bailey,31 December 2024,06:25,Logistics,All crane was used correctly during painting.,Cafeteria,Safety Observation,No,N/A
Dakota Brown,Frankie Bennett,01 May 2024,19:50,Fleet Management,Paint crew followed PPE guidelines without violations.,Warehouse A,Safety Observation,No,N/A
Drew Cooper,Jamie Murray,06 March 2025,14:17,Logistics,Scaffolders followed PPE guidelines without violations.,Dockyard South,Safety Observation,No,N/A
Jesse Smith,Frankie Bennett,30 October 2024,06:54,Dockyard Operations,Paint crew followed confined space entry without violations.,Maintenance Shed,Safety Observation,No,N/A
Peyton Morgan,Logan Holmes,15 March 2024,14:58,Fleet Management,Negative: untidy cables was observed but not corrected.,Dockyard South,Safety Observation,No,N/A
Sydney West,Peyton Kennedy,16 July 2025,08:12,Engineering,Negative: missing guardrails was observed but not corrected.,Warehouse B,Safety Observation,No,N/A
Cameron Payne,Harper Fisher,22 March 2024,15:25,Fleet Management,All grinder was used correctly during welding.,Fleet Garage,Safety Observation,No,N/A
Alex Bailey,Frankie Reed,16 September 2024,19:41,IT,Scaffolders followed PPE guidelines without violations.,Fleet Garage,Safety Observation,No,N/A
Jesse Parker,Morgan Johnson,13 June 2025,10:47,IT,All crane was used correctly during welding.,Training Room,Safety Observation,No,N/A
Elliot Foster,Reese Lee,29 October 2024,08:16,Quality Assurance,Scaffolders followed confined space entry without violations.,Main Gate Security,Safety Observation,No,N/A
Quinn Johnson,Elliot Smith,01 April 2024,06:48,Health & Safety,Welding team followed PPE guidelines without violations.,Maintenance Shed,Safety Observation,No,N/A
Frankie Sullivan,Jamie Payne,02 March 2024,02:05,Ship Maintenance,Negative: untidy cables was observed but not corrected.,Reception Area,Safety Observation,No,N/A
Chris Parker,Logan Bailey,04 January 2024,01:16,Environmental Services,Welding team followed confined space entry without violations.,Fleet Garage,Safety Observation,No,N/A
Morgan Bennett,Quinn Bennett,14 October 2024,15:44,Security,All grinder was used correctly during welding.,Shipyard Pier,Safety Observation,No,N/A
Kai Murphy,Spencer Davis,28 January 2025,16:37,IT,Scaffolders followed PPE guidelines without violations.,Maintenance Shed,Safety Observation,No,N/A
Jordan Foster,Elliot Robinson,16 May 2025,09:02,Security,All forklift was used correctly during painting.,Dry Dock 2,Safety Observation,No,N/A
Dakota Hughes,Casey Brown,21 March 2025,14:31,Health & Safety,All grinder was used correctly during repairing the hull.,Engineering Workshop,Safety Observation,No,N/A
Dakota Robinson,Jamie Murphy,09 January 2025,01:02,Dockyard Operations,Welding team followed lockout/tagout without violations.,Cafeteria,Safety Observation,No,N/A
Drew Pearson,Spencer Graham,15 June 2025,07:55,Research & Development,All crane was used correctly during repairing the hull.,Training Room,Safety Observation,No,N/A
Kai Ward,Spencer Hughes,28 June 2024,03:35,Fleet Management,Negative: untidy cables was observed but not corrected.,Paint Shop,Safety Observation,No,N/A
Skyler Smith,Drew Mitchell,09 November 2024,10:22,Ship Maintenance,All crane was used correctly during welding.,Training Room,Safety Observation,No,N/A
Charlie Foster,Peyton Fisher,07 January 2025,12:50,Ship Maintenance,Negative: untidy cables was observed but not corrected.,Office - Admin Block,Safety Observation,No,N/A
Charlie Davis,Quinn Ward,13 March 2025,02:23,Security,Welding team followed PPE guidelines without violations.,Fuel Depot,Safety Observation,No,N/A
Reese Ward,Chris Holmes,30 August 2024,22:00,Quality Assurance,Negative: untidy cables was observed but not corrected.,Dry Dock 1,Safety Observation,No,N/A
Rowan Robinson,Drew West,07 January 2025,05:29,Logistics,All crane was used correctly during repairing the hull.,Warehouse B,Safety Observation,No,N/A
Logan Robinson,Peyton Pearson,23 November 2024,07:00,Fleet Management,All grinder was used correctly during repairing the hull.,IT Server Room,Safety Observation,No,N/A
Chris Sullivan,Kai Murphy,28 February 2024,02:57,Logistics,Scaffolders followed lockout/tagout without violations.,Main Gate Security,Safety Observation,No,N/A
Jesse Allen,Morgan Murray,29 October 2024,14:10,Quality Assurance,All crane was used correctly during welding.,Office - Admin Block,Safety Observation,No,N/A
Riley Morgan,Dakota Bailey,02 October 2024,18:59,Environmental Services,Negative: untidy cables was observed but not corrected.,Paint Shop,Safety Observation,No,N/A
Chris Kennedy,Harper Graham,29 June 2024,21:19,Customer Service,All crane was used correctly during painting.,Paint Shop,Safety Observation,No,N/A
Spencer Parker,Frankie Reed,18 June 2025,04:15,HR,All grinder was used correctly during welding.,Engineering Workshop,Safety Observation,No,N/A
Jesse Ward,Skyler Mitchell,20 January 2025,10:15,Environmental Services,All forklift was used correctly during welding.,IT Server Room,Safety Observation,No,N/A
Reese Holmes,Reese Foster,21 December 2024,20:17,Engineering,Negative: blocked emergency exit was observed but not corrected.,Office - Admin Block,Safety Observation,No,N/A
Elliot Bennett,Sydney Allen,07 January 2024,18:00,Warehouse,All forklift was used correctly during welding.,Dry Dock 2,Safety Observation,No,N/A
Jesse Fisher,Emerson Morgan,24 July 2025,16:44,Logistics,Negative: blocked emergency exit was observed but not corrected.,Fleet Garage,Safety Observation,No,N/A
Jamie Sullivan,Peyton Cooper,21 August 2024,21:50,Health & Safety,Welding team followed PPE guidelines without violations.,Fuel Depot,Safety Observation,No,N/A
Reese Lewis,Avery Morgan,08 August 2025,14:34,Finance,All forklift was used correctly during welding.,Dry Dock 2,Safety Observation,No,N/A
Frankie Robinson,Reese Kennedy,15 March 2025,03:53,IT,Paint crew followed confined space entry without violations.,Tool Crib,Safety Observation,No,N/A
Taylor Parker,Drew Graham,28 May 2025,20:06,Quality Assurance,All crane was used correctly during painting.,Maintenance Shed,Safety Observation,No,N/A
Finley Bennett,Avery Parker,27 January 2025,12:48,Facilities,Welding team followed confined space entry without violations.,IT Server Room,Safety Observation,No,N/A
Harper Hughes,Jesse Murray,27 December 2024,07:38,Dockyard Operations,Negative: missing guardrails was observed but not corrected.,Dry Dock 1,Safety Observation,No,N/A
Jamie Walker,Casey Morgan,01 May 2025,19:07,Legal,All crane was used correctly during welding.,Tool Crib,Safety Observation,No,N/A
Riley Hughes,Cameron Holmes,12 May 2024,16:48,Procurement,All crane was used correctly during repairing the hull.,Warehouse A,Safety Observation,No,N/A
Chris Murphy,Spencer Morgan,26 November 2024,18:06,Fleet Management,Welding team followed lockout/tagout without violations.,Dry Dock 2,Safety Observation,No,N/A
Jesse Kennedy,Skyler Brown,01 February 2025,02:38,Communications,All forklift was used correctly during welding.,Reception Area,Safety Observation,No,N/A
Logan Ward,Skyler Murray,04 February 2025,09:46,Ship Maintenance,Welding team followed PPE guidelines without violations.,Shipyard Pier,Safety Observation,No,N/A
Taylor Graham,Jamie Lee,16 February 2024,05:41,Operations,All forklift was used correctly during painting.,Training Room,Safety Observation,No,N/A
Sydney Foster,Skyler Walker,20 November 2024,18:13,Operations,Negative: untidy cables was observed but not corrected.,Cafeteria,Safety Observation,No,N/A
Cameron Parker,Casey Graham,04 November 2024,07:42,Legal,Paint crew followed lockout/tagout without violations.,Warehouse A,Safety Observation,No,N/A
Charlie Murray,Jamie Robinson,13 January 2024,21:51,Logistics,Negative: blocked emergency exit was observed but not corrected.,Warehouse A,Safety Observation,No,N/A
Jamie Reed,Jesse West,04 March 2025,12:00,Fleet Management,Paint crew followed lockout/tagout without violations.,Cafeteria,Safety Observation,No,N/A
Cameron Fisher,Blake Hughes,06 February 2024,04:03,Finance,Negative: blocked emergency exit was observed but not corrected.,Dry Dock 2,Safety Observation,No,N/A
Quinn West,Jamie Sullivan,10 January 2025,10:15,Operations,All forklift was used correctly during welding.,Office - Admin Block,Safety Observation,No,N/A
Skyler Holmes,Peyton Sullivan,10 February 2024,12:10,Health & Safety,Scaffolders followed PPE guidelines without violations.,Fuel Depot,Safety Observation,No,N/A
Spencer Robinson,Skyler Holmes,08 August 2025,12:07,Warehouse,Negative: untidy cables was observed but not corrected.,Dry Dock 2,Safety Observation,No,N/A
Chris Lee,Logan Robinson,15 April 2024,16:11,Ship Maintenance,All grinder was used correctly during welding.,Dockyard North,Safety Observation,No,N/A
Frankie Pearson,Rowan Allen,16 February 2024,20:06,Environmental Services,Scaffolders followed lockout/tagout without violations.,Dry Dock 1,Safety Observation,No,N/A
Peyton Foster,Logan Smith,19 December 2024,04:41,Logistics,Welding team followed confined space entry without violations.,Tool Crib,Safety Observation,No,N/A
Jesse Holmes,Avery Bailey,18 June 2025,01:47,HR,Scaffolders followed PPE guidelines without violations.,Fuel Depot,Safety Observation,No,N/A
Riley Lee,Spencer Kennedy,01 May 2024,19:40,Training & Development,Negative: missing guardrails was observed but not corrected.,Dry Dock 1,Safety Observation,No,N/A
Rowan Graham,Elliot Morgan,10 May 2025,19:05,Communications,Paint crew followed lockout/tagout without violations.,Dry Dock 1,Safety Observation,No,N/A
Drew Ward,Harper Walker,13 April 2025,15:53,Dockyard Operations,Negative: blocked emergency exit was observed but not corrected.,Warehouse B,Safety Observation,No,N/A
Drew Sullivan,Chris Robinson,15 January 2025,17:59,Customer Service,Paint crew followed PPE guidelines without violations.,Training Room,Safety Observation,No,N/A
Rowan Cooper,Peyton Murray,05 July 2025,01:49,Customer Service,All crane was used correctly during repairing the hull.,Dry Dock 2,Safety Observation,No,N/A
Jordan Davis,Emerson Cooper,29 July 2024,22:34,Ship Maintenance,Paint crew followed lockout/tagout without violations.,IT Server Room,Safety Observation,No,N/A
Jamie Lewis,Jordan Hughes,30 July 2025,03:18,Legal,All forklift was used correctly during repairing the hull.,IT Server Room,Safety Observation,No,N/A
Drew Murphy,Jamie Reed,22 June 2025,08:42,Environmental Services,Negative: missing guardrails was observed but not corrected.,Shipyard Pier,Safety Observation,No,N/A
Morgan Fisher,Sawyer Davis,16 May 2024,12:54,Operations,All crane was used correctly during welding.,Cafeteria,Safety Observation,No,N/A
Blake Davis,Riley Murphy,02 November 2024,15:07,Security,Welding team followed confined space entry without violations.,Fleet Garage,Safety Observation,No,N/A
Avery Parker,Riley Mitchell,20 May 2025,08:49,HR,All grinder was used correctly during repairing the hull.,Electrical Bay,Safety Observation,No,N/A
Riley Foster,Quinn Ward,28 April 2025,16:49,Research & Development,All forklift was used correctly during welding.,Main Gate Security,Safety Observation,No,N/A
Reese Murphy,Logan Mitchell,27 July 2024,10:52,Health & Safety,All forklift was used correctly during painting.,Warehouse A,Safety Observation,No,N/A
Quinn Cooper,Sawyer Mitchell,09 August 2025,20:00,Research & Development,All grinder was used correctly during painting.,Paint Shop,Safety Observation,No,N/A
Logan Pearson,Frankie Fisher,08 June 2025,04:35,HR,All forklift was used correctly during repairing the hull.,Tool Crib,Safety Observation,No,N/A
Taylor Parker,Logan Holmes,14 July 2025,22:18,Security,Negative: blocked emergency exit was observed but not corrected.,Cafeteria,Safety Observation,No,N/A
Harper Allen,Charlie Brown,24 January 2024,14:57,Operations,Scaffolders followed confined space entry without violations.,Fuel Depot,Safety Observation,No,N/A
Jordan Murray,Chris Walker,02 March 2024,16:37,Ship Maintenance,Welding team followed confined space entry without violations.,Dockyard North,Safety Observation,No,N/A
Skyler Fisher,Alex Kennedy,13 May 2025,14:08,Operations,Negative: blocked emergency exit was observed but not corrected.,Dry Dock 2,Safety Observation,No,N/A
Charlie Allen,Emerson Robinson,21 April 2025,13:47,Facilities,All grinder was used correctly during repairing the hull.,Main Gate Security,Safety Observation,No,N/A
Reese Murray,Finley Holmes,02 July 2025,16:57,Environmental Services,Scaffolders followed PPE guidelines without violations.,Dry Dock 2,Safety Observation,No,N/A
Logan Cooper,Frankie Robinson,29 November 2024,14:21,Customer Service,Negative: untidy cables was observed but not corrected.,Cafeteria,Safety Observation,No,N/A
Elliot Davis,Frankie Brown,18 April 2025,14:13,Training & Development,Negative: missing guardrails was observed but not corrected.,Paint Shop,Safety Observation,No,N/A
Skyler Walker,Peyton Sullivan,29 November 2024,20:03,Health & Safety,Negative: blocked emergency exit was observed but not corrected.,Fuel Depot,Safety Observation,No,N/A
Logan Clark,Skyler Lewis,23 March 2024,04:11,Dockyard Operations,Welding team followed lockout/tagout without violations.,Tool Crib,Safety Observation,No,N/A
Logan Allen,Riley Pearson,17 November 2024,09:54,Procurement,All crane was used correctly during repairing the hull.,Warehouse B,Safety Observation,No,N/A
Taylor Walker,Riley Bennett,15 June 2025,02:27,Finance,Scaffolders followed PPE guidelines without violations.,Dry Dock 2,Safety Observation,No,N/A
Morgan Allen,Sawyer Smith,27 October 2024,16:16,Finance,Negative: blocked emergency exit was observed but not corrected.,Fuel Depot,Safety Observation,No,N/A
Kai Holmes,Elliot Holmes,08 March 2024,03:11,Dockyard Operations,Welding team followed lockout/tagout without violations.,IT Server Room,Safety Observation,No,N/A
Quinn Murphy,Charlie Parker,20 July 2025,10:18,Security,Welding team followed lockout/tagout without violations.,Maintenance Shed,Safety Observation,No,N/A
Kai Smith,Rowan Cooper,27 December 2024,04:40,Research & Development,Paint crew followed PPE guidelines without violations.,Shipyard Pier,Safety Observation,No,N/A
Casey Clark,Taylor Morgan,16 August 2025,19:41,Engineering,All forklift was used correctly during painting.,Reception Area,Safety Observation,No,N/A
Cameron Fisher,Skyler Allen,28 March 2025,15:22,Training & Development,All grinder was used correctly during painting.,IT Server Room,Safety Observation,No,N/A
Cameron Reed,Dakota Bailey,27 January 2024,12:01,Health & Safety,Welding team followed lockout/tagout without violations.,Office - Admin Block,Safety Observation,No,N/A
Rowan Clark,Elliot Mitchell,12 October 2024,00:41,Facilities,Paint crew followed confined space entry without violations.,Warehouse B,Safety Observation,No,N/A
Peyton Davis,Rowan Mitchell,02 August 2024,23:39,Training & Development,Negative: missing guardrails was observed but not corrected.,Dockyard North,Safety Observation,No,N/A
Riley Bennett,Taylor Clark,19 March 2024,03:41,Facilities,All crane was used correctly during welding.,Dry Dock 1,Safety Observation,No,N/A
Charlie Hughes,Sydney Parker,29 June 2025,08:25,IT,Negative: untidy cables was observed but not corrected.,Tool Crib,Safety Observation,No,N/A
Jesse Payne,Jesse Lee,18 June 2025,00:13,HR,Paint crew followed PPE guidelines without violations.,Warehouse B,Safety Observation,No,N/A
Rowan Holmes,Avery Holmes,20 January 2025,03:00,Fleet Management,Negative: blocked emergency exit was observed but not corrected.,Reception Area,Safety Observation,No,N/A
Blake Foster,Morgan Foster,10 July 2024,14:16,Quality Assurance,Negative: missing guardrails was observed but not corrected.,IT Server Room,Safety Observation,No,N/A
Finley Graham,Taylor Payne,07 October 2024,21:00,Dockyard Operations,All forklift was used correctly during painting.,Dry Dock 2,Safety Observation,No,N/A
Logan Davis,Peyton Kennedy,21 April 2025,16:23,Ship Maintenance,Negative: untidy cables was observed but not corrected.,Maintenance Shed,Safety Observation,No,N/A
Avery Brown,Riley Morgan,01 March 2025,05:51,Ship Maintenance,Negative: untidy cables was observed but not corrected.,Shipyard Pier,Safety Observation,No,N/A
Kai Foster,Jordan Bennett,05 April 2024,16:06,Quality Assurance,Scaffolders followed confined space entry without violations.,Dry Dock 2,Safety Observation,No,N/A
Chris Parker,Finley Cooper,02 August 2024,11:59,Operations,All grinder was used correctly during welding.,Office - Admin Block,Safety Observation,No,N/A
Chris Allen,Quinn Bennett,12 January 2024,03:33,Operations,Negative: untidy cables was observed but not corrected.,Training Room,Safety Observation,No,N/A
Avery Clark,Finley Brown,15 May 2025,01:35,Health & Safety,Scaffolders followed PPE guidelines without violations.,Paint Shop,Safety Observation,No,N/A
Chris Morgan,Peyton Cooper,22 August 2025,22:59,Quality Assurance,Negative: blocked emergency exit was observed but not corrected.,Main Gate Security,Safety Observation,No,N/A
Charlie Graham,Harper Murphy,13 March 2024,20:40,Quality Assurance,Negative: missing guardrails was observed but not corrected.,Training Room,Safety Observation,No,N/A
Cameron Morgan,Blake Lewis,02 June 2025,02:51,HR,All crane was used correctly during painting.,Dockyard South,Safety Observation,No,N/A
Skyler Holmes,Blake Reed,21 May 2025,15:49,Operations,All forklift was used correctly during repairing the hull.,Cafeteria,Safety Observation,No,N/A
Avery Graham,Drew Bailey,22 June 2025,10:19,Procurement,Negative: missing guardrails was observed but not corrected.,Warehouse B,Safety Observation,No,N/A
Riley Johnson,Reese Lee,08 August 2025,04:34,Dockyard Operations,Paint crew followed confined space entry without violations.,Dockyard North,Safety Observation,No,N/A
Blake Cooper,Riley Smith,29 April 2025,16:33,Logistics,All forklift was used correctly during repairing the hull.,Warehouse A,Safety Observation,No,N/A
Frankie Mitchell,Sydney Pearson,13 September 2024,07:54,Finance,Paint crew followed PPE guidelines without violations.,Shipyard Pier,Safety Observation,No,N/A
Spencer Parker,Charlie Brown,01 September 2024,14:09,Finance,Negative: blocked emergency exit was observed but not corrected.,Warehouse B,Safety Observation,No,N/A
Charlie West,Riley Morgan,29 March 2024,11:51,Operations,Paint crew followed confined space entry without violations.,Dockyard North,Safety Observation,No,N/A
Jordan Bennett,Quinn Foster,13 March 2025,06:33,Legal,Welding team followed lockout/tagout without violations.,Shipyard Pier,Safety Observation,No,N/A
Alex Lewis,Jamie Reed,13 January 2024,07:05,Legal,Negative: missing guardrails was observed but not corrected.,Main Gate Security,Safety Observation,No,N/A
Skyler Lewis,Kai Brown,27 July 2025,07:48,Procurement,Paint crew followed PPE guidelines without violations.,Engineering Workshop,Safety Observation,No,N/A
Avery Murray,Drew Pearson,14 February 2025,19:27,IT,All crane was used correctly during painting.,Training Room,Safety Observation,No,N/A
Dakota Smith,Charlie Mitchell,21 May 2024,17:02,Operations,Negative: untidy cables was observed but not corrected.,Office - Admin Block,Safety Observation,No,N/A
Frankie Cooper,Jamie Sullivan,31 March 2024,06:11,Warehouse,Paint crew followed lockout/tagout without violations.,IT Server Room,Safety Observation,No,N/A
Cameron Mitchell,Jesse Mitchell,21 December 2024,02:33,Finance,Paint crew followed lockout/tagout without violations.,Office - Admin Block,Safety Observation,No,N/A
Drew Bailey,Drew Graham,20 February 2025,22:27,Security,All crane was used correctly during welding.,Reception Area,Safety Observation,No,N/A
Kai Pearson,Avery Smith,13 July 2025,08:16,Facilities,Welding team followed lockout/tagout without violations.,Dockyard South,Safety Observation,No,N/A
Drew Pearson,Blake Fisher,02 November 2024,15:47,Environmental Services,Scaffolders followed lockout/tagout without violations.,Office - Admin Block,Safety Observation,No,N/A
Sawyer Murray,Dakota Fisher,16 July 2025,03:47,Operations,Welding team followed lockout/tagout without violations.,Dockyard North,Safety Observation,No,N/A
Quinn Johnson,Morgan Reed,11 March 2024,13:19,Communications,Scaffolders followed lockout/tagout without violations.,Warehouse B,Safety Observation,No,N/A
Chris Reed,Logan Brown,14 August 2024,04:22,Fleet Management,Paint crew followed PPE guidelines without violations.,Paint Shop,Safety Observation,No,N/A
Dakota Davis,Avery Murray,29 June 2024,23:33,Facilities,All forklift was used correctly during painting.,Tool Crib,Safety Observation,No,N/A
Quinn Payne,Blake Ward,22 January 2025,13:13,Logistics,Welding team followed PPE guidelines without violations.,Engineering Workshop,Safety Observation,No,N/A
Charlie Reed,Morgan Hughes,03 August 2024,13:25,Finance,All grinder was used correctly during painting.,Fleet Garage,Safety Observation,No,N/A
Peyton Ward,Avery Allen,19 January 2025,02:02,Ship Maintenance,Negative: untidy cables was observed but not corrected.,Fuel Depot,Safety Observation,No,N/A
Alex Walker,Sydney Graham,22 June 2025,01:17,Warehouse,Negative: untidy cables was observed but not corrected.,Fuel Depot,Safety Observation,No,N/A
Elliot Hughes,Alex Parker,26 March 2025,03:20,Training & Development,Welding team followed confined space entry without violations.,Shipyard Pier,Safety Observation,No,N/A
Harper Smith,Jesse Morgan,01 November 2024,11:16,Communications,All forklift was used correctly during painting.,Shipyard Pier,Safety Observation,No,N/A
Spencer Lee,Morgan Fisher,30 August 2024,21:29,Finance,Negative: missing guardrails was observed but not corrected.,Electrical Bay,Safety Observation,No,N/A
Harper Payne,Taylor Pearson,03 May 2025,12:55,Training & Development,Negative: missing guardrails was observed but not corrected.,Warehouse A,Safety Observation,No,N/A
Casey Smith,Blake Bennett,18 April 2024,12:15,Warehouse,Negative: missing guardrails was observed but not corrected.,Tool Crib,Safety Observation,No,N/A
Avery West,Riley Sullivan,28 April 2025,02:08,Finance,All grinder was used correctly during welding.,Electrical Bay,Safety Observation,No,N/A
Drew Murphy,Frankie Kennedy,22 February 2024,21:27,Research & Development,All crane was used correctly during welding.,Cafeteria,Safety Observation,No,N/A
Taylor Smith,Blake Bennett,05 October 2024,10:06,Logistics,Paint crew followed lockout/tagout without violations.,Cafeteria,Safety Observation,No,N/A
Blake Foster,Quinn Sullivan,26 November 2024,14:37,Research & Development,Negative: untidy cables was observed but not corrected.,Warehouse A,Safety Observation,No,N/A
Quinn Hughes,Emerson Lewis,07 January 2025,19:16,Legal,Negative: blocked emergency exit was observed but not corrected.,Main Gate Security,Safety Observation,No,N/A
Chris Sullivan,Spencer Johnson,15 April 2025,06:23,Ship Maintenance,All grinder was used correctly during welding.,Warehouse B,Safety Observation,No,N/A
Finley Payne,Emerson Graham,20 February 2025,05:27,Health & Safety,Negative: blocked emergency exit was observed but not corrected.,Dockyard South,Safety Observation,No,N/A
Drew Holmes,Frankie Fisher,31 May 2024,23:02,Environmental Services,Negative: missing guardrails was observed but not corrected.,Reception Area,Safety Observation,No,N/A
Reese Walker,Morgan Ward,13 May 2024,16:58,Logistics,All crane was used correctly during welding.,IT Server Room,Safety Observation,No,N/A
Rowan Foster,Harper Graham,11 July 2025,20:39,Training & Development,Negative: untidy cables was observed but not corrected.,Dockyard South,Safety Observation,No,N/A
Reese Walker,Peyton Sullivan,04 July 2025,22:41,Customer Service,Negative: blocked emergency exit was observed but not corrected.,Electrical Bay,Safety Observation,No,N/A
Finley Ward,Dakota Foster,07 October 2024,19:13,Health & Safety,Welding team followed lockout/tagout without violations.,IT Server Room,Safety Observation,No,N/A
Blake Lewis,Alex Reed,16 January 2024,19:01,Health & Safety,Welding team followed PPE guidelines without violations.,Warehouse B,Safety Observation,No,N/A
Logan Mitchell,Charlie Foster,26 March 2024,03:46,Finance,Scaffolders followed confined space entry without violations.,Shipyard Pier,Safety Observation,No,N/A
Taylor Murphy,Reese Kennedy,28 June 2025,15:38,Fleet Management,All grinder was used correctly during repairing the hull.,Dockyard North,Safety Observation,No,N/A
Elliot Ward,Dakota Murray,15 June 2024,21:18,Procurement,All crane was used correctly during painting.,Paint Shop,Safety Observation,No,N/A
Casey Allen,Skyler Reed,23 January 2024,15:57,Quality Assurance,Negative: untidy cables was observed but not corrected.,Warehouse A,Safety Observation,No,N/A
Finley Lee,Avery Kennedy,18 August 2025,10:24,Procurement,All grinder was used correctly during welding.,Maintenance Shed,Safety Observation,No,N/A
Rowan Pearson,Jamie Sullivan,02 October 2024,00:24,Training & Development,All crane was used correctly during painting.,Cafeteria,Safety Observation,No,N/A
Frankie Johnson,Sydney Lewis,21 November 2024,20:52,Customer Service,Scaffolders followed lockout/tagout without violations.,Engineering Workshop,Safety Observation,No,N/A
Sydney Foster,Sawyer Allen,12 June 2025,04:49,Communications,All crane was used correctly during painting.,Maintenance Shed,Safety Observation,No,N/A
Harper Clark,Cameron Hughes,03 July 2025,15:45,Procurement,All grinder was used correctly during repairing the hull.,Warehouse B,Safety Observation,No,N/A
Skyler Lee,Avery Brown,11 October 2024,08:37,Security,All crane was used correctly during welding.,Shipyard Pier,Safety Observation,No,N/A
Taylor Morgan,Drew Brown,01 January 2024,05:13,Ship Maintenance,Negative: untidy cables was observed but not corrected.,Main Gate Security,Safety Observation,No,N/A
Kai Foster,Riley Payne,12 May 2024,18:57,Communications,Scaffolders followed confined space entry without violations.,Dockyard North,Safety Observation,No,N/A
Jordan Graham,Avery Clark,04 April 2024,04:39,Quality Assurance,Negative: missing guardrails was observed but not corrected.,Training Room,Safety Observation,No,N/A
Charlie Smith,Skyler Foster,05 August 2024,14:04,Facilities,Negative: untidy cables was observed but not corrected.,Reception Area,Safety Observation,No,N/A
Logan Robinson,Harper Allen,01 August 2025,20:28,Environmental Services,Paint crew followed confined space entry without violations.,IT Server Room,Safety Observation,No,N/A
Elliot Holmes,Harper Reed,12 June 2025,11:19,Environmental Services,Negative: blocked emergency exit was observed but not corrected.,Electrical Bay,Safety Observation,No,N/A
Jamie Bennett,Jesse Hughes,24 April 2025,13:48,Ship Maintenance,Negative: missing guardrails was observed but not corrected.,Dockyard South,Safety Observation,No,N/A
Peyton Bennett,Casey West,12 May 2025,08:21,Fleet Management,Welding team followed PPE guidelines without violations.,Electrical Bay,Safety Observation,No,N/A
Skyler Clark,Peyton Payne,23 March 2024,13:26,IT,Negative: untidy cables was observed but not corrected.,Dry Dock 2,Safety Observation,No,N/A
Harper Lee,Skyler Payne,11 April 2025,21:33,Environmental Services,Negative: blocked emergency exit was observed but not corrected.,Dry Dock 2,Safety Observation,No,N/A
Kai Davis,Jordan Brown,30 April 2025,05:58,Facilities,Negative: untidy cables was observed but not corrected.,Maintenance Shed,Safety Observation,No,N/A
Emerson Sullivan,Taylor Brown,14 March 2024,20:59,Legal,Negative: untidy cables was observed but not corrected.,Dockyard North,Safety Observation,No,N/A
Avery Smith,Jamie Davis,06 January 2025,15:37,Legal,Welding team followed confined space entry without violations.,Dry Dock 1,Safety Observation,No,N/A
Harper Foster,Alex Brown,04 March 2025,03:51,Legal,Scaffolders followed confined space entry without violations.,Dry Dock 2,Safety Observation,No,N/A
Drew Murray,Alex Lee,18 June 2025,10:34,Customer Service,All crane was used correctly during painting.,Training Room,Safety Observation,No,N/A
Emerson Lewis,Finley Hughes,16 May 2025,20:08,Dockyard Operations,Scaffolders followed confined space entry without violations.,Fleet Garage,Safety Observation,No,N/A
Logan Ward,Frankie Walker,03 January 2025,06:18,Security,All crane was used correctly during welding.,Maintenance Shed,Safety Observation,No,N/A
Blake Bennett,Peyton Sullivan,27 June 2025,20:25,Health & Safety,Scaffolders followed lockout/tagout without violations.,Fleet Garage,Safety Observation,No,N/A
Chris Lee,Riley Smith,11 February 2025,07:23,Dockyard Operations,All crane was used correctly during painting.,Warehouse A,Safety Observation,No,N/A
Riley Kennedy,Dakota Fisher,15 August 2025,18:55,Engineering,Negative: blocked emergency exit was observed but not corrected.,Cafeteria,Safety Observation,No,N/A
Taylor Holmes,Finley West,09 April 2025,18:38,Security,Negative: blocked emergency exit was observed but not corrected.,Fleet Garage,Safety Observation,No,N/A
Finley West,Jordan Holmes,22 July 2024,09:03,Security,All crane was used correctly during painting.,Warehouse A,Safety Observation,No,N/A
Logan Payne,Blake Morgan,24 July 2024,07:13,Customer Service,Negative: untidy cables was observed but not corrected.,Dockyard North,Safety Observation,No,N/A
Jamie Bailey,Kai Johnson,26 January 2024,06:46,Health & Safety,All forklift was used correctly during painting.,Main Gate Security,Safety Observation,No,N/A
Alex Pearson,Jesse Fisher,30 April 2024,22:35,Procurement,All grinder was used correctly during welding.,Cafeteria,Safety Observation,No,N/A
Cameron Graham,Avery Reed,12 May 2024,03:00,Procurement,All crane was used correctly during welding.,Warehouse B,Safety Observation,No,N/A
Avery Mitchell,Riley Sullivan,15 March 2024,09:15,Quality Assurance,Negative: untidy cables was observed but not corrected.,IT Server Room,Safety Observation,No,N/A
Sydney Foster,Skyler Ward,04 January 2024,02:13,Ship Maintenance,Welding team followed confined space entry without violations.,Paint Shop,Safety Observation,No,N/A
Jamie Pearson,Sawyer Fisher,22 January 2025,23:14,Dockyard Operations,All grinder was used correctly during repairing the hull.,IT Server Room,Safety Observation,No,N/A
Casey Allen,Logan Murray,13 November 2024,14:31,Procurement,All forklift was used correctly during painting.,Shipyard Pier,Safety Observation,No,N/A
Chris Foster,Alex Smith,12 March 2024,19:02,Quality Assurance,Paint crew followed PPE guidelines without violations.,Reception Area,Safety Observation,No,N/A
Avery Pearson,Elliot Cooper,12 March 2024,05:59,Operations,All forklift was used correctly during painting.,Tool Crib,Safety Observation,No,N/A
Finley Walker,Jamie Graham,14 May 2025,06:47,IT,All crane was used correctly during painting.,Engineering Workshop,Safety Observation,No,N/A
Sydney Ward,Jordan Clark,29 September 2024,15:56,Operations,Welding team followed PPE guidelines without violations.,Paint Shop,Safety Observation,No,N/A
Jesse Graham,Morgan Foster,29 March 2024,16:28,Communications,All crane was used correctly during painting.,Dry Dock 1,Safety Observation,No,N/A
Peyton Davis,Morgan Cooper,19 January 2025,19:24,Communications,All forklift was used correctly during welding.,Shipyard Pier,Safety Observation,No,N/A
Harper Johnson,Logan Bailey,04 April 2024,22:17,Health & Safety,All crane was used correctly during welding.,Warehouse A,Safety Observation,No,N/A
Finley Ward,Spencer Murray,03 October 2024,06:36,Engineering,Negative: untidy cables was observed but not corrected.,Dry Dock 2,Safety Observation,No,N/A
Chris Payne,Emerson Bailey,04 May 2025,22:04,Communications,Negative: untidy cables was observed but not corrected.,Fuel Depot,Safety Observation,No,N/A
Finley Lee,Sydney Robinson,21 February 2024,02:43,Warehouse,Paint crew followed PPE guidelines without violations.,Electrical Bay,Safety Observation,No,N/A
Skyler Bailey,Emerson Pearson,17 June 2024,09:20,Security,Negative: blocked emergency exit was observed but not corrected.,Tool Crib,Safety Observation,No,N/A
Alex Robinson,Dakota Parker,23 November 2024,10:23,Engineering,Scaffolders followed PPE guidelines without violations.,Fuel Depot,Safety Observation,No,N/A
Dakota Johnson,Logan Brown,18 June 2024,14:46,Communications,Negative: missing guardrails was observed but not corrected.,Warehouse A,Safety Observation,No,N/A
Rowan Reed,Spencer Holmes,11 March 2025,08:59,Finance,Negative: missing guardrails was observed but not corrected.,Main Gate Security,Safety Observation,No,N/A
Elliot Murray,Reese Murray,26 March 2024,14:35,IT,All forklift was used correctly during repairing the hull.,Dockyard North,Safety Observation,No,N/A
Morgan Bennett,Frankie Morgan,15 August 2025,21:41,IT,Negative: blocked emergency exit was observed but not corrected.,Fleet Garage,Safety Observation,No,N/A
Dakota Foster,Frankie Murphy,07 April 2024,08:41,Security,Welding team followed lockout/tagout without violations.,IT Server Room,Safety Observation,No,N/A
Kai Holmes,Jordan Smith,09 September 2024,23:16,Training & Development,Paint crew followed PPE guidelines without violations.,Electrical Bay,Safety Observation,No,N/A
Skyler Sullivan,Chris Mitchell,03 January 2024,06:07,Procurement,Welding team followed lockout/tagout without violations.,Fleet Garage,Safety Observation,No,N/A
Harper Bailey,Peyton Reed,01 October 2024,08:53,Facilities,All crane was used correctly during painting.,Dry Dock 1,Safety Observation,No,N/A
Elliot Walker,Avery Johnson,23 April 2025,18:39,HR,Negative: missing guardrails was observed but not corrected.,Training Room,Safety Observation,No,N/A
Quinn Murray,Jesse Holmes,09 March 2025,04:09,Security,Negative: untidy cables was observed but not corrected.,Dockyard South,Safety Observation,No,N/A
Chris Brown,Sydney Ward,09 March 2025,09:04,Operations,Negative: missing guardrails was observed but not corrected.,Reception Area,Safety Observation,No,N/A
Sydney Brown,Charlie Cooper,04 October 2024,02:35,Procurement,All crane was used correctly during welding.,IT Server Room,Safety Observation,No,N/A
Chris Pearson,Skyler Robinson,04 July 2025,18:01,Customer Service,Negative: untidy cables was observed but not corrected.,Office - Admin Block,Safety Observation,No,N/A
Logan Ward,Riley Lee,13 February 2025,12:29,Health & Safety,All crane was used correctly during welding.,Electrical Bay,Safety Observation,No,N/A
Dakota West,Dakota Mitchell,17 August 2024,14:30,Dockyard Operations,All forklift was used correctly during welding.,Dry Dock 1,Safety Observation,No,N/A
Chris Cooper,Riley Ward,08 May 2025,19:50,Logistics,Paint crew followed PPE guidelines without violations.,Warehouse B,Safety Observation,No,N/A
Peyton Reed,Riley Robinson,22 August 2024,05:33,Environmental Services,All forklift was used correctly during painting.,Paint Shop,Safety Observation,No,N/A
Elliot Cooper,Jordan Bailey,27 September 2024,19:18,Legal,Paint crew followed lockout/tagout without violations.,Dry Dock 2,Safety Observation,No,N/A
Jamie Kennedy,Jesse Mitchell,15 November 2024,07:26,Ship Maintenance,Negative: missing guardrails was observed but not corrected.,Dockyard South,Safety Observation,No,N/A
Alex Hughes,Spencer West,01 August 2025,02:26,Dockyard Operations,All grinder was used correctly during repairing the hull.,Dockyard South,Safety Observation,No,N/A
Sydney Sullivan,Kai Lewis,02 August 2025,23:31,Health & Safety,All forklift was used correctly during repairing the hull.,Fleet Garage,Safety Observation,No,N/A
Chris Smith,Sydney Murray,14 January 2024,12:19,Customer Service,Paint crew followed lockout/tagout without violations.,Training Room,Safety Observation,No,N/A
Morgan Reed,Spencer Foster,07 March 2025,08:26,Engineering,Scaffolders followed confined space entry without violations.,Maintenance Shed,Safety Observation,No,N/A
Peyton Holmes,Peyton Hughes,16 May 2024,19:57,Logistics,Paint crew followed PPE guidelines without violations.,Warehouse B,Safety Observation,No,N/A
Reese Bennett,Emerson Holmes,28 July 2024,19:55,Health & Safety,Negative: missing guardrails was observed but not corrected.,Warehouse B,Safety Observation,No,N/A
Sydney Allen,Peyton Cooper,22 May 2024,22:52,Facilities,Negative: blocked emergency exit was observed but not corrected.,Engineering Workshop,Safety Observation,No,N/A
Elliot Graham,Rowan Kennedy,09 April 2025,16:03,Health & Safety,Negative: untidy cables was observed but not corrected.,Cafeteria,Safety Observation,No,N/A
Riley Morgan,Morgan Parker,06 April 2025,16:47,Operations,All grinder was used correctly during painting.,Dockyard North,Safety Observation,No,N/A
Cameron Brown,Taylor Brown,17 June 2025,19:01,Logistics,Scaffolders followed PPE guidelines without violations.,Reception Area,Safety Observation,No,N/A
Finley Murphy,Taylor Johnson,21 February 2024,00:20,Ship Maintenance,Negative: missing guardrails was observed but not corrected.,Dry Dock 2,Safety Observation,No,N/A
Sydney Cooper,Cameron Walker,08 July 2024,19:19,Facilities,All grinder was used correctly during welding.,Maintenance Shed,Safety Observation,No,N/A
Frankie Reed,Elliot Murray,06 July 2025,06:32,Customer Service,Scaffolders followed lockout/tagout without violations.,Dockyard South,Safety Observation,No,N/A
Harper Walker,Alex Lee,23 March 2024,18:03,Research & Development,Scaffolders followed PPE guidelines without violations.,Fleet Garage,Safety Observation,No,N/A
Logan Graham,Elliot Fisher,14 September 2024,21:20,Legal,Paint crew followed confined space entry without violations.,Cafeteria,Safety Observation,No,N/A
Frankie Parker,Riley Graham,27 May 2025,14:08,Fleet Management,Scaffolders followed PPE guidelines without violations.,Dry Dock 2,Safety Observation,No,N/A
Sawyer Reed,Charlie Reed,08 June 2025,09:35,Fleet Management,Negative: missing guardrails was observed but not corrected.,Reception Area,Safety Observation,No,N/A
Cameron Bailey,Reese Lee,01 August 2025,09:30,Logistics,Negative: untidy cables was observed but not corrected.,Dockyard South,Safety Observation,No,N/A
Logan Cooper,Drew Lewis,04 July 2024,16:55,Health & Safety,Negative: untidy cables was observed but not corrected.,Fuel Depot,Safety Observation,No,N/A
Spencer Sullivan,Casey Murphy,29 September 2024,05:02,Research & Development,All grinder was used correctly during welding.,Tool Crib,Safety Observation,No,N/A
Logan Ward,Chris Graham,10 April 2025,03:11,Communications,Paint crew followed lockout/tagout without violations.,Dry Dock 2,Safety Observation,No,N/A
Kai Bailey,Taylor Parker,16 July 2025,22:08,Warehouse,Negative: untidy cables was observed but not corrected.,Electrical Bay,Safety Observation,No,N/A
Sydney Hughes,Chris Foster,30 October 2024,17:30,Quality Assurance,All forklift was used correctly during painting.,Warehouse B,Safety Observation,No,N/A
Reese Ward,Elliot Johnson,01 June 2024,06:14,IT,Scaffolders followed confined space entry without violations.,Dry Dock 2,Safety Observation,No,N/A
Finley Walker,Sawyer Ward,20 January 2025,21:07,HR,Scaffolders followed confined space entry without violations.,Warehouse A,Safety Observation,No,N/A
Emerson Bailey,Chris Allen,06 March 2025,16:59,Engineering,All grinder was used correctly during repairing the hull.,Warehouse B,Safety Observation,No,N/A
Drew Smith,Morgan Reed,15 March 2025,16:10,IT,Paint crew followed lockout/tagout without violations.,Dockyard South,Safety Observation,No,N/A
Peyton Fisher,Jesse Bailey,23 March 2024,05:22,Fleet Management,Welding team followed PPE guidelines without violations.,Training Room,Safety Observation,No,N/A
Riley Murphy,Jordan Parker,09 April 2025,00:45,HR,All grinder was used correctly during repairing the hull.,Fleet Garage,Safety Observation,No,N/A
Casey Clark,Riley Robinson,12 September 2024,07:15,Legal,All crane was used correctly during welding.,Office - Admin Block,Safety Observation,No,N/A
Taylor Hughes,Sydney Murphy,27 June 2025,21:43,Facilities,All forklift was used correctly during painting.,Fuel Depot,Safety Observation,No,N/A
Rowan Cooper,Chris Clark,05 May 2024,02:36,Warehouse,All forklift was used correctly during painting.,Dry Dock 2,Safety Observation,No,N/A
Elliot Cooper,Charlie Hughes,26 June 2024,10:44,IT,Negative: blocked emergency exit was observed but not corrected.,Cafeteria,Safety Observation,No,N/A
Logan Graham,Skyler Fisher,02 February 2025,03:49,Logistics,Paint crew followed confined space entry without violations.,Dry Dock 2,Safety Observation,No,N/A
Riley Robinson,Jesse Ward,10 December 2024,23:35,Security,Negative: untidy cables was observed but not corrected.,Tool Crib,Safety Observation,No,N/A
Casey Parker,Logan Lee,13 September 2024,13:24,Research & Development,Paint crew followed confined space entry without violations.,Warehouse A,Safety Observation,No,N/A
Elliot Fisher,Morgan Murphy,20 July 2025,13:28,Legal,Paint crew followed PPE guidelines without violations.,Dockyard South,Safety Observation,No,N/A
Alex Johnson,Kai Lewis,12 November 2024,07:50,Facilities,All crane was used correctly during painting.,Maintenance Shed,Safety Observation,No,N/A
Alex Bailey,Sawyer Morgan,30 June 2024,11:29,Legal,Scaffolders followed confined space entry without violations.,IT Server Room,Safety Observation,No,N/A
Jamie Foster,Avery Sullivan,14 August 2024,11:33,Ship Maintenance,Welding team followed confined space entry without violations.,Main Gate Security,Safety Observation,No,N/A
Emerson Smith,Chris Morgan,28 July 2024,18:27,Research & Development,Paint crew followed lockout/tagout without violations.,Warehouse A,Safety Observation,No,N/A
Frankie Hughes,Blake Bailey,30 December 2024,21:39,Communications,Negative: missing guardrails was observed but not corrected.,Tool Crib,Safety Observation,No,N/A
Dakota Davis,Jesse Fisher,02 July 2025,21:44,Customer Service,Scaffolders followed confined space entry without violations.,Fleet Garage,Safety Observation,No,N/A
Casey Johnson,Skyler Graham,04 November 2024,17:27,Legal,All crane was used correctly during repairing the hull.,Shipyard Pier,Safety Observation,No,N/A
Dakota Hughes,Alex Davis,04 March 2025,02:59,Customer Service,Welding team followed confined space entry without violations.,Cafeteria,Safety Observation,No,N/A
Harper Kennedy,Reese Lewis,02 December 2024,22:11,Operations,Negative: missing guardrails was observed but not corrected.,Cafeteria,Safety Observation,No,N/A
Finley Reed,Jesse Walker,31 March 2024,23:36,Legal,All crane was used correctly during repairing the hull.,Warehouse B,Safety Observation,No,N/A
Blake Mitchell,Sawyer Ward,04 July 2024,17:12,Security,Welding team followed confined space entry without violations.,Training Room,Safety Observation,No,N/A
Reese Davis,Taylor Hughes,12 March 2024,03:52,Quality Assurance,Negative: untidy cables was observed but not corrected.,Dry Dock 2,Safety Observation,No,N/A
Riley Brown,Frankie Sullivan,29 March 2024,01:25,Research & Development,All forklift was used correctly during welding.,Dry Dock 1,Safety Observation,No,N/A
Casey Morgan,Logan Holmes,15 April 2025,12:00,Finance,All forklift was used correctly during welding.,Maintenance Shed,Safety Observation,No,N/A
Jordan Holmes,Jesse Reed,20 February 2025,16:44,IT,Negative: blocked emergency exit was observed but not corrected.,IT Server Room,Safety Observation,No,N/A
Casey Parker,Rowan West,26 April 2024,20:17,Security,All crane was used correctly during repairing the hull.,Maintenance Shed,Safety Observation,No,N/A
Skyler Lee,Charlie Walker,26 December 2024,23:04,Communications,Paint crew followed confined space entry without violations.,Dockyard North,Safety Observation,No,N/A
Jesse Clark,Avery Morgan,08 March 2025,18:40,HR,Negative: untidy cables was observed but not corrected.,IT Server Room,Safety Observation,No,N/A
Emerson Allen,Blake West,06 June 2024,17:42,Finance,Negative: missing guardrails was observed but not corrected.,Dry Dock 1,Safety Observation,No,N/A
Blake Morgan,Casey Bennett,10 March 2024,13:54,Quality Assurance,Negative: missing guardrails was observed but not corrected.,Engineering Workshop,Safety Observation,No,N/A
Taylor Allen,Avery Morgan,04 June 2025,12:24,Research & Development,Negative: missing guardrails was observed but not corrected.,IT Server Room,Safety Observation,No,N/A
Elliot Johnson,Jesse Robinson,20 June 2024,22:01,Communications,Paint crew followed confined space entry without violations.,IT Server Room,Safety Observation,No,N/A
Frankie Davis,Frankie Johnson,27 July 2024,02:28,Operations,All grinder was used correctly during painting.,Maintenance Shed,Safety Observation,No,N/A
Alex Pearson,Jordan Murray,22 February 2025,07:52,HR,Scaffolders followed confined space entry without violations.,Warehouse A,Safety Observation,No,N/A
Drew Brown,Finley Robinson,03 July 2025,09:32,Ship Maintenance,Welding team followed PPE guidelines without violations.,Cafeteria,Safety Observation,No,N/A
Harper Robinson,Dakota Sullivan,22 June 2025,02:39,Facilities,Negative: untidy cables was observed but not corrected.,Maintenance Shed,Safety Observation,No,N/A
Logan Foster,Drew Murphy,28 August 2024,16:38,Environmental Services,Welding team followed PPE guidelines without violations.,Electrical Bay,Safety Observation,No,N/A
Charlie Fisher,Quinn Foster,21 May 2024,07:57,Engineering,Scaffolders followed confined space entry without violations.,IT Server Room,Safety Observation,No,N/A
Dakota West,Avery Murphy,06 May 2024,13:05,IT,Welding team followed PPE guidelines without violations.,Office - Admin Block,Safety Observation,No,N/A
Rowan Cooper,Sydney Fisher,20 February 2024,23:03,Logistics,Negative: untidy cables was observed but not corrected.,Training Room,Safety Observation,No,N/A
Riley West,Emerson Johnson,28 May 2024,05:14,Training & Development,All forklift was used correctly during painting.,Reception Area,Safety Observation,No,N/A
Finley Sullivan,Charlie Bennett,31 August 2024,17:36,Training & Development,All grinder was used correctly during welding.,Training Room,Safety Observation,No,N/A
Sydney Murray,Elliot Robinson,23 April 2025,05:30,IT,All crane was used correctly during repairing the hull.,Electrical Bay,Safety Observation,No,N/A
Harper Ward,Alex Lewis,24 May 2025,06:31,Health & Safety,All grinder was used correctly during welding.,Dry Dock 1,Safety Observation,No,N/A
Casey Kennedy,Cameron Murphy,20 May 2025,06:01,Health & Safety,All grinder was used correctly during repairing the hull.,Main Gate Security,Safety Observation,No,N/A
Skyler Morgan,Sawyer Parker,03 January 2024,16:25,IT,Scaffolders followed lockout/tagout without violations.,Shipyard Pier,Safety Observation,No,N/A
Rowan Johnson,Cameron Lewis,24 September 2024,10:52,Communications,Negative: missing guardrails was observed but not corrected.,Tool Crib,Safety Observation,No,N/A
Avery West,Reese Lewis,18 February 2025,02:22,Finance,All grinder was used correctly during repairing the hull.,Paint Shop,Safety Observation,No,N/A
Quinn Lee,Riley Sullivan,27 October 2024,15:10,HR,Scaffolders followed lockout/tagout without violations.,Dry Dock 2,Safety Observation,No,N/A
Quinn Smith,Harper Bailey,19 January 2024,20:44,Legal,Welding team followed PPE guidelines without violations.,Warehouse A,Safety Observation,No,N/A
Rowan Murphy,Elliot Graham,27 August 2024,20:32,Security,All forklift was used correctly during painting.,IT Server Room,Safety Observation,No,N/A
Sydney Ward,Jesse Payne,29 May 2024,09:53,Facilities,All forklift was used correctly during welding.,Dockyard North,Safety Observation,No,N/A
Peyton Payne,Alex Kennedy,05 June 2024,17:45,Customer Service,All forklift was used correctly during painting.,Electrical Bay,Safety Observation,No,N/A
Morgan Walker,Riley Bailey,02 October 2024,11:41,Warehouse,Scaffolders followed confined space entry without violations.,Training Room,Safety Observation,No,N/A
Riley Allen,Casey Smith,03 March 2025,12:35,Logistics,Welding team followed lockout/tagout without violations.,Reception Area,Safety Observation,No,N/A
Jordan Smith,Chris Bennett,18 July 2025,19:11,Research & Development,Negative: untidy cables was observed but not corrected.,Dockyard North,Safety Observation,No,N/A
Jamie Payne,Alex Hughes,02 April 2025,10:20,Engineering,Welding team followed confined space entry without violations.,Dry Dock 1,Safety Observation,No,N/A
Blake Cooper,Reese Kennedy,20 November 2024,17:15,IT,Welding team followed confined space entry without violations.,Engineering Workshop,Safety Observation,No,N/A
Cameron Foster,Blake Mitchell,15 July 2025,23:17,Ship Maintenance,All forklift was used correctly during welding.,Paint Shop,Safety Observation,No,N/A
Elliot Morgan,Blake Fisher,25 June 2024,21:18,IT,Scaffolders followed confined space entry without violations.,Maintenance Shed,Safety Observation,No,N/A
Logan Robinson,Chris Brown,15 September 2024,22:49,Dockyard Operations,Paint crew followed lockout/tagout without violations.,Fleet Garage,Safety Observation,No,N/A
Skyler Cooper,Quinn Graham,21 April 2024,22:04,Ship Maintenance,Paint crew followed confined space entry without violations.,Engineering Workshop,Safety Observation,No,N/A
Dakota Reed,Peyton Fisher,09 October 2024,00:32,Communications,Negative: untidy cables was observed but not corrected.,Dockyard South,Safety Observation,No,N/A
Quinn Brown,Cameron Foster,08 February 2024,08:14,HR,Negative: untidy cables was observed but not corrected.,Dry Dock 2,Safety Observation,No,N/A
Charlie Payne,Casey Lewis,31 May 2025,12:31,Facilities,Scaffolders followed PPE guidelines without violations.,Dry Dock 1,Safety Observation,No,N/A
Harper West,Cameron Brown,18 April 2025,00:30,Procurement,All grinder was used correctly during welding.,Dockyard North,Safety Observation,No,N/A
Charlie Bailey,Morgan Mitchell,07 August 2024,04:01,Facilities,Paint crew followed confined space entry without violations.,Shipyard Pier,Safety Observation,No,N/A
Peyton Walker,Blake Lee,17 February 2024,14:08,Environmental Services,All crane was used correctly during repairing the hull.,Fleet Garage,Safety Observation,No,N/A
Quinn Davis,Logan Fisher,18 August 2025,03:22,Engineering,Welding team followed PPE guidelines without violations.,Warehouse B,Safety Observation,No,N/A
Logan Holmes,Drew Walker,16 March 2024,08:31,Customer Service,All grinder was used correctly during welding.,Main Gate Security,Safety Observation,No,N/A
Dakota Parker,Avery Davis,26 May 2025,13:28,Customer Service,Scaffolders followed PPE guidelines without violations.,Tool Crib,Safety Observation,No,N/A
Taylor Bailey,Frankie Payne,15 August 2024,10:01,Security,Paint crew followed PPE guidelines without violations.,Dockyard North,Safety Observation,No,N/A
Kai Mitchell,Blake Brown,16 January 2025,10:36,Procurement,Negative: blocked emergency exit was observed but not corrected.,Main Gate Security,Safety Observation,No,N/A
Chris Davis,Elliot Murray,16 July 2025,23:15,Engineering,Paint crew followed lockout/tagout without violations.,Electrical Bay,Safety Observation,No,N/A
Taylor West,Sydney Johnson,16 April 2025,16:11,Finance,All crane was used correctly during welding.,Fuel Depot,Safety Observation,No,N/A
Reese Lee,Jesse Morgan,04 January 2024,14:35,Research & Development,Negative: untidy cables was observed but not corrected.,Fuel Depot,Safety Observation,No,N/A
Peyton Ward,Jamie Graham,19 June 2025,23:51,IT,Negative: missing guardrails was observed but not corrected.,Paint Shop,Safety Observation,No,N/A
Blake Clark,Taylor Sullivan,04 October 2024,04:29,Research & Development,All forklift was used correctly during repairing the hull.,Office - Admin Block,Safety Observation,No,N/A
Spencer Bennett,Drew Holmes,24 April 2024,19:32,Customer Service,Paint crew followed PPE guidelines without violations.,Office - Admin Block,Safety Observation,No,N/A
Spencer Robinson,Finley Graham,29 October 2024,20:46,Environmental Services,All crane was used correctly during repairing the hull.,Reception Area,Safety Observation,No,N/A
Riley Graham,Kai Parker,26 April 2025,14:45,Procurement,Welding team followed lockout/tagout without violations.,Shipyard Pier,Safety Observation,No,N/A
Spencer Mitchell,Harper Walker,25 February 2025,14:58,Procurement,All grinder was used correctly during repairing the hull.,Office - Admin Block,Safety Observation,No,N/A
Elliot Lee,Cameron Sullivan,08 October 2024,14:32,Dockyard Operations,All crane was used correctly during painting.,Warehouse A,Safety Observation,No,N/A
Peyton Walker,Spencer Allen,11 September 2024,09:49,Dockyard Operations,Welding team followed confined space entry without violations.,Warehouse A,Safety Observation,No,N/A
Kai Graham,Harper Brown,27 March 2025,11:22,HR,All grinder was used correctly during repairing the hull.,IT Server Room,Safety Observation,No,N/A
Harper Smith,Skyler Kennedy,28 November 2024,10:56,Warehouse,Negative: missing guardrails was observed but not corrected.,Dockyard South,Safety Observation,No,N/A
Avery Ward,Elliot Murray,30 May 2024,10:51,Engineering,All forklift was used correctly during welding.,Engineering Workshop,Safety Observation,No,N/A
Alex Pearson,Morgan Morgan,26 September 2024,03:46,Finance,Scaffolders followed PPE guidelines without violations.,Dry Dock 2,Safety Observation,No,N/A
Spencer Reed,Peyton Mitchell,11 April 2024,02:16,Training & Development,All forklift was used correctly during repairing the hull.,Main Gate Security,Safety Observation,No,N/A
Spencer Hughes,Logan Davis,06 October 2024,15:34,Engineering,All crane was used correctly during painting.,Fleet Garage,Safety Observation,No,N/A
Riley Reed,Logan Bennett,12 July 2024,17:44,Customer Service,Scaffolders followed lockout/tagout without violations.,Fuel Depot,Safety Observation,No,N/A
Frankie Robinson,Rowan Lee,02 February 2024,15:56,Operations,Welding team followed confined space entry without violations.,Fleet Garage,Safety Observation,No,N/A
Harper Walker,Emerson Bailey,12 March 2025,14:44,Communications,Negative: untidy cables was observed but not corrected.,Engineering Workshop,Safety Observation,No,N/A
Jordan Robinson,Drew Johnson,11 January 2024,22:03,IT,All crane was used correctly during repairing the hull.,Fleet Garage,Safety Observation,No,N/A
Frankie Smith,Spencer Walker,28 May 2025,23:10,Logistics,Negative: blocked emergency exit was observed but not corrected.,Training Room,Safety Observation,No,N/A
Rowan Walker,Rowan Foster,24 February 2025,06:03,Quality Assurance,Welding team followed PPE guidelines without violations.,Engineering Workshop,Safety Observation,No,N/A
Taylor Bailey,Elliot Kennedy,18 June 2024,20:51,Training & Development,All grinder was used correctly during welding.,Tool Crib,Safety Observation,No,N/A
Chris Morgan,Charlie Sullivan,27 May 2024,21:55,Engineering,Paint crew followed confined space entry without violations.,Fuel Depot,Safety Observation,No,N/A
Charlie Johnson,Blake Morgan,24 May 2025,15:35,Training & Development,Welding team followed lockout/tagout without violations.,Engineering Workshop,Safety Observation,No,N/A
Quinn Bennett,Morgan Walker,04 June 2025,17:06,Environmental Services,Scaffolders followed lockout/tagout without violations.,Electrical Bay,Safety Observation,No,N/A
Rowan Murphy,Cameron Pearson,05 April 2024,23:42,Finance,All forklift was used correctly during painting.,Main Gate Security,Safety Observation,No,N/A
Avery Parker,Logan Kennedy,08 April 2025,19:18,Customer Service,All forklift was used correctly during painting.,IT Server Room,Safety Observation,No,N/A
Sawyer Allen,Jamie Murray,06 December 2024,11:07,Communications,Negative: untidy cables was observed but not corrected.,Training Room,Safety Observation,No,N/A
Riley Sullivan,Frankie Pearson,23 June 2024,20:33,Dockyard Operations,Welding team followed PPE guidelines without violations.,Training Room,Safety Observation,No,N/A
Riley Pearson,Charlie Ward,09 November 2024,22:51,Training & Development,Negative: untidy cables was observed but not corrected.,Tool Crib,Safety Observation,No,N/A
Kai Pearson,Frankie Payne,22 October 2024,05:23,Finance,Welding team followed PPE guidelines without violations.,Cafeteria,Safety Observation,No,N/A
Charlie Walker,Jamie Smith,27 April 2025,13:04,Health & Safety,Negative: blocked emergency exit was observed but not corrected.,Reception Area,Safety Observation,No,N/A
Kai Kennedy,Finley Murray,26 May 2024,23:54,Operations,Welding team followed PPE guidelines without violations.,Dockyard South,Safety Observation,No,N/A
Jordan Bailey,Avery Parker,04 August 2024,21:19,Security,Welding team followed confined space entry without violations.,Warehouse B,Safety Observation,No,N/A
Peyton Payne,Harper Mitchell,20 October 2024,08:07,Customer Service,All forklift was used correctly during repairing the hull.,Dry Dock 2,Safety Observation,No,N/A
Quinn Graham,Jamie Holmes,26 September 2024,09:00,Security,Scaffolders followed confined space entry without violations.,Main Gate Security,Safety Observation,No,N/A
Quinn Walker,Taylor Robinson,18 June 2025,14:08,Fleet Management,Negative: blocked emergency exit was observed but not corrected.,Fleet Garage,Safety Observation,No,N/A
Rowan Johnson,Frankie Clark,30 July 2024,14:05,Communications,All crane was used correctly during repairing the hull.,Engineering Workshop,Safety Observation,No,N/A
Morgan Kennedy,Avery Smith,06 March 2025,02:24,Engineering,Scaffolders followed confined space entry without violations.,Tool Crib,Safety Observation,No,N/A
Jordan Pearson,Cameron Lewis,24 December 2024,20:25,Engineering,All grinder was used correctly during painting.,Tool Crib,Safety Observation,No,N/A
Spencer Allen,Logan Lee,27 February 2024,05:09,Logistics,All crane was used correctly during painting.,Warehouse A,Safety Observation,No,N/A
Casey Bennett,Elliot Robinson,07 October 2024,13:16,Health & Safety,Welding team followed PPE guidelines without violations.,Main Gate Security,Safety Observation,No,N/A
Taylor Graham,Avery Smith,09 May 2024,08:01,Facilities,Negative: missing guardrails was observed but not corrected.,Tool Crib,Safety Observation,No,N/A
Sawyer Mitchell,Dakota Fisher,15 April 2024,00:05,Warehouse,Paint crew followed lockout/tagout without violations.,Engineering Workshop,Safety Observation,No,N/A
Logan Walker,Jordan Hughes,24 November 2024,03:57,Procurement,Scaffolders followed confined space entry without violations.,Fuel Depot,Safety Observation,No,N/A
Finley Lee,Peyton Graham,23 May 2024,06:09,Facilities,Negative: missing guardrails was observed but not corrected.,Main Gate Security,Safety Observation,No,N/A
Elliot Bennett,Spencer Sullivan,17 October 2024,09:57,Operations,Negative: untidy cables was observed but not corrected.,Dry Dock 1,Safety Observation,No,N/A
Kai Kennedy,Jordan Davis,28 May 2025,15:11,Security,Paint crew followed lockout/tagout without violations.,Fuel Depot,Safety Observation,No,N/A
Reese Fisher,Riley Bailey,06 August 2024,07:19,Training & Development,All forklift was used correctly during welding.,Dockyard South,Safety Observation,No,N/A
Taylor West,Blake Kennedy,02 July 2025,09:08,IT,Negative: blocked emergency exit was observed but not corrected.,Warehouse B,Safety Observation,No,N/A
Peyton Pearson,Casey Foster,21 February 2024,14:11,Finance,All forklift was used correctly during painting.,Tool Crib,Safety Observation,No,N/A
Frankie Kennedy,Logan Parker,18 August 2024,03:04,Procurement,Negative: missing guardrails was observed but not corrected.,Cafeteria,Safety Observation,No,N/A
Sydney Lee,Morgan Murray,01 April 2025,05:24,Environmental Services,Paint crew followed PPE guidelines without violations.,Fuel Depot,Safety Observation,No,N/A
Harper Bennett,Jesse Payne,24 December 2024,07:44,Dockyard Operations,Negative: blocked emergency exit was observed but not corrected.,Electrical Bay,Safety Observation,No,N/A
Elliot Walker,Kai Hughes,17 January 2025,17:50,Ship Maintenance,Negative: missing guardrails was observed but not corrected.,Electrical Bay,Safety Observation,No,N/A
Finley Bennett,Riley Murray,19 September 2024,16:33,Engineering,All grinder was used correctly during welding.,IT Server Room,Safety Observation,No,N/A
Jesse Foster,Rowan Davis,08 August 2025,18:32,Training & Development,All crane was used correctly during painting.,Engineering Workshop,Safety Observation,No,N/A
Frankie Cooper,Elliot Davis,30 June 2024,01:50,IT,Welding team followed lockout/tagout without violations.,Dockyard South,Safety Observation,No,N/A
Elliot Johnson,Reese Hughes,30 August 2024,15:13,Operations,Negative: missing guardrails was observed but not corrected.,Cafeteria,Safety Observation,No,N/A
Harper Payne,Jamie Ward,12 August 2024,23:10,Operations,Negative: blocked emergency exit was observed but not corrected.,Paint Shop,Safety Observation,No,N/A
Taylor Reed,Peyton Fisher,22 June 2024,01:42,Customer Service,All crane was used correctly during welding.,Engineering Workshop,Safety Observation,No,N/A
Cameron Mitchell,Blake Murphy,18 May 2025,00:59,Research & Development,Scaffolders followed lockout/tagout without violations.,Cafeteria,Safety Observation,No,N/A
Jordan Brown,Finley Murray,23 February 2024,05:38,IT,Negative: missing guardrails was observed but not corrected.,Dockyard North,Safety Observation,No,N/A
Taylor Fisher,Blake Cooper,10 April 2025,01:21,Finance,Scaffolders followed lockout/tagout without violations.,Warehouse A,Safety Observation,No,N/A
Morgan Davis,Logan Morgan,07 July 2024,21:13,Procurement,Welding team followed lockout/tagout without violations.,Maintenance Shed,Safety Observation,No,N/A
Logan Pearson,Blake Walker,01 March 2025,00:15,Procurement,Welding team followed PPE guidelines without violations.,Fuel Depot,Safety Observation,No,N/A
Finley Clark,Elliot Robinson,13 August 2024,23:35,Training & Development,All forklift was used correctly during welding.,Warehouse B,Safety Observation,No,N/A
Emerson Allen,Emerson West,17 August 2024,07:05,Fleet Management,Negative: untidy cables was observed but not corrected.,Dockyard North,Safety Observation,No,N/A
Jordan Parker,Frankie Davis,10 September 2024,21:58,Warehouse,Paint crew followed confined space entry without violations.,Cafeteria,Safety Observation,No,N/A
Blake Ward,Finley Bailey,26 November 2024,10:45,Procurement,Scaffolders followed lockout/tagout without violations.,Shipyard Pier,Safety Observation,No,N/A
Elliot Walker,Peyton Payne,15 August 2025,22:03,Fleet Management,Scaffolders followed confined space entry without violations.,Tool Crib,Safety Observation,No,N/A
Kai Morgan,Sydney Foster,15 August 2024,22:21,Procurement,Negative: missing guardrails was observed but not corrected.,Paint Shop,Safety Observation,No,N/A
Jamie Pearson,Riley West,20 March 2024,08:32,Operations,Negative: missing guardrails was observed but not corrected.,Fleet Garage,Safety Observation,No,N/A
Kai Walker,Emerson Fisher,25 June 2024,10:55,Communications,All forklift was used correctly during repairing the hull.,Main Gate Security,Safety Observation,No,N/A
Quinn Brown,Chris Murray,19 February 2025,20:02,Engineering,All grinder was used correctly during welding.,Shipyard Pier,Safety Observation,No,N/A
Emerson Lee,Casey Bennett,12 October 2024,09:06,Communications,Negative: missing guardrails was observed but not corrected.,Warehouse A,Safety Observation,No,N/A
Jesse Brown,Rowan Allen,03 April 2025,05:33,Quality Assurance,All forklift was used correctly during repairing the hull.,Reception Area,Safety Observation,No,N/A
Finley Foster,Frankie Pearson,29 March 2024,22:37,Fleet Management,All crane was used correctly during welding.,IT Server Room,Safety Observation,No,N/A
Morgan Clark,Peyton Cooper,27 July 2024,10:19,Facilities,Paint crew followed PPE guidelines without violations.,Engineering Workshop,Safety Observation,No,N/A
Sydney Fisher,Frankie Holmes,03 January 2025,18:22,Finance,All crane was used correctly during painting.,Training Room,Safety Observation,No,N/A
Sawyer Allen,Chris Lewis,24 August 2024,22:50,Ship Maintenance,Welding team followed confined space entry without violations.,Engineering Workshop,Safety Observation,No,N/A
Kai Kennedy,Kai Holmes,24 February 2025,18:42,Dockyard Operations,All crane was used correctly during welding.,Main Gate Security,Safety Observation,No,N/A
Sawyer Lee,Cameron Graham,19 November 2024,13:05,Legal,All grinder was used correctly during painting.,Warehouse A,Safety Observation,No,N/A
Alex Bailey,Drew Sullivan,27 July 2024,18:17,Finance,All crane was used correctly during repairing the hull.,Electrical Bay,Safety Observation,No,N/A
Reese Hughes,Elliot Robinson,09 July 2024,17:50,HR,Scaffolders followed confined space entry without violations.,Electrical Bay,Safety Observation,No,N/A
Emerson Mitchell,Casey Parker,05 July 2024,07:59,Customer Service,Paint crew followed lockout/tagout without violations.,IT Server Room,Safety Observation,No,N/A
Skyler Hughes,Peyton Fisher,21 August 2025,22:56,Logistics,Negative: missing guardrails was observed but not corrected.,IT Server Room,Safety Observation,No,N/A
Jordan Davis,Cameron Pearson,11 April 2025,04:02,Engineering,All crane was used correctly during repairing the hull.,Main Gate Security,Safety Observation,No,N/A
Harper Reed,Reese Parker,21 January 2025,11:18,HR,All crane was used correctly during repairing the hull.,IT Server Room,Safety Observation,No,N/A
Blake Brown,Logan Sullivan,23 March 2025,17:14,Fleet Management,All grinder was used correctly during repairing the hull.,Warehouse B,Safety Observation,No,N/A
Avery Kennedy,Rowan Morgan,15 June 2025,13:38,Warehouse,Negative: blocked emergency exit was observed but not corrected.,Electrical Bay,Safety Observation,No,N/A
Taylor Reed,Blake Bailey,13 August 2025,15:22,Finance,All forklift was used correctly during painting.,Dry Dock 1,Safety Observation,No,N/A
Emerson Smith,Reese Smith,16 May 2025,12:59,Quality Assurance,Welding team followed PPE guidelines without violations.,Fleet Garage,Safety Observation,No,N/A
Charlie Morgan,Drew Walker,20 August 2025,10:51,Logistics,Welding team followed confined space entry without violations.,Tool Crib,Safety Observation,No,N/A
Riley Sullivan,Morgan Ward,27 March 2024,12:43,Legal,All forklift was used correctly during repairing the hull.,Maintenance Shed,Safety Observation,No,N/A
Riley West,Sydney Fisher,10 August 2025,01:40,Customer Service,Scaffolders followed PPE guidelines without violations.,Warehouse B,Safety Observation,No,N/A
Drew Mitchell,Casey Brown,18 July 2025,21:22,Facilities,All grinder was used correctly during welding.,Maintenance Shed,Safety Observation,No,N/A
Quinn Sullivan,Taylor Payne,31 August 2024,14:47,HR,Negative: blocked emergency exit was observed but not corrected.,Shipyard Pier,Safety Observation,No,N/A
Elliot Sullivan,Logan Kennedy,08 November 2024,18:50,Fleet Management,All forklift was used correctly during painting.,Shipyard Pier,Safety Observation,No,N/A
Blake Allen,Finley Brown,13 May 2024,17:30,IT,All grinder was used correctly during welding.,Office - Admin Block,Safety Observation,No,N/A
Rowan Lewis,Cameron Clark,12 October 2024,13:36,Operations,All forklift was used correctly during repairing the hull.,IT Server Room,Safety Observation,No,N/A
Sawyer Clark,Sawyer West,06 January 2024,02:54,Finance,All grinder was used correctly during welding.,Fuel Depot,Safety Observation,No,N/A
Blake Lee,Blake Murphy,19 March 2025,13:41,Engineering,Paint crew followed PPE guidelines without violations.,Dockyard North,Safety Observation,No,N/A
Logan Walker,Dakota Brown,11 January 2025,11:14,Facilities,All forklift was used correctly during repairing the hull.,Paint Shop,Safety Observation,No,N/A
Sydney West,Jordan Lee,15 June 2025,18:58,Legal,Welding team followed lockout/tagout without violations.,Warehouse B,Safety Observation,No,N/A
Elliot Walker,Morgan Walker,08 May 2024,18:06,Logistics,Paint crew followed lockout/tagout without violations.,Paint Shop,Safety Observation,No,N/A
Jesse Lewis,Morgan Morgan,07 February 2024,09:06,Security,All crane was used correctly during painting.,Reception Area,Safety Observation,No,N/A
Jesse Robinson,Jamie Cooper,12 April 2025,22:51,Engineering,Paint crew followed PPE guidelines without violations.,Main Gate Security,Safety Observation,No,N/A
Rowan Walker,Jesse Fisher,10 May 2025,20:37,Dockyard Operations,All forklift was used correctly during repairing the hull.,IT Server Room,Safety Observation,No,N/A
Taylor Graham,Jordan Graham,21 July 2025,17:12,Operations,Negative: missing guardrails was observed but not corrected.,Fleet Garage,Safety Observation,No,N/A
Morgan Fisher,Chris Ward,29 December 2024,19:32,Environmental Services,Welding team followed confined space entry without violations.,Cafeteria,Safety Observation,No,N/A
Reese Davis,Morgan Clark,07 May 2024,11:58,Dockyard Operations,Welding team followed PPE guidelines without violations.,Electrical Bay,Safety Observation,No,N/A
Logan Walker,Morgan Sullivan,26 July 2024,07:10,Dockyard Operations,Negative: untidy cables was observed but not corrected.,Fleet Garage,Safety Observation,No,N/A
Jordan Ward,Cameron Walker,14 August 2024,16:54,Environmental Services,Paint crew followed lockout/tagout without violations.,Fuel Depot,Safety Observation,No,N/A
Skyler Murray,Skyler Mitchell,09 May 2025,08:32,Finance,All crane was used correctly during painting.,Office - Admin Block,Safety Observation,No,N/A
Avery Brown,Harper Bailey,08 January 2025,06:21,Quality Assurance,Paint crew followed lockout/tagout without violations.,Fleet Garage,Safety Observation,No,N/A
Logan Bailey,Charlie Foster,27 September 2024,20:48,Legal,Negative: blocked emergency exit was observed but not corrected.,Dry Dock 2,Safety Observation,No,N/A
Quinn Bailey,Elliot Robinson,02 July 2025,14:40,Procurement,All forklift was used correctly during painting.,Engineering Workshop,Safety Observation,No,N/A
Blake Clark,Drew Davis,16 December 2024,12:37,Customer Service,All forklift was used correctly during painting.,Maintenance Shed,Safety Observation,No,N/A
Frankie Morgan,Logan Graham,15 June 2025,08:30,Fleet Management,All forklift was used correctly during welding.,Main Gate Security,Safety Observation,No,N/A
Elliot Clark,Charlie Brown,10 April 2024,07:36,HR,All forklift was used correctly during repairing the hull.,Reception Area,Safety Observation,No,N/A
Peyton Bailey,Cameron Robinson,03 May 2024,12:18,Communications,Negative: untidy cables was observed but not corrected.,IT Server Room,Safety Observation,No,N/A
Blake Robinson,Alex Cooper,29 March 2024,02:23,Legal,Paint crew followed lockout/tagout without violations.,Tool Crib,Safety Observation,No,N/A
Casey Murray,Cameron Kennedy,08 December 2024,10:48,Facilities,Scaffolders followed PPE guidelines without violations.,Fuel Depot,Safety Observation,No,N/A
Peyton Davis,Avery Sullivan,06 May 2024,10:26,Fleet Management,All forklift was used correctly during welding.,Fuel Depot,Safety Observation,No,N/A
Jordan Bailey,Cameron Graham,01 October 2024,19:56,Finance,Paint crew followed lockout/tagout without violations.,Dry Dock 1,Safety Observation,No,N/A
Jesse Smith,Riley Hughes,12 January 2024,15:07,Research & Development,Negative: blocked emergency exit was observed but not corrected.,Tool Crib,Safety Observation,No,N/A
Skyler Ward,Taylor Lewis,09 September 2024,00:27,Warehouse,All forklift was used correctly during painting.,Dry Dock 2,Safety Observation,No,N/A
Kai Lewis,Taylor Fisher,17 September 2024,17:06,HR,All grinder was used correctly during welding.,Paint Shop,Safety Observation,No,N/A
Peyton Smith,Jordan Smith,05 March 2024,05:18,Ship Maintenance,Paint crew followed PPE guidelines without violations.,Training Room,Safety Observation,No,N/A
Emerson Walker,Jamie Bailey,19 December 2024,08:28,HR,All grinder was used correctly during repairing the hull.,Dry Dock 1,Safety Observation,No,N/A
Casey Payne,Sawyer Smith,08 March 2025,17:01,HR,Scaffolders followed lockout/tagout without violations.,Warehouse A,Safety Observation,No,N/A
Rowan Sullivan,Jesse Walker,31 March 2025,17:55,Warehouse,Negative: missing guardrails was observed but not corrected.,Dockyard North,Safety Observation,No,N/A
Quinn Lee,Alex West,26 April 2025,19:26,Customer Service,Paint crew followed PPE guidelines without violations.,Tool Crib,Safety Observation,No,N/A
Dakota Bailey,Avery Walker,20 July 2024,06:30,Health & Safety,All grinder was used correctly during painting.,Warehouse B,Safety Observation,No,N/A
Harper Fisher,Reese Holmes,05 May 2025,01:09,Dockyard Operations,Negative: untidy cables was observed but not corrected.,Warehouse B,Safety Observation,No,N/A
Riley Walker,Jesse Foster,29 November 2024,18:55,Health & Safety,Scaffolders followed PPE guidelines without violations.,Warehouse A,Safety Observation,No,N/A
Jesse Payne,Rowan West,21 March 2025,17:45,Operations,Welding team followed PPE guidelines without violations.,Shipyard Pier,Safety Observation,No,N/A
Kai Graham,Jordan Morgan,08 April 2025,10:56,Research & Development,Negative: untidy cables was observed but not corrected.,Training Room,Safety Observation,No,N/A
Quinn Mitchell,Rowan Graham,22 July 2025,02:50,Security,All grinder was used correctly during repairing the hull.,Reception Area,Safety Observation,No,N/A
Rowan Allen,Skyler Brown,26 April 2025,15:08,Ship Maintenance,Negative: missing guardrails was observed but not corrected.,Fleet Garage,Safety Observation,No,N/A
Charlie Bennett,Sydney Ward,19 January 2025,13:53,Operations,All grinder was used correctly during repairing the hull.,Dockyard North,Safety Observation,No,N/A
Alex Murphy,Spencer West,28 April 2025,16:16,Warehouse,Negative: missing guardrails was observed but not corrected.,Maintenance Shed,Safety Observation,No,N/A
Harper West,Skyler Cooper,26 January 2025,13:23,Health & Safety,Scaffolders followed lockout/tagout without violations.,Fleet Garage,Safety Observation,No,N/A
Finley Bennett,Charlie Bailey,18 December 2024,07:09,Logistics,All forklift was used correctly during painting.,Office - Admin Block,Safety Observation,No,N/A
Morgan Davis,Avery Graham,27 May 2025,14:02,Dockyard Operations,Negative: blocked emergency exit was observed but not corrected.,Engineering Workshop,Safety Observation,No,N/A
Finley Ward,Drew Walker,17 February 2025,21:43,HR,Negative: untidy cables was observed but not corrected.,Warehouse B,Safety Observation,No,N/A
Chris Allen,Alex Pearson,15 September 2024,05:29,Training & Development,Scaffolders followed confined space entry without violations.,Electrical Bay,Safety Observation,No,N/A
Jamie Fisher,Elliot Ward,12 April 2024,18:04,Dockyard Operations,Scaffolders followed confined space entry without violations.,Dry Dock 1,Safety Observation,No,N/A
Reese Sullivan,Finley Smith,05 June 2025,06:15,Facilities,All crane was used correctly during welding.,Paint Shop,Safety Observation,No,N/A
Casey Foster,Drew Bennett,28 April 2025,02:21,Quality Assurance,Welding team followed confined space entry without violations.,IT Server Room,Safety Observation,No,N/A
Logan Sullivan,Skyler Mitchell,31 May 2025,06:36,Operations,All forklift was used correctly during painting.,Cafeteria,Safety Observation,No,N/A
Alex Davis,Jordan Kennedy,12 March 2025,16:33,Finance,All grinder was used correctly during welding.,Warehouse A,Safety Observation,No,N/A
Frankie Brown,Rowan Lee,25 October 2024,06:42,Engineering,Negative: missing guardrails was observed but not corrected.,Fleet Garage,Safety Observation,No,N/A
Reese Graham,Harper Sullivan,24 May 2025,08:53,Research & Development,Negative: blocked emergency exit was observed but not corrected.,Paint Shop,Safety Observation,No,N/A
Rowan Fisher,Frankie Murphy,06 September 2024,01:06,HR,Welding team followed lockout/tagout without violations.,Main Gate Security,Safety Observation,No,N/A
Jamie Bennett,Drew Brown,11 June 2024,03:59,Security,Welding team followed confined space entry without violations.,Maintenance Shed,Safety Observation,No,N/A
Jesse Parker,Alex Bailey,15 June 2025,20:55,HR,All crane was used correctly during repairing the hull.,Reception Area,Safety Observation,No,N/A
Elliot Morgan,Casey Foster,17 July 2025,21:13,Dockyard Operations,Scaffolders followed lockout/tagout without violations.,Electrical Bay,Safety Observation,No,N/A
Charlie West,Riley Payne,26 September 2024,09:24,Security,All forklift was used correctly during painting.,Reception Area,Safety Observation,No,N/A
Harper Mitchell,Chris Payne,21 July 2025,14:11,HR,Welding team followed lockout/tagout without violations.,Warehouse B,Safety Observation,No,N/A
Emerson Davis,Riley Mitchell,14 November 2024,19:10,Security,All crane was used correctly during repairing the hull.,Dockyard South,Safety Observation,No,N/A
Drew Reed,Spencer Foster,03 January 2025,21:22,Customer Service,All forklift was used correctly during repairing the hull.,Main Gate Security,Safety Observation,No,N/A
Reese Ward,Casey Robinson,18 May 2024,06:20,Procurement,All forklift was used correctly during repairing the hull.,Warehouse B,Safety Observation,No,N/A
Reese Reed,Jordan Holmes,09 February 2024,16:51,Operations,Negative: blocked emergency exit was observed but not corrected.,Warehouse B,Safety Observation,No,N/A
Jordan Johnson,Jesse Holmes,23 September 2024,13:10,Procurement,All crane was used correctly during repairing the hull.,Dry Dock 1,Safety Observation,No,N/A
Blake Ward,Kai Walker,07 May 2025,08:40,Training & Development,All grinder was used correctly during welding.,Warehouse B,Safety Observation,No,N/A
Sydney Mitchell,Frankie Murray,06 August 2025,11:17,IT,All crane was used correctly during welding.,Maintenance Shed,Safety Observation,No,N/A
Avery Foster,Finley Hughes,30 May 2024,09:58,Dockyard Operations,All crane was used correctly during welding.,Main Gate Security,Safety Observation,No,N/A
Jesse Brown,Reese Payne,12 June 2024,10:05,Warehouse,All crane was used correctly during welding.,Warehouse B,Safety Observation,No,N/A
Reese Pearson,Frankie Hughes,05 January 2024,09:38,Ship Maintenance,All crane was used correctly during repairing the hull.,Warehouse A,Safety Observation,No,N/A
Blake Lewis,Alex Holmes,27 July 2025,07:55,Research & Development,Negative: missing guardrails was observed but not corrected.,Dockyard South,Safety Observation,No,N/A
Frankie Murphy,Frankie Fisher,22 May 2025,05:59,Legal,All forklift was used correctly during painting.,Training Room,Safety Observation,No,N/A
Sydney Foster,Harper West,26 May 2024,08:05,Training & Development,Welding team followed confined space entry without violations.,Paint Shop,Safety Observation,No,N/A
Kai Murray,Cameron Morgan,10 October 2024,22:01,Procurement,Negative: untidy cables was observed but not corrected.,Dry Dock 1,Safety Observation,No,N/A
Sawyer Smith,Frankie Murphy,20 April 2025,07:02,Warehouse,Welding team followed lockout/tagout without violations.,Paint Shop,Safety Observation,No,N/A
Spencer Lee,Emerson Bennett,18 November 2024,22:12,Research & Development,All forklift was used correctly during repairing the hull.,Cafeteria,Safety Observation,No,N/A
Skyler Graham,Sawyer Bennett,14 April 2024,17:50,Training & Development,All grinder was used correctly during welding.,Main Gate Security,Safety Observation,No,N/A
Kai Davis,Casey Allen,10 October 2024,11:07,Legal,Scaffolders followed confined space entry without violations.,Paint Shop,Safety Observation,No,N/A
